sample	platform	fq1	fq2
SH01032	ILLUMINA	data/SH01032.R1.fq.gz	data/SH01032.R2.fq.gz
SH01033	ILLUMINA	data/SH01033.R1.fq.gz	data/SH01033.R2.fq.gz
SH01034	ILLUMINA	data/SH01034.R1.fq.gz	data/SH01034.R2.fq.gz
SH01035	ILLUMINA	data/SH01035.R1.fq.gz	data/SH01035.R2.fq.gz
SH01036	ILLUMINA	data/SH01036.R1.fq.gz	data/SH01036.R2.fq.gz
SH01037	ILLUMINA	data/SH01037.R1.fq.gz	data/SH01037.R2.fq.gz
SH01038	ILLUMINA	data/SH01038.R1.fq.gz	data/SH01038.R2.fq.gz
SH01039	ILLUMINA	data/SH01039.R1.fq.gz	data/SH01039.R2.fq.gz
SH01040	ILLUMINA	data/SH01040.R1.fq.gz	data/SH01040.R2.fq.gz
SH01041	ILLUMINA	data/SH01041.R1.fq.gz	data/SH01041.R2.fq.gz
SH01042	ILLUMINA	data/SH01042.R1.fq.gz	data/SH01042.R2.fq.gz
SH01043	ILLUMINA	data/SH01043.R1.fq.gz	data/SH01043.R2.fq.gz
SH01044	ILLUMINA	data/SH01044.R1.fq.gz	data/SH01044.R2.fq.gz
SH01045	ILLUMINA	data/SH01045.R1.fq.gz	data/SH01045.R2.fq.gz
SH01046	ILLUMINA	data/SH01046.R1.fq.gz	data/SH01046.R2.fq.gz
SH01047	ILLUMINA	data/SH01047.R1.fq.gz	data/SH01047.R2.fq.gz
SH01048	ILLUMINA	data/SH01048.R1.fq.gz	data/SH01048.R2.fq.gz
SH01049	ILLUMINA	data/SH01049.R1.fq.gz	data/SH01049.R2.fq.gz
SH01050	ILLUMINA	data/SH01050.R1.fq.gz	data/SH01050.R2.fq.gz
SH01052	ILLUMINA	data/SH01052.R1.fq.gz	data/SH01052.R2.fq.gz
SH01053	ILLUMINA	data/SH01053.R1.fq.gz	data/SH01053.R2.fq.gz
SH01054	ILLUMINA	data/SH01054.R1.fq.gz	data/SH01054.R2.fq.gz
SH01056	ILLUMINA	data/SH01056.R1.fq.gz	data/SH01056.R2.fq.gz
SH01057	ILLUMINA	data/SH01057.R1.fq.gz	data/SH01057.R2.fq.gz
SH01058	ILLUMINA	data/SH01058.R1.fq.gz	data/SH01058.R2.fq.gz
SH01059	ILLUMINA	data/SH01059.R1.fq.gz	data/SH01059.R2.fq.gz
SH01060	ILLUMINA	data/SH01060.R1.fq.gz	data/SH01060.R2.fq.gz
SH01061	ILLUMINA	data/SH01061.R1.fq.gz	data/SH01061.R2.fq.gz
SH01062	ILLUMINA	data/SH01062.R1.fq.gz	data/SH01062.R2.fq.gz
SH01063	ILLUMINA	data/SH01063.R1.fq.gz	data/SH01063.R2.fq.gz
SH01064	ILLUMINA	data/SH01064.R1.fq.gz	data/SH01064.R2.fq.gz
SH01065	ILLUMINA	data/SH01065.R1.fq.gz	data/SH01065.R2.fq.gz
SH01067	ILLUMINA	data/SH01067.R1.fq.gz	data/SH01067.R2.fq.gz
SH01068	ILLUMINA	data/SH01068.R1.fq.gz	data/SH01068.R2.fq.gz
SH01069	ILLUMINA	data/SH01069.R1.fq.gz	data/SH01069.R2.fq.gz
SH01070	ILLUMINA	data/SH01070.R1.fq.gz	data/SH01070.R2.fq.gz
SH01071	ILLUMINA	data/SH01071.R1.fq.gz	data/SH01071.R2.fq.gz
SH01072	ILLUMINA	data/SH01072.R1.fq.gz	data/SH01072.R2.fq.gz
SH01073	ILLUMINA	data/SH01073.R1.fq.gz	data/SH01073.R2.fq.gz
SH01074	ILLUMINA	data/SH01074.R1.fq.gz	data/SH01074.R2.fq.gz
SH01075	ILLUMINA	data/SH01075.R1.fq.gz	data/SH01075.R2.fq.gz
SH01076	ILLUMINA	data/SH01076.R1.fq.gz	data/SH01076.R2.fq.gz
SH01077	ILLUMINA	data/SH01077.R1.fq.gz	data/SH01077.R2.fq.gz
SH01078	ILLUMINA	data/SH01078.R1.fq.gz	data/SH01078.R2.fq.gz
SH01079	ILLUMINA	data/SH01079.R1.fq.gz	data/SH01079.R2.fq.gz
SH01080	ILLUMINA	data/SH01080.R1.fq.gz	data/SH01080.R2.fq.gz
SH01081	ILLUMINA	data/SH01081.R1.fq.gz	data/SH01081.R2.fq.gz
SH01082	ILLUMINA	data/SH01082.R1.fq.gz	data/SH01082.R2.fq.gz
SH01083	ILLUMINA	data/SH01083.R1.fq.gz	data/SH01083.R2.fq.gz
SH01084	ILLUMINA	data/SH01084.R1.fq.gz	data/SH01084.R2.fq.gz
SH01085	ILLUMINA	data/SH01085.R1.fq.gz	data/SH01085.R2.fq.gz
SH01086	ILLUMINA	data/SH01086.R1.fq.gz	data/SH01086.R2.fq.gz
SH01087	ILLUMINA	data/SH01087.R1.fq.gz	data/SH01087.R2.fq.gz
SH01088	ILLUMINA	data/SH01088.R1.fq.gz	data/SH01088.R2.fq.gz
SH01089	ILLUMINA	data/SH01089.R1.fq.gz	data/SH01089.R2.fq.gz
SH01090	ILLUMINA	data/SH01090.R1.fq.gz	data/SH01090.R2.fq.gz
SH01091	ILLUMINA	data/SH01091.R1.fq.gz	data/SH01091.R2.fq.gz
SH01092	ILLUMINA	data/SH01092.R1.fq.gz	data/SH01092.R2.fq.gz
SH01093	ILLUMINA	data/SH01093.R1.fq.gz	data/SH01093.R2.fq.gz
SH01094	ILLUMINA	data/SH01094.R1.fq.gz	data/SH01094.R2.fq.gz
SH01095	ILLUMINA	data/SH01095.R1.fq.gz	data/SH01095.R2.fq.gz
SH01096	ILLUMINA	data/SH01096.R1.fq.gz	data/SH01096.R2.fq.gz
SH01097	ILLUMINA	data/SH01097.R1.fq.gz	data/SH01097.R2.fq.gz
SH01098	ILLUMINA	data/SH01098.R1.fq.gz	data/SH01098.R2.fq.gz
SH01099	ILLUMINA	data/SH01099.R1.fq.gz	data/SH01099.R2.fq.gz
SH01100	ILLUMINA	data/SH01100.R1.fq.gz	data/SH01100.R2.fq.gz
SH01101	ILLUMINA	data/SH01101.R1.fq.gz	data/SH01101.R2.fq.gz
SH01102	ILLUMINA	data/SH01102.R1.fq.gz	data/SH01102.R2.fq.gz
SH01103	ILLUMINA	data/SH01103.R1.fq.gz	data/SH01103.R2.fq.gz
SH01104	ILLUMINA	data/SH01104.R1.fq.gz	data/SH01104.R2.fq.gz
SH01105	ILLUMINA	data/SH01105.R1.fq.gz	data/SH01105.R2.fq.gz
SH01106	ILLUMINA	data/SH01106.R1.fq.gz	data/SH01106.R2.fq.gz
SH01107	ILLUMINA	data/SH01107.R1.fq.gz	data/SH01107.R2.fq.gz
SH01108	ILLUMINA	data/SH01108.R1.fq.gz	data/SH01108.R2.fq.gz
SH01109	ILLUMINA	data/SH01109.R1.fq.gz	data/SH01109.R2.fq.gz
SH01110	ILLUMINA	data/SH01110.R1.fq.gz	data/SH01110.R2.fq.gz
SH01111	ILLUMINA	data/SH01111.R1.fq.gz	data/SH01111.R2.fq.gz
SH01112	ILLUMINA	data/SH01112.R1.fq.gz	data/SH01112.R2.fq.gz
SH01113	ILLUMINA	data/SH01113.R1.fq.gz	data/SH01113.R2.fq.gz
SH01114	ILLUMINA	data/SH01114.R1.fq.gz	data/SH01114.R2.fq.gz
SH01115	ILLUMINA	data/SH01115.R1.fq.gz	data/SH01115.R2.fq.gz
SH01116	ILLUMINA	data/SH01116.R1.fq.gz	data/SH01116.R2.fq.gz
SH01117	ILLUMINA	data/SH01117.R1.fq.gz	data/SH01117.R2.fq.gz
SH01118	ILLUMINA	data/SH01118.R1.fq.gz	data/SH01118.R2.fq.gz
SH01119	ILLUMINA	data/SH01119.R1.fq.gz	data/SH01119.R2.fq.gz
SH01120	ILLUMINA	data/SH01120.R1.fq.gz	data/SH01120.R2.fq.gz
SH01121	ILLUMINA	data/SH01121.R1.fq.gz	data/SH01121.R2.fq.gz
SH01122	ILLUMINA	data/SH01122.R1.fq.gz	data/SH01122.R2.fq.gz
SH01123	ILLUMINA	data/SH01123.R1.fq.gz	data/SH01123.R2.fq.gz
SH01124	ILLUMINA	data/SH01124.R1.fq.gz	data/SH01124.R2.fq.gz
SH01125	ILLUMINA	data/SH01125.R1.fq.gz	data/SH01125.R2.fq.gz
SH01126	ILLUMINA	data/SH01126.R1.fq.gz	data/SH01126.R2.fq.gz
SH01127	ILLUMINA	data/SH01127.R1.fq.gz	data/SH01127.R2.fq.gz
SH01128	ILLUMINA	data/SH01128.R1.fq.gz	data/SH01128.R2.fq.gz
SH01129	ILLUMINA	data/SH01129.R1.fq.gz	data/SH01129.R2.fq.gz
SH01130	ILLUMINA	data/SH01130.R1.fq.gz	data/SH01130.R2.fq.gz
SH01131	ILLUMINA	data/SH01131.R1.fq.gz	data/SH01131.R2.fq.gz
SH01132	ILLUMINA	data/SH01132.R1.fq.gz	data/SH01132.R2.fq.gz
SH01133	ILLUMINA	data/SH01133.R1.fq.gz	data/SH01133.R2.fq.gz
SH01134	ILLUMINA	data/SH01134.R1.fq.gz	data/SH01134.R2.fq.gz
SH01135	ILLUMINA	data/SH01135.R1.fq.gz	data/SH01135.R2.fq.gz
SH01136	ILLUMINA	data/SH01136.R1.fq.gz	data/SH01136.R2.fq.gz
SH01137	ILLUMINA	data/SH01137.R1.fq.gz	data/SH01137.R2.fq.gz
SH01138	ILLUMINA	data/SH01138.R1.fq.gz	data/SH01138.R2.fq.gz
SH01139	ILLUMINA	data/SH01139.R1.fq.gz	data/SH01139.R2.fq.gz
SH01140	ILLUMINA	data/SH01140.R1.fq.gz	data/SH01140.R2.fq.gz
SH01141	ILLUMINA	data/SH01141.R1.fq.gz	data/SH01141.R2.fq.gz
SH01142	ILLUMINA	data/SH01142.R1.fq.gz	data/SH01142.R2.fq.gz
SH01143	ILLUMINA	data/SH01143.R1.fq.gz	data/SH01143.R2.fq.gz
SH01145	ILLUMINA	data/SH01145.R1.fq.gz	data/SH01145.R2.fq.gz
SH01146	ILLUMINA	data/SH01146.R1.fq.gz	data/SH01146.R2.fq.gz
SH01148	ILLUMINA	data/SH01148.R1.fq.gz	data/SH01148.R2.fq.gz
SH01149	ILLUMINA	data/SH01149.R1.fq.gz	data/SH01149.R2.fq.gz
SH01151	ILLUMINA	data/SH01151.R1.fq.gz	data/SH01151.R2.fq.gz
SH01152	ILLUMINA	data/SH01152.R1.fq.gz	data/SH01152.R2.fq.gz
SH01153	ILLUMINA	data/SH01153.R1.fq.gz	data/SH01153.R2.fq.gz
SH01154	ILLUMINA	data/SH01154.R1.fq.gz	data/SH01154.R2.fq.gz
SH01155	ILLUMINA	data/SH01155.R1.fq.gz	data/SH01155.R2.fq.gz
SH01157	ILLUMINA	data/SH01157.R1.fq.gz	data/SH01157.R2.fq.gz
SH01158	ILLUMINA	data/SH01158.R1.fq.gz	data/SH01158.R2.fq.gz
SH01159	ILLUMINA	data/SH01159.R1.fq.gz	data/SH01159.R2.fq.gz
SH01160	ILLUMINA	data/SH01160.R1.fq.gz	data/SH01160.R2.fq.gz
SH01162	ILLUMINA	data/SH01162.R1.fq.gz	data/SH01162.R2.fq.gz
SH01163	ILLUMINA	data/SH01163.R1.fq.gz	data/SH01163.R2.fq.gz
SH01164	ILLUMINA	data/SH01164.R1.fq.gz	data/SH01164.R2.fq.gz
SH01165	ILLUMINA	data/SH01165.R1.fq.gz	data/SH01165.R2.fq.gz
SH01166	ILLUMINA	data/SH01166.R1.fq.gz	data/SH01166.R2.fq.gz
SH01167	ILLUMINA	data/SH01167.R1.fq.gz	data/SH01167.R2.fq.gz
SH01168	ILLUMINA	data/SH01168.R1.fq.gz	data/SH01168.R2.fq.gz
SH01169	ILLUMINA	data/SH01169.R1.fq.gz	data/SH01169.R2.fq.gz
SH01170	ILLUMINA	data/SH01170.R1.fq.gz	data/SH01170.R2.fq.gz
SH01171	ILLUMINA	data/SH01171.R1.fq.gz	data/SH01171.R2.fq.gz
SH01172	ILLUMINA	data/SH01172.R1.fq.gz	data/SH01172.R2.fq.gz
SH01173	ILLUMINA	data/SH01173.R1.fq.gz	data/SH01173.R2.fq.gz
SH01174	ILLUMINA	data/SH01174.R1.fq.gz	data/SH01174.R2.fq.gz
SH01175	ILLUMINA	data/SH01175.R1.fq.gz	data/SH01175.R2.fq.gz
SH01176	ILLUMINA	data/SH01176.R1.fq.gz	data/SH01176.R2.fq.gz
SH01177	ILLUMINA	data/SH01177.R1.fq.gz	data/SH01177.R2.fq.gz
SH01178	ILLUMINA	data/SH01178.R1.fq.gz	data/SH01178.R2.fq.gz
SH01179	ILLUMINA	data/SH01179.R1.fq.gz	data/SH01179.R2.fq.gz
SH01180	ILLUMINA	data/SH01180.R1.fq.gz	data/SH01180.R2.fq.gz
SH01181	ILLUMINA	data/SH01181.R1.fq.gz	data/SH01181.R2.fq.gz
SH01182	ILLUMINA	data/SH01182.R1.fq.gz	data/SH01182.R2.fq.gz
SH01183	ILLUMINA	data/SH01183.R1.fq.gz	data/SH01183.R2.fq.gz
SH01184	ILLUMINA	data/SH01184.R1.fq.gz	data/SH01184.R2.fq.gz
SH01185	ILLUMINA	data/SH01185.R1.fq.gz	data/SH01185.R2.fq.gz
SH01186	ILLUMINA	data/SH01186.R1.fq.gz	data/SH01186.R2.fq.gz
SH01187	ILLUMINA	data/SH01187.R1.fq.gz	data/SH01187.R2.fq.gz
SH01188	ILLUMINA	data/SH01188.R1.fq.gz	data/SH01188.R2.fq.gz
SH01189	ILLUMINA	data/SH01189.R1.fq.gz	data/SH01189.R2.fq.gz
SH01190	ILLUMINA	data/SH01190.R1.fq.gz	data/SH01190.R2.fq.gz
SH01191	ILLUMINA	data/SH01191.R1.fq.gz	data/SH01191.R2.fq.gz
SH01192	ILLUMINA	data/SH01192.R1.fq.gz	data/SH01192.R2.fq.gz
SH01193	ILLUMINA	data/SH01193.R1.fq.gz	data/SH01193.R2.fq.gz
SH01194	ILLUMINA	data/SH01194.R1.fq.gz	data/SH01194.R2.fq.gz
SH01195	ILLUMINA	data/SH01195.R1.fq.gz	data/SH01195.R2.fq.gz
SH01196	ILLUMINA	data/SH01196.R1.fq.gz	data/SH01196.R2.fq.gz
SH01197	ILLUMINA	data/SH01197.R1.fq.gz	data/SH01197.R2.fq.gz
SH01198	ILLUMINA	data/SH01198.R1.fq.gz	data/SH01198.R2.fq.gz
SH01199	ILLUMINA	data/SH01199.R1.fq.gz	data/SH01199.R2.fq.gz
SH01200	ILLUMINA	data/SH01200.R1.fq.gz	data/SH01200.R2.fq.gz
SH01201	ILLUMINA	data/SH01201.R1.fq.gz	data/SH01201.R2.fq.gz
SH01202	ILLUMINA	data/SH01202.R1.fq.gz	data/SH01202.R2.fq.gz
SH01203	ILLUMINA	data/SH01203.R1.fq.gz	data/SH01203.R2.fq.gz
SH01204	ILLUMINA	data/SH01204.R1.fq.gz	data/SH01204.R2.fq.gz
SH01205	ILLUMINA	data/SH01205.R1.fq.gz	data/SH01205.R2.fq.gz
SH01206	ILLUMINA	data/SH01206.R1.fq.gz	data/SH01206.R2.fq.gz
SH01207	ILLUMINA	data/SH01207.R1.fq.gz	data/SH01207.R2.fq.gz
SH01208	ILLUMINA	data/SH01208.R1.fq.gz	data/SH01208.R2.fq.gz
SH01209	ILLUMINA	data/SH01209.R1.fq.gz	data/SH01209.R2.fq.gz
SH01210	ILLUMINA	data/SH01210.R1.fq.gz	data/SH01210.R2.fq.gz
SH01211	ILLUMINA	data/SH01211.R1.fq.gz	data/SH01211.R2.fq.gz
SH01212	ILLUMINA	data/SH01212.R1.fq.gz	data/SH01212.R2.fq.gz
SH01217	ILLUMINA	data/SH01217.R1.fq.gz	data/SH01217.R2.fq.gz
SH01218	ILLUMINA	data/SH01218.R1.fq.gz	data/SH01218.R2.fq.gz
SH01219	ILLUMINA	data/SH01219.R1.fq.gz	data/SH01219.R2.fq.gz
SH01221	ILLUMINA	data/SH01221.R1.fq.gz	data/SH01221.R2.fq.gz
SH01222	ILLUMINA	data/SH01222.R1.fq.gz	data/SH01222.R2.fq.gz
SH01223	ILLUMINA	data/SH01223.R1.fq.gz	data/SH01223.R2.fq.gz
SH01224	ILLUMINA	data/SH01224.R1.fq.gz	data/SH01224.R2.fq.gz
SH01225	ILLUMINA	data/SH01225.R1.fq.gz	data/SH01225.R2.fq.gz
SH01226	ILLUMINA	data/SH01226.R1.fq.gz	data/SH01226.R2.fq.gz
SH01228	ILLUMINA	data/SH01228.R1.fq.gz	data/SH01228.R2.fq.gz
SH01229	ILLUMINA	data/SH01229.R1.fq.gz	data/SH01229.R2.fq.gz
SH01230	ILLUMINA	data/SH01230.R1.fq.gz	data/SH01230.R2.fq.gz
SH01231	ILLUMINA	data/SH01231.R1.fq.gz	data/SH01231.R2.fq.gz
SH01232	ILLUMINA	data/SH01232.R1.fq.gz	data/SH01232.R2.fq.gz
SH01233	ILLUMINA	data/SH01233.R1.fq.gz	data/SH01233.R2.fq.gz
SH01234	ILLUMINA	data/SH01234.R1.fq.gz	data/SH01234.R2.fq.gz
SH01235	ILLUMINA	data/SH01235.R1.fq.gz	data/SH01235.R2.fq.gz
SH01236	ILLUMINA	data/SH01236.R1.fq.gz	data/SH01236.R2.fq.gz
SH01237	ILLUMINA	data/SH01237.R1.fq.gz	data/SH01237.R2.fq.gz
SH01238	ILLUMINA	data/SH01238.R1.fq.gz	data/SH01238.R2.fq.gz
SH01239	ILLUMINA	data/SH01239.R1.fq.gz	data/SH01239.R2.fq.gz
SH01240	ILLUMINA	data/SH01240.R1.fq.gz	data/SH01240.R2.fq.gz
SH01241	ILLUMINA	data/SH01241.R1.fq.gz	data/SH01241.R2.fq.gz
SH01242	ILLUMINA	data/SH01242.R1.fq.gz	data/SH01242.R2.fq.gz
SH01243	ILLUMINA	data/SH01243.R1.fq.gz	data/SH01243.R2.fq.gz
SH01244	ILLUMINA	data/SH01244.R1.fq.gz	data/SH01244.R2.fq.gz
SH01245	ILLUMINA	data/SH01245.R1.fq.gz	data/SH01245.R2.fq.gz
SH01246	ILLUMINA	data/SH01246.R1.fq.gz	data/SH01246.R2.fq.gz
SH01247	ILLUMINA	data/SH01247.R1.fq.gz	data/SH01247.R2.fq.gz
SH01248	ILLUMINA	data/SH01248.R1.fq.gz	data/SH01248.R2.fq.gz
SH01249	ILLUMINA	data/SH01249.R1.fq.gz	data/SH01249.R2.fq.gz
SH01250	ILLUMINA	data/SH01250.R1.fq.gz	data/SH01250.R2.fq.gz
SH01251	ILLUMINA	data/SH01251.R1.fq.gz	data/SH01251.R2.fq.gz
SH01252	ILLUMINA	data/SH01252.R1.fq.gz	data/SH01252.R2.fq.gz
SH01253	ILLUMINA	data/SH01253.R1.fq.gz	data/SH01253.R2.fq.gz
SH01254	ILLUMINA	data/SH01254.R1.fq.gz	data/SH01254.R2.fq.gz
SH01255	ILLUMINA	data/SH01255.R1.fq.gz	data/SH01255.R2.fq.gz
SH01256	ILLUMINA	data/SH01256.R1.fq.gz	data/SH01256.R2.fq.gz
SH01257	ILLUMINA	data/SH01257.R1.fq.gz	data/SH01257.R2.fq.gz
SH01258	ILLUMINA	data/SH01258.R1.fq.gz	data/SH01258.R2.fq.gz
SH01259	ILLUMINA	data/SH01259.R1.fq.gz	data/SH01259.R2.fq.gz
SH01260	ILLUMINA	data/SH01260.R1.fq.gz	data/SH01260.R2.fq.gz
SH01261	ILLUMINA	data/SH01261.R1.fq.gz	data/SH01261.R2.fq.gz
SH01262	ILLUMINA	data/SH01262.R1.fq.gz	data/SH01262.R2.fq.gz
SH01263	ILLUMINA	data/SH01263.R1.fq.gz	data/SH01263.R2.fq.gz
SH01264	ILLUMINA	data/SH01264.R1.fq.gz	data/SH01264.R2.fq.gz
SH01265	ILLUMINA	data/SH01265.R1.fq.gz	data/SH01265.R2.fq.gz
SH01266	ILLUMINA	data/SH01266.R1.fq.gz	data/SH01266.R2.fq.gz
SH01267	ILLUMINA	data/SH01267.R1.fq.gz	data/SH01267.R2.fq.gz
SH01268	ILLUMINA	data/SH01268.R1.fq.gz	data/SH01268.R2.fq.gz
SH01269	ILLUMINA	data/SH01269.R1.fq.gz	data/SH01269.R2.fq.gz
SH01270	ILLUMINA	data/SH01270.R1.fq.gz	data/SH01270.R2.fq.gz
SH01271	ILLUMINA	data/SH01271.R1.fq.gz	data/SH01271.R2.fq.gz
SH01272	ILLUMINA	data/SH01272.R1.fq.gz	data/SH01272.R2.fq.gz
SH01273	ILLUMINA	data/SH01273.R1.fq.gz	data/SH01273.R2.fq.gz
SH01274	ILLUMINA	data/SH01274.R1.fq.gz	data/SH01274.R2.fq.gz
SH01275	ILLUMINA	data/SH01275.R1.fq.gz	data/SH01275.R2.fq.gz
SH01276	ILLUMINA	data/SH01276.R1.fq.gz	data/SH01276.R2.fq.gz
SH01277	ILLUMINA	data/SH01277.R1.fq.gz	data/SH01277.R2.fq.gz
SH01278	ILLUMINA	data/SH01278.R1.fq.gz	data/SH01278.R2.fq.gz
SH01279	ILLUMINA	data/SH01279.R1.fq.gz	data/SH01279.R2.fq.gz
SH01280	ILLUMINA	data/SH01280.R1.fq.gz	data/SH01280.R2.fq.gz
SH01281	ILLUMINA	data/SH01281.R1.fq.gz	data/SH01281.R2.fq.gz
SH01282	ILLUMINA	data/SH01282.R1.fq.gz	data/SH01282.R2.fq.gz
SH01283	ILLUMINA	data/SH01283.R1.fq.gz	data/SH01283.R2.fq.gz
SH01284	ILLUMINA	data/SH01284.R1.fq.gz	data/SH01284.R2.fq.gz
SH01285	ILLUMINA	data/SH01285.R1.fq.gz	data/SH01285.R2.fq.gz
SH01286	ILLUMINA	data/SH01286.R1.fq.gz	data/SH01286.R2.fq.gz
SH01287	ILLUMINA	data/SH01287.R1.fq.gz	data/SH01287.R2.fq.gz
SH01288	ILLUMINA	data/SH01288.R1.fq.gz	data/SH01288.R2.fq.gz
SH01289	ILLUMINA	data/SH01289.R1.fq.gz	data/SH01289.R2.fq.gz
SH01290	ILLUMINA	data/SH01290.R1.fq.gz	data/SH01290.R2.fq.gz
SH01291	ILLUMINA	data/SH01291.R1.fq.gz	data/SH01291.R2.fq.gz
SH01292	ILLUMINA	data/SH01292.R1.fq.gz	data/SH01292.R2.fq.gz
SH01293	ILLUMINA	data/SH01293.R1.fq.gz	data/SH01293.R2.fq.gz
SH01294	ILLUMINA	data/SH01294.R1.fq.gz	data/SH01294.R2.fq.gz
SH01295	ILLUMINA	data/SH01295.R1.fq.gz	data/SH01295.R2.fq.gz
SH01296	ILLUMINA	data/SH01296.R1.fq.gz	data/SH01296.R2.fq.gz
SH01297	ILLUMINA	data/SH01297.R1.fq.gz	data/SH01297.R2.fq.gz
SH01298	ILLUMINA	data/SH01298.R1.fq.gz	data/SH01298.R2.fq.gz
SH01299	ILLUMINA	data/SH01299.R1.fq.gz	data/SH01299.R2.fq.gz
SH01300	ILLUMINA	data/SH01300.R1.fq.gz	data/SH01300.R2.fq.gz
SH01301	ILLUMINA	data/SH01301.R1.fq.gz	data/SH01301.R2.fq.gz
SH01302	ILLUMINA	data/SH01302.R1.fq.gz	data/SH01302.R2.fq.gz
SH01303	ILLUMINA	data/SH01303.R1.fq.gz	data/SH01303.R2.fq.gz
SH01304	ILLUMINA	data/SH01304.R1.fq.gz	data/SH01304.R2.fq.gz
SH01305	ILLUMINA	data/SH01305.R1.fq.gz	data/SH01305.R2.fq.gz
SH01306	ILLUMINA	data/SH01306.R1.fq.gz	data/SH01306.R2.fq.gz
SH01307	ILLUMINA	data/SH01307.R1.fq.gz	data/SH01307.R2.fq.gz
SH01308	ILLUMINA	data/SH01308.R1.fq.gz	data/SH01308.R2.fq.gz
SH01309	ILLUMINA	data/SH01309.R1.fq.gz	data/SH01309.R2.fq.gz
SH01311	ILLUMINA	data/SH01311.R1.fq.gz	data/SH01311.R2.fq.gz
SH01312	ILLUMINA	data/SH01312.R1.fq.gz	data/SH01312.R2.fq.gz
SH01313	ILLUMINA	data/SH01313.R1.fq.gz	data/SH01313.R2.fq.gz
SH01314	ILLUMINA	data/SH01314.R1.fq.gz	data/SH01314.R2.fq.gz
SH01315	ILLUMINA	data/SH01315.R1.fq.gz	data/SH01315.R2.fq.gz
SH01316	ILLUMINA	data/SH01316.R1.fq.gz	data/SH01316.R2.fq.gz
SH01317	ILLUMINA	data/SH01317.R1.fq.gz	data/SH01317.R2.fq.gz
SH01318	ILLUMINA	data/SH01318.R1.fq.gz	data/SH01318.R2.fq.gz
SH01319	ILLUMINA	data/SH01319.R1.fq.gz	data/SH01319.R2.fq.gz
SH01320	ILLUMINA	data/SH01320.R1.fq.gz	data/SH01320.R2.fq.gz
SH01321	ILLUMINA	data/SH01321.R1.fq.gz	data/SH01321.R2.fq.gz
SH01322	ILLUMINA	data/SH01322.R1.fq.gz	data/SH01322.R2.fq.gz
SH01323	ILLUMINA	data/SH01323.R1.fq.gz	data/SH01323.R2.fq.gz
SH01324	ILLUMINA	data/SH01324.R1.fq.gz	data/SH01324.R2.fq.gz
SH01325	ILLUMINA	data/SH01325.R1.fq.gz	data/SH01325.R2.fq.gz
SH01326	ILLUMINA	data/SH01326.R1.fq.gz	data/SH01326.R2.fq.gz
SH01327	ILLUMINA	data/SH01327.R1.fq.gz	data/SH01327.R2.fq.gz
SH01328	ILLUMINA	data/SH01328.R1.fq.gz	data/SH01328.R2.fq.gz
SH01329	ILLUMINA	data/SH01329.R1.fq.gz	data/SH01329.R2.fq.gz
SH01330	ILLUMINA	data/SH01330.R1.fq.gz	data/SH01330.R2.fq.gz
SH01331	ILLUMINA	data/SH01331.R1.fq.gz	data/SH01331.R2.fq.gz
SH01332	ILLUMINA	data/SH01332.R1.fq.gz	data/SH01332.R2.fq.gz
SH01333	ILLUMINA	data/SH01333.R1.fq.gz	data/SH01333.R2.fq.gz
SH01334	ILLUMINA	data/SH01334.R1.fq.gz	data/SH01334.R2.fq.gz
SH01335	ILLUMINA	data/SH01335.R1.fq.gz	data/SH01335.R2.fq.gz
SH01336	ILLUMINA	data/SH01336.R1.fq.gz	data/SH01336.R2.fq.gz
SH01337	ILLUMINA	data/SH01337.R1.fq.gz	data/SH01337.R2.fq.gz
SH01338	ILLUMINA	data/SH01338.R1.fq.gz	data/SH01338.R2.fq.gz
SH01339	ILLUMINA	data/SH01339.R1.fq.gz	data/SH01339.R2.fq.gz
SH01340	ILLUMINA	data/SH01340.R1.fq.gz	data/SH01340.R2.fq.gz
SH01341	ILLUMINA	data/SH01341.R1.fq.gz	data/SH01341.R2.fq.gz
SH01342	ILLUMINA	data/SH01342.R1.fq.gz	data/SH01342.R2.fq.gz
SH01343	ILLUMINA	data/SH01343.R1.fq.gz	data/SH01343.R2.fq.gz
SH01344	ILLUMINA	data/SH01344.R1.fq.gz	data/SH01344.R2.fq.gz
SH01345	ILLUMINA	data/SH01345.R1.fq.gz	data/SH01345.R2.fq.gz
SH01346	ILLUMINA	data/SH01346.R1.fq.gz	data/SH01346.R2.fq.gz
SH01347	ILLUMINA	data/SH01347.R1.fq.gz	data/SH01347.R2.fq.gz
SH01348	ILLUMINA	data/SH01348.R1.fq.gz	data/SH01348.R2.fq.gz
SH01349	ILLUMINA	data/SH01349.R1.fq.gz	data/SH01349.R2.fq.gz
SH01350	ILLUMINA	data/SH01350.R1.fq.gz	data/SH01350.R2.fq.gz
SH01351	ILLUMINA	data/SH01351.R1.fq.gz	data/SH01351.R2.fq.gz
SH01352	ILLUMINA	data/SH01352.R1.fq.gz	data/SH01352.R2.fq.gz
SH00676	ILLUMINA	data/SH00676.R1.fq.gz	data/SH00676.R2.fq.gz
SH00729	ILLUMINA	data/SH00729.R1.fq.gz	data/SH00729.R2.fq.gz
SH00740	ILLUMINA	data/SH00740.R1.fq.gz	data/SH00740.R2.fq.gz
SH00785	ILLUMINA	data/SH00785.R1.fq.gz	data/SH00785.R2.fq.gz
SH00811	ILLUMINA	data/SH00811.R1.fq.gz	data/SH00811.R2.fq.gz
SH00834	ILLUMINA	data/SH00834.R1.fq.gz	data/SH00834.R2.fq.gz
SH01634	ILLUMINA	data/SH01634.R1.fq.gz	data/SH01634.R2.fq.gz
SH01635	ILLUMINA	data/SH01635.R1.fq.gz	data/SH01635.R2.fq.gz
SH01636	ILLUMINA	data/SH01636.R1.fq.gz	data/SH01636.R2.fq.gz
SH01637	ILLUMINA	data/SH01637.R1.fq.gz	data/SH01637.R2.fq.gz
SH01638	ILLUMINA	data/SH01638.R1.fq.gz	data/SH01638.R2.fq.gz
SH01639	ILLUMINA	data/SH01639.R1.fq.gz	data/SH01639.R2.fq.gz
SH01640	ILLUMINA	data/SH01640.R1.fq.gz	data/SH01640.R2.fq.gz
SH01641	ILLUMINA	data/SH01641.R1.fq.gz	data/SH01641.R2.fq.gz
SH01642	ILLUMINA	data/SH01642.R1.fq.gz	data/SH01642.R2.fq.gz
SH01643	ILLUMINA	data/SH01643.R1.fq.gz	data/SH01643.R2.fq.gz
SH01645	ILLUMINA	data/SH01645.R1.fq.gz	data/SH01645.R2.fq.gz
SH01646	ILLUMINA	data/SH01646.R1.fq.gz	data/SH01646.R2.fq.gz
SH01647	ILLUMINA	data/SH01647.R1.fq.gz	data/SH01647.R2.fq.gz
SH01648	ILLUMINA	data/SH01648.R1.fq.gz	data/SH01648.R2.fq.gz
SH01649	ILLUMINA	data/SH01649.R1.fq.gz	data/SH01649.R2.fq.gz
SH01650	ILLUMINA	data/SH01650.R1.fq.gz	data/SH01650.R2.fq.gz
SH01651	ILLUMINA	data/SH01651.R1.fq.gz	data/SH01651.R2.fq.gz
SH01653	ILLUMINA	data/SH01653.R1.fq.gz	data/SH01653.R2.fq.gz
SH01654	ILLUMINA	data/SH01654.R1.fq.gz	data/SH01654.R2.fq.gz
SH01655	ILLUMINA	data/SH01655.R1.fq.gz	data/SH01655.R2.fq.gz
SH01657	ILLUMINA	data/SH01657.R1.fq.gz	data/SH01657.R2.fq.gz
SH01658	ILLUMINA	data/SH01658.R1.fq.gz	data/SH01658.R2.fq.gz
SH01660	ILLUMINA	data/SH01660.R1.fq.gz	data/SH01660.R2.fq.gz
SH01661	ILLUMINA	data/SH01661.R1.fq.gz	data/SH01661.R2.fq.gz
SH01662	ILLUMINA	data/SH01662.R1.fq.gz	data/SH01662.R2.fq.gz
SH01663	ILLUMINA	data/SH01663.R1.fq.gz	data/SH01663.R2.fq.gz
SH01664	ILLUMINA	data/SH01664.R1.fq.gz	data/SH01664.R2.fq.gz
SH01665	ILLUMINA	data/SH01665.R1.fq.gz	data/SH01665.R2.fq.gz
SH01668	ILLUMINA	data/SH01668.R1.fq.gz	data/SH01668.R2.fq.gz
SH01669	ILLUMINA	data/SH01669.R1.fq.gz	data/SH01669.R2.fq.gz
SH01670	ILLUMINA	data/SH01670.R1.fq.gz	data/SH01670.R2.fq.gz
SH01671	ILLUMINA	data/SH01671.R1.fq.gz	data/SH01671.R2.fq.gz
SH01672	ILLUMINA	data/SH01672.R1.fq.gz	data/SH01672.R2.fq.gz
SH01673	ILLUMINA	data/SH01673.R1.fq.gz	data/SH01673.R2.fq.gz
SH01675	ILLUMINA	data/SH01675.R1.fq.gz	data/SH01675.R2.fq.gz
SH01676	ILLUMINA	data/SH01676.R1.fq.gz	data/SH01676.R2.fq.gz
SH01678	ILLUMINA	data/SH01678.R1.fq.gz	data/SH01678.R2.fq.gz
SH01679	ILLUMINA	data/SH01679.R1.fq.gz	data/SH01679.R2.fq.gz
SH01680	ILLUMINA	data/SH01680.R1.fq.gz	data/SH01680.R2.fq.gz
SH01681	ILLUMINA	data/SH01681.R1.fq.gz	data/SH01681.R2.fq.gz
SH01682	ILLUMINA	data/SH01682.R1.fq.gz	data/SH01682.R2.fq.gz
SH01683	ILLUMINA	data/SH01683.R1.fq.gz	data/SH01683.R2.fq.gz
SH01684	ILLUMINA	data/SH01684.R1.fq.gz	data/SH01684.R2.fq.gz
SH01686	ILLUMINA	data/SH01686.R1.fq.gz	data/SH01686.R2.fq.gz
SH01687	ILLUMINA	data/SH01687.R1.fq.gz	data/SH01687.R2.fq.gz
SH01688	ILLUMINA	data/SH01688.R1.fq.gz	data/SH01688.R2.fq.gz
SH01689	ILLUMINA	data/SH01689.R1.fq.gz	data/SH01689.R2.fq.gz
SH01691	ILLUMINA	data/SH01691.R1.fq.gz	data/SH01691.R2.fq.gz
SH01692	ILLUMINA	data/SH01692.R1.fq.gz	data/SH01692.R2.fq.gz
SH01693	ILLUMINA	data/SH01693.R1.fq.gz	data/SH01693.R2.fq.gz
SH01695	ILLUMINA	data/SH01695.R1.fq.gz	data/SH01695.R2.fq.gz
SH01696	ILLUMINA	data/SH01696.R1.fq.gz	data/SH01696.R2.fq.gz
SH01697	ILLUMINA	data/SH01697.R1.fq.gz	data/SH01697.R2.fq.gz
SH01699	ILLUMINA	data/SH01699.R1.fq.gz	data/SH01699.R2.fq.gz
SH01700	ILLUMINA	data/SH01700.R1.fq.gz	data/SH01700.R2.fq.gz
SH01701	ILLUMINA	data/SH01701.R1.fq.gz	data/SH01701.R2.fq.gz
SH01702	ILLUMINA	data/SH01702.R1.fq.gz	data/SH01702.R2.fq.gz
SH01703	ILLUMINA	data/SH01703.R1.fq.gz	data/SH01703.R2.fq.gz
SH01704	ILLUMINA	data/SH01704.R1.fq.gz	data/SH01704.R2.fq.gz
SH01705	ILLUMINA	data/SH01705.R1.fq.gz	data/SH01705.R2.fq.gz
SH01706	ILLUMINA	data/SH01706.R1.fq.gz	data/SH01706.R2.fq.gz
SH01707	ILLUMINA	data/SH01707.R1.fq.gz	data/SH01707.R2.fq.gz
SH01710	ILLUMINA	data/SH01710.R1.fq.gz	data/SH01710.R2.fq.gz
SH01711	ILLUMINA	data/SH01711.R1.fq.gz	data/SH01711.R2.fq.gz
SH01713	ILLUMINA	data/SH01713.R1.fq.gz	data/SH01713.R2.fq.gz
SH01714	ILLUMINA	data/SH01714.R1.fq.gz	data/SH01714.R2.fq.gz
SH01715	ILLUMINA	data/SH01715.R1.fq.gz	data/SH01715.R2.fq.gz
SH01716	ILLUMINA	data/SH01716.R1.fq.gz	data/SH01716.R2.fq.gz
SH01717	ILLUMINA	data/SH01717.R1.fq.gz	data/SH01717.R2.fq.gz
SH01718	ILLUMINA	data/SH01718.R1.fq.gz	data/SH01718.R2.fq.gz
SH01719	ILLUMINA	data/SH01719.R1.fq.gz	data/SH01719.R2.fq.gz
SH01720	ILLUMINA	data/SH01720.R1.fq.gz	data/SH01720.R2.fq.gz
SH01721	ILLUMINA	data/SH01721.R1.fq.gz	data/SH01721.R2.fq.gz
SH01722	ILLUMINA	data/SH01722.R1.fq.gz	data/SH01722.R2.fq.gz
SH01723	ILLUMINA	data/SH01723.R1.fq.gz	data/SH01723.R2.fq.gz
SH01724	ILLUMINA	data/SH01724.R1.fq.gz	data/SH01724.R2.fq.gz
SH01725	ILLUMINA	data/SH01725.R1.fq.gz	data/SH01725.R2.fq.gz
SH01726	ILLUMINA	data/SH01726.R1.fq.gz	data/SH01726.R2.fq.gz
SH01728	ILLUMINA	data/SH01728.R1.fq.gz	data/SH01728.R2.fq.gz
SH01729	ILLUMINA	data/SH01729.R1.fq.gz	data/SH01729.R2.fq.gz
SH01730	ILLUMINA	data/SH01730.R1.fq.gz	data/SH01730.R2.fq.gz
SH01731	ILLUMINA	data/SH01731.R1.fq.gz	data/SH01731.R2.fq.gz
SH01732	ILLUMINA	data/SH01732.R1.fq.gz	data/SH01732.R2.fq.gz
SH01733	ILLUMINA	data/SH01733.R1.fq.gz	data/SH01733.R2.fq.gz
SH01734	ILLUMINA	data/SH01734.R1.fq.gz	data/SH01734.R2.fq.gz
SH01735	ILLUMINA	data/SH01735.R1.fq.gz	data/SH01735.R2.fq.gz
SH01736	ILLUMINA	data/SH01736.R1.fq.gz	data/SH01736.R2.fq.gz
SH01737	ILLUMINA	data/SH01737.R1.fq.gz	data/SH01737.R2.fq.gz
SH01738	ILLUMINA	data/SH01738.R1.fq.gz	data/SH01738.R2.fq.gz
SH01739	ILLUMINA	data/SH01739.R1.fq.gz	data/SH01739.R2.fq.gz
SH01740	ILLUMINA	data/SH01740.R1.fq.gz	data/SH01740.R2.fq.gz
SH01741	ILLUMINA	data/SH01741.R1.fq.gz	data/SH01741.R2.fq.gz
SH01742	ILLUMINA	data/SH01742.R1.fq.gz	data/SH01742.R2.fq.gz
SH01743	ILLUMINA	data/SH01743.R1.fq.gz	data/SH01743.R2.fq.gz
SH01744	ILLUMINA	data/SH01744.R1.fq.gz	data/SH01744.R2.fq.gz
SH01745	ILLUMINA	data/SH01745.R1.fq.gz	data/SH01745.R2.fq.gz
SH01746	ILLUMINA	data/SH01746.R1.fq.gz	data/SH01746.R2.fq.gz
SH01747	ILLUMINA	data/SH01747.R1.fq.gz	data/SH01747.R2.fq.gz
SH01748	ILLUMINA	data/SH01748.R1.fq.gz	data/SH01748.R2.fq.gz
SH01749	ILLUMINA	data/SH01749.R1.fq.gz	data/SH01749.R2.fq.gz
SH01750	ILLUMINA	data/SH01750.R1.fq.gz	data/SH01750.R2.fq.gz
SH01751	ILLUMINA	data/SH01751.R1.fq.gz	data/SH01751.R2.fq.gz
SH01752	ILLUMINA	data/SH01752.R1.fq.gz	data/SH01752.R2.fq.gz
SH01753	ILLUMINA	data/SH01753.R1.fq.gz	data/SH01753.R2.fq.gz
SH01754	ILLUMINA	data/SH01754.R1.fq.gz	data/SH01754.R2.fq.gz
SH01755	ILLUMINA	data/SH01755.R1.fq.gz	data/SH01755.R2.fq.gz
SH01756	ILLUMINA	data/SH01756.R1.fq.gz	data/SH01756.R2.fq.gz
SH01757	ILLUMINA	data/SH01757.R1.fq.gz	data/SH01757.R2.fq.gz
SH01758	ILLUMINA	data/SH01758.R1.fq.gz	data/SH01758.R2.fq.gz
SH01759	ILLUMINA	data/SH01759.R1.fq.gz	data/SH01759.R2.fq.gz
SH01761	ILLUMINA	data/SH01761.R1.fq.gz	data/SH01761.R2.fq.gz
SH01762	ILLUMINA	data/SH01762.R1.fq.gz	data/SH01762.R2.fq.gz
SH01763	ILLUMINA	data/SH01763.R1.fq.gz	data/SH01763.R2.fq.gz
SH01764	ILLUMINA	data/SH01764.R1.fq.gz	data/SH01764.R2.fq.gz
SH01765	ILLUMINA	data/SH01765.R1.fq.gz	data/SH01765.R2.fq.gz
SH01766	ILLUMINA	data/SH01766.R1.fq.gz	data/SH01766.R2.fq.gz
SH01900	ILLUMINA	data/SH01900.R1.fq.gz	data/SH01900.R2.fq.gz
SH02733	ILLUMINA	data/SH02733.R1.fq.gz	data/SH02733.R2.fq.gz
SH08402	ILLUMINA	data/SH08402.R1.fq.gz	data/SH08402.R2.fq.gz
SH08672	ILLUMINA	data/SH08672.R1.fq.gz	data/SH08672.R2.fq.gz
SH10132	ILLUMINA	data/SH10132.R1.fq.gz	data/SH10132.R2.fq.gz
SH10133	ILLUMINA	data/SH10133.R1.fq.gz	data/SH10133.R2.fq.gz
SH10134	ILLUMINA	data/SH10134.R1.fq.gz	data/SH10134.R2.fq.gz
SH10135	ILLUMINA	data/SH10135.R1.fq.gz	data/SH10135.R2.fq.gz
SH10136	ILLUMINA	data/SH10136.R1.fq.gz	data/SH10136.R2.fq.gz
SH10137	ILLUMINA	data/SH10137.R1.fq.gz	data/SH10137.R2.fq.gz
SH10138	ILLUMINA	data/SH10138.R1.fq.gz	data/SH10138.R2.fq.gz
SH10139	ILLUMINA	data/SH10139.R1.fq.gz	data/SH10139.R2.fq.gz
SH10140	ILLUMINA	data/SH10140.R1.fq.gz	data/SH10140.R2.fq.gz
SH10142	ILLUMINA	data/SH10142.R1.fq.gz	data/SH10142.R2.fq.gz
SH10143	ILLUMINA	data/SH10143.R1.fq.gz	data/SH10143.R2.fq.gz
SH10144	ILLUMINA	data/SH10144.R1.fq.gz	data/SH10144.R2.fq.gz
SH10145	ILLUMINA	data/SH10145.R1.fq.gz	data/SH10145.R2.fq.gz
SH10146	ILLUMINA	data/SH10146.R1.fq.gz	data/SH10146.R2.fq.gz
SH10147	ILLUMINA	data/SH10147.R1.fq.gz	data/SH10147.R2.fq.gz
SH10148	ILLUMINA	data/SH10148.R1.fq.gz	data/SH10148.R2.fq.gz
SH10149	ILLUMINA	data/SH10149.R1.fq.gz	data/SH10149.R2.fq.gz
SH10150	ILLUMINA	data/SH10150.R1.fq.gz	data/SH10150.R2.fq.gz
SH10151	ILLUMINA	data/SH10151.R1.fq.gz	data/SH10151.R2.fq.gz
SH10152	ILLUMINA	data/SH10152.R1.fq.gz	data/SH10152.R2.fq.gz
SH10153	ILLUMINA	data/SH10153.R1.fq.gz	data/SH10153.R2.fq.gz
SH10154	ILLUMINA	data/SH10154.R1.fq.gz	data/SH10154.R2.fq.gz
SH10155	ILLUMINA	data/SH10155.R1.fq.gz	data/SH10155.R2.fq.gz
SH10156	ILLUMINA	data/SH10156.R1.fq.gz	data/SH10156.R2.fq.gz
SH10157	ILLUMINA	data/SH10157.R1.fq.gz	data/SH10157.R2.fq.gz
SH10158	ILLUMINA	data/SH10158.R1.fq.gz	data/SH10158.R2.fq.gz
SH10159	ILLUMINA	data/SH10159.R1.fq.gz	data/SH10159.R2.fq.gz
SH10160	ILLUMINA	data/SH10160.R1.fq.gz	data/SH10160.R2.fq.gz
SH10161	ILLUMINA	data/SH10161.R1.fq.gz	data/SH10161.R2.fq.gz
SH10162	ILLUMINA	data/SH10162.R1.fq.gz	data/SH10162.R2.fq.gz
SH10240	ILLUMINA	data/SH10240.R1.fq.gz	data/SH10240.R2.fq.gz
SH10241	ILLUMINA	data/SH10241.R1.fq.gz	data/SH10241.R2.fq.gz
SH10242	ILLUMINA	data/SH10242.R1.fq.gz	data/SH10242.R2.fq.gz
SH10243	ILLUMINA	data/SH10243.R1.fq.gz	data/SH10243.R2.fq.gz
SH10244	ILLUMINA	data/SH10244.R1.fq.gz	data/SH10244.R2.fq.gz
SH10245	ILLUMINA	data/SH10245.R1.fq.gz	data/SH10245.R2.fq.gz
SH10246	ILLUMINA	data/SH10246.R1.fq.gz	data/SH10246.R2.fq.gz
SH10247	ILLUMINA	data/SH10247.R1.fq.gz	data/SH10247.R2.fq.gz
SH10248	ILLUMINA	data/SH10248.R1.fq.gz	data/SH10248.R2.fq.gz
SH10249	ILLUMINA	data/SH10249.R1.fq.gz	data/SH10249.R2.fq.gz
SH10250	ILLUMINA	data/SH10250.R1.fq.gz	data/SH10250.R2.fq.gz
SH10251	ILLUMINA	data/SH10251.R1.fq.gz	data/SH10251.R2.fq.gz
SH10252	ILLUMINA	data/SH10252.R1.fq.gz	data/SH10252.R2.fq.gz
SH10253	ILLUMINA	data/SH10253.R1.fq.gz	data/SH10253.R2.fq.gz
SH10254	ILLUMINA	data/SH10254.R1.fq.gz	data/SH10254.R2.fq.gz
SH10255	ILLUMINA	data/SH10255.R1.fq.gz	data/SH10255.R2.fq.gz
SH10256	ILLUMINA	data/SH10256.R1.fq.gz	data/SH10256.R2.fq.gz
SH10257	ILLUMINA	data/SH10257.R1.fq.gz	data/SH10257.R2.fq.gz
SH10258	ILLUMINA	data/SH10258.R1.fq.gz	data/SH10258.R2.fq.gz
SH10259	ILLUMINA	data/SH10259.R1.fq.gz	data/SH10259.R2.fq.gz
SH10260	ILLUMINA	data/SH10260.R1.fq.gz	data/SH10260.R2.fq.gz
SH10261	ILLUMINA	data/SH10261.R1.fq.gz	data/SH10261.R2.fq.gz
SH10262	ILLUMINA	data/SH10262.R1.fq.gz	data/SH10262.R2.fq.gz
SH10263	ILLUMINA	data/SH10263.R1.fq.gz	data/SH10263.R2.fq.gz
SH10264	ILLUMINA	data/SH10264.R1.fq.gz	data/SH10264.R2.fq.gz
SH10265	ILLUMINA	data/SH10265.R1.fq.gz	data/SH10265.R2.fq.gz
SH10266	ILLUMINA	data/SH10266.R1.fq.gz	data/SH10266.R2.fq.gz
SH10267	ILLUMINA	data/SH10267.R1.fq.gz	data/SH10267.R2.fq.gz
SH10375	ILLUMINA	data/SH10375.R1.fq.gz	data/SH10375.R2.fq.gz
SH10376	ILLUMINA	data/SH10376.R1.fq.gz	data/SH10376.R2.fq.gz
SH10377	ILLUMINA	data/SH10377.R1.fq.gz	data/SH10377.R2.fq.gz
SH10378	ILLUMINA	data/SH10378.R1.fq.gz	data/SH10378.R2.fq.gz
SH10379	ILLUMINA	data/SH10379.R1.fq.gz	data/SH10379.R2.fq.gz
SH10380	ILLUMINA	data/SH10380.R1.fq.gz	data/SH10380.R2.fq.gz
SH10381	ILLUMINA	data/SH10381.R1.fq.gz	data/SH10381.R2.fq.gz
SH10382	ILLUMINA	data/SH10382.R1.fq.gz	data/SH10382.R2.fq.gz
SH10383	ILLUMINA	data/SH10383.R1.fq.gz	data/SH10383.R2.fq.gz
SH10384	ILLUMINA	data/SH10384.R1.fq.gz	data/SH10384.R2.fq.gz
SH10385	ILLUMINA	data/SH10385.R1.fq.gz	data/SH10385.R2.fq.gz
SH10387	ILLUMINA	data/SH10387.R1.fq.gz	data/SH10387.R2.fq.gz
SH10388	ILLUMINA	data/SH10388.R1.fq.gz	data/SH10388.R2.fq.gz
SH10389	ILLUMINA	data/SH10389.R1.fq.gz	data/SH10389.R2.fq.gz
SH10390	ILLUMINA	data/SH10390.R1.fq.gz	data/SH10390.R2.fq.gz
SH10391	ILLUMINA	data/SH10391.R1.fq.gz	data/SH10391.R2.fq.gz
SH10392	ILLUMINA	data/SH10392.R1.fq.gz	data/SH10392.R2.fq.gz
SH10393	ILLUMINA	data/SH10393.R1.fq.gz	data/SH10393.R2.fq.gz
SH10394	ILLUMINA	data/SH10394.R1.fq.gz	data/SH10394.R2.fq.gz
SH10395	ILLUMINA	data/SH10395.R1.fq.gz	data/SH10395.R2.fq.gz
SH10396	ILLUMINA	data/SH10396.R1.fq.gz	data/SH10396.R2.fq.gz
SH10397	ILLUMINA	data/SH10397.R1.fq.gz	data/SH10397.R2.fq.gz
SH10398	ILLUMINA	data/SH10398.R1.fq.gz	data/SH10398.R2.fq.gz
SH10399	ILLUMINA	data/SH10399.R1.fq.gz	data/SH10399.R2.fq.gz
SH10400	ILLUMINA	data/SH10400.R1.fq.gz	data/SH10400.R2.fq.gz
SH00145	ILLUMINA	data/SH00145.R1.fq.gz	data/SH00145.R2.fq.gz
SH00152	ILLUMINA	data/SH00152.R1.fq.gz	data/SH00152.R2.fq.gz
SH00154	ILLUMINA	data/SH00154.R1.fq.gz	data/SH00154.R2.fq.gz
SH00270	ILLUMINA	data/SH00270.R1.fq.gz	data/SH00270.R2.fq.gz
SH00289	ILLUMINA	data/SH00289.R1.fq.gz	data/SH00289.R2.fq.gz
SH00292	ILLUMINA	data/SH00292.R1.fq.gz	data/SH00292.R2.fq.gz
SH00296	ILLUMINA	data/SH00296.R1.fq.gz	data/SH00296.R2.fq.gz
SH00405	ILLUMINA	data/SH00405.R1.fq.gz	data/SH00405.R2.fq.gz
SH00419	ILLUMINA	data/SH00419.R1.fq.gz	data/SH00419.R2.fq.gz
SH00422	ILLUMINA	data/SH00422.R1.fq.gz	data/SH00422.R2.fq.gz
SH00429	ILLUMINA	data/SH00429.R1.fq.gz	data/SH00429.R2.fq.gz
SH00432	ILLUMINA	data/SH00432.R1.fq.gz	data/SH00432.R2.fq.gz
SH00446	ILLUMINA	data/SH00446.R1.fq.gz	data/SH00446.R2.fq.gz
SH00448	ILLUMINA	data/SH00448.R1.fq.gz	data/SH00448.R2.fq.gz
SH00450	ILLUMINA	data/SH00450.R1.fq.gz	data/SH00450.R2.fq.gz
SH01227	ILLUMINA	data/SH01227.R1.fq.gz	data/SH01227.R2.fq.gz
SH01374	ILLUMINA	data/SH01374.R1.fq.gz	data/SH01374.R2.fq.gz
SH01510	ILLUMINA	data/SH01510.R1.fq.gz	data/SH01510.R2.fq.gz
SH01512	ILLUMINA	data/SH01512.R1.fq.gz	data/SH01512.R2.fq.gz
SH01518	ILLUMINA	data/SH01518.R1.fq.gz	data/SH01518.R2.fq.gz
SH01916	ILLUMINA	data/SH01916.R1.fq.gz	data/SH01916.R2.fq.gz
SH01925	ILLUMINA	data/SH01925.R1.fq.gz	data/SH01925.R2.fq.gz
SH01928	ILLUMINA	data/SH01928.R1.fq.gz	data/SH01928.R2.fq.gz
SH01936	ILLUMINA	data/SH01936.R1.fq.gz	data/SH01936.R2.fq.gz
SH01937	ILLUMINA	data/SH01937.R1.fq.gz	data/SH01937.R2.fq.gz
SH02027	ILLUMINA	data/SH02027.R1.fq.gz	data/SH02027.R2.fq.gz
SH02038	ILLUMINA	data/SH02038.R1.fq.gz	data/SH02038.R2.fq.gz
SH02051	ILLUMINA	data/SH02051.R1.fq.gz	data/SH02051.R2.fq.gz
SH02054	ILLUMINA	data/SH02054.R1.fq.gz	data/SH02054.R2.fq.gz
SH02064	ILLUMINA	data/SH02064.R1.fq.gz	data/SH02064.R2.fq.gz
SH02070	ILLUMINA	data/SH02070.R1.fq.gz	data/SH02070.R2.fq.gz
SH02071	ILLUMINA	data/SH02071.R1.fq.gz	data/SH02071.R2.fq.gz
SH02072	ILLUMINA	data/SH02072.R1.fq.gz	data/SH02072.R2.fq.gz
SH02081	ILLUMINA	data/SH02081.R1.fq.gz	data/SH02081.R2.fq.gz
SH02442	ILLUMINA	data/SH02442.R1.fq.gz	data/SH02442.R2.fq.gz
SH02447	ILLUMINA	data/SH02447.R1.fq.gz	data/SH02447.R2.fq.gz
SH02450	ILLUMINA	data/SH02450.R1.fq.gz	data/SH02450.R2.fq.gz
SH02454	ILLUMINA	data/SH02454.R1.fq.gz	data/SH02454.R2.fq.gz
SH02458	ILLUMINA	data/SH02458.R1.fq.gz	data/SH02458.R2.fq.gz
SH02465	ILLUMINA	data/SH02465.R1.fq.gz	data/SH02465.R2.fq.gz
SH02554	ILLUMINA	data/SH02554.R1.fq.gz	data/SH02554.R2.fq.gz
SH02565	ILLUMINA	data/SH02565.R1.fq.gz	data/SH02565.R2.fq.gz
SH02570	ILLUMINA	data/SH02570.R1.fq.gz	data/SH02570.R2.fq.gz
SH02585	ILLUMINA	data/SH02585.R1.fq.gz	data/SH02585.R2.fq.gz
SH02593	ILLUMINA	data/SH02593.R1.fq.gz	data/SH02593.R2.fq.gz
SH02598	ILLUMINA	data/SH02598.R1.fq.gz	data/SH02598.R2.fq.gz
SH02602	ILLUMINA	data/SH02602.R1.fq.gz	data/SH02602.R2.fq.gz
SH02605	ILLUMINA	data/SH02605.R1.fq.gz	data/SH02605.R2.fq.gz
SH02612	ILLUMINA	data/SH02612.R1.fq.gz	data/SH02612.R2.fq.gz
SH02709	ILLUMINA	data/SH02709.R1.fq.gz	data/SH02709.R2.fq.gz
SH02726	ILLUMINA	data/SH02726.R1.fq.gz	data/SH02726.R2.fq.gz
SH02727	ILLUMINA	data/SH02727.R1.fq.gz	data/SH02727.R2.fq.gz
SH02731	ILLUMINA	data/SH02731.R1.fq.gz	data/SH02731.R2.fq.gz
SH02742	ILLUMINA	data/SH02742.R1.fq.gz	data/SH02742.R2.fq.gz
SH02833	ILLUMINA	data/SH02833.R1.fq.gz	data/SH02833.R2.fq.gz
SH02978	ILLUMINA	data/SH02978.R1.fq.gz	data/SH02978.R2.fq.gz
SH02981	ILLUMINA	data/SH02981.R1.fq.gz	data/SH02981.R2.fq.gz
SH02996	ILLUMINA	data/SH02996.R1.fq.gz	data/SH02996.R2.fq.gz
SH02998	ILLUMINA	data/SH02998.R1.fq.gz	data/SH02998.R2.fq.gz
SH03101	ILLUMINA	data/SH03101.R1.fq.gz	data/SH03101.R2.fq.gz
SH03120	ILLUMINA	data/SH03120.R1.fq.gz	data/SH03120.R2.fq.gz
SH03129	ILLUMINA	data/SH03129.R1.fq.gz	data/SH03129.R2.fq.gz
SH03131	ILLUMINA	data/SH03131.R1.fq.gz	data/SH03131.R2.fq.gz
SH03141	ILLUMINA	data/SH03141.R1.fq.gz	data/SH03141.R2.fq.gz
SH03236	ILLUMINA	data/SH03236.R1.fq.gz	data/SH03236.R2.fq.gz
SH03445	ILLUMINA	data/SH03445.R1.fq.gz	data/SH03445.R2.fq.gz
SH03468	ILLUMINA	data/SH03468.R1.fq.gz	data/SH03468.R2.fq.gz
SH03470	ILLUMINA	data/SH03470.R1.fq.gz	data/SH03470.R2.fq.gz
SH03588	ILLUMINA	data/SH03588.R1.fq.gz	data/SH03588.R2.fq.gz
SH03870	ILLUMINA	data/SH03870.R1.fq.gz	data/SH03870.R2.fq.gz
SH03872	ILLUMINA	data/SH03872.R1.fq.gz	data/SH03872.R2.fq.gz
SH03875	ILLUMINA	data/SH03875.R1.fq.gz	data/SH03875.R2.fq.gz
SH03994	ILLUMINA	data/SH03994.R1.fq.gz	data/SH03994.R2.fq.gz
SH04294	ILLUMINA	data/SH04294.R1.fq.gz	data/SH04294.R2.fq.gz
SH04408	ILLUMINA	data/SH04408.R1.fq.gz	data/SH04408.R2.fq.gz
SH04415	ILLUMINA	data/SH04415.R1.fq.gz	data/SH04415.R2.fq.gz
SH04421	ILLUMINA	data/SH04421.R1.fq.gz	data/SH04421.R2.fq.gz
SH04513	ILLUMINA	data/SH04513.R1.fq.gz	data/SH04513.R2.fq.gz
SH04514	ILLUMINA	data/SH04514.R1.fq.gz	data/SH04514.R2.fq.gz
SH04875	ILLUMINA	data/SH04875.R1.fq.gz	data/SH04875.R2.fq.gz
SH04881	ILLUMINA	data/SH04881.R1.fq.gz	data/SH04881.R2.fq.gz
SH05027	ILLUMINA	data/SH05027.R1.fq.gz	data/SH05027.R2.fq.gz
SH05403	ILLUMINA	data/SH05403.R1.fq.gz	data/SH05403.R2.fq.gz
SH05428	ILLUMINA	data/SH05428.R1.fq.gz	data/SH05428.R2.fq.gz
SH05646	ILLUMINA	data/SH05646.R1.fq.gz	data/SH05646.R2.fq.gz
SH05688	ILLUMINA	data/SH05688.R1.fq.gz	data/SH05688.R2.fq.gz
SH05689	ILLUMINA	data/SH05689.R1.fq.gz	data/SH05689.R2.fq.gz
SH05919	ILLUMINA	data/SH05919.R1.fq.gz	data/SH05919.R2.fq.gz
SH05939	ILLUMINA	data/SH05939.R1.fq.gz	data/SH05939.R2.fq.gz
SH06137	ILLUMINA	data/SH06137.R1.fq.gz	data/SH06137.R2.fq.gz
SH06198	ILLUMINA	data/SH06198.R1.fq.gz	data/SH06198.R2.fq.gz
SH06325	ILLUMINA	data/SH06325.R1.fq.gz	data/SH06325.R2.fq.gz
SH06452	ILLUMINA	data/SH06452.R1.fq.gz	data/SH06452.R2.fq.gz
SH06556	ILLUMINA	data/SH06556.R1.fq.gz	data/SH06556.R2.fq.gz
SH06557	ILLUMINA	data/SH06557.R1.fq.gz	data/SH06557.R2.fq.gz
SH06560	ILLUMINA	data/SH06560.R1.fq.gz	data/SH06560.R2.fq.gz
SH06563	ILLUMINA	data/SH06563.R1.fq.gz	data/SH06563.R2.fq.gz
SH06565	ILLUMINA	data/SH06565.R1.fq.gz	data/SH06565.R2.fq.gz
SH06608	ILLUMINA	data/SH06608.R1.fq.gz	data/SH06608.R2.fq.gz
SH06623	ILLUMINA	data/SH06623.R1.fq.gz	data/SH06623.R2.fq.gz
SH06634	ILLUMINA	data/SH06634.R1.fq.gz	data/SH06634.R2.fq.gz
SH06733	ILLUMINA	data/SH06733.R1.fq.gz	data/SH06733.R2.fq.gz
SH06771	ILLUMINA	data/SH06771.R1.fq.gz	data/SH06771.R2.fq.gz
SH06856	ILLUMINA	data/SH06856.R1.fq.gz	data/SH06856.R2.fq.gz
SH06882	ILLUMINA	data/SH06882.R1.fq.gz	data/SH06882.R2.fq.gz
SH06885	ILLUMINA	data/SH06885.R1.fq.gz	data/SH06885.R2.fq.gz
SH07034	ILLUMINA	data/SH07034.R1.fq.gz	data/SH07034.R2.fq.gz
SH07036	ILLUMINA	data/SH07036.R1.fq.gz	data/SH07036.R2.fq.gz
SH07041	ILLUMINA	data/SH07041.R1.fq.gz	data/SH07041.R2.fq.gz
SH07142	ILLUMINA	data/SH07142.R1.fq.gz	data/SH07142.R2.fq.gz
SH07167	ILLUMINA	data/SH07167.R1.fq.gz	data/SH07167.R2.fq.gz
SH07277	ILLUMINA	data/SH07277.R1.fq.gz	data/SH07277.R2.fq.gz
SH07397	ILLUMINA	data/SH07397.R1.fq.gz	data/SH07397.R2.fq.gz
SH07631	ILLUMINA	data/SH07631.R1.fq.gz	data/SH07631.R2.fq.gz
SH07652	ILLUMINA	data/SH07652.R1.fq.gz	data/SH07652.R2.fq.gz
SH07659	ILLUMINA	data/SH07659.R1.fq.gz	data/SH07659.R2.fq.gz
SH07784	ILLUMINA	data/SH07784.R1.fq.gz	data/SH07784.R2.fq.gz
SH07887	ILLUMINA	data/SH07887.R1.fq.gz	data/SH07887.R2.fq.gz
SH07895	ILLUMINA	data/SH07895.R1.fq.gz	data/SH07895.R2.fq.gz
SH07906	ILLUMINA	data/SH07906.R1.fq.gz	data/SH07906.R2.fq.gz
SH07907	ILLUMINA	data/SH07907.R1.fq.gz	data/SH07907.R2.fq.gz
SH08260	ILLUMINA	data/SH08260.R1.fq.gz	data/SH08260.R2.fq.gz
SH08271	ILLUMINA	data/SH08271.R1.fq.gz	data/SH08271.R2.fq.gz
SH08272	ILLUMINA	data/SH08272.R1.fq.gz	data/SH08272.R2.fq.gz
SH08274	ILLUMINA	data/SH08274.R1.fq.gz	data/SH08274.R2.fq.gz
SH08277	ILLUMINA	data/SH08277.R1.fq.gz	data/SH08277.R2.fq.gz
SH08279	ILLUMINA	data/SH08279.R1.fq.gz	data/SH08279.R2.fq.gz
SH08371	ILLUMINA	data/SH08371.R1.fq.gz	data/SH08371.R2.fq.gz
SH08391	ILLUMINA	data/SH08391.R1.fq.gz	data/SH08391.R2.fq.gz
SH08420	ILLUMINA	data/SH08420.R1.fq.gz	data/SH08420.R2.fq.gz
SH08559	ILLUMINA	data/SH08559.R1.fq.gz	data/SH08559.R2.fq.gz
SH10281	ILLUMINA	data/SH10281.R1.fq.gz	data/SH10281.R2.fq.gz
SH10425	ILLUMINA	data/SH10425.R1.fq.gz	data/SH10425.R2.fq.gz
SH10484	ILLUMINA	data/SH10484.R1.fq.gz	data/SH10484.R2.fq.gz
SH10604	ILLUMINA	data/SH10604.R1.fq.gz	data/SH10604.R2.fq.gz
SH10618	ILLUMINA	data/SH10618.R1.fq.gz	data/SH10618.R2.fq.gz
SH11354	ILLUMINA	data/SH11354.R1.fq.gz	data/SH11354.R2.fq.gz
SH11355	ILLUMINA	data/SH11355.R1.fq.gz	data/SH11355.R2.fq.gz
SH11946	ILLUMINA	data/SH11946.R1.fq.gz	data/SH11946.R2.fq.gz
SH12103	ILLUMINA	data/SH12103.R1.fq.gz	data/SH12103.R2.fq.gz
SH12109	ILLUMINA	data/SH12109.R1.fq.gz	data/SH12109.R2.fq.gz
SH12119	ILLUMINA	data/SH12119.R1.fq.gz	data/SH12119.R2.fq.gz
SH12156	ILLUMINA	data/SH12156.R1.fq.gz	data/SH12156.R2.fq.gz
SH12171	ILLUMINA	data/SH12171.R1.fq.gz	data/SH12171.R2.fq.gz
SH12177	ILLUMINA	data/SH12177.R1.fq.gz	data/SH12177.R2.fq.gz
SH12181	ILLUMINA	data/SH12181.R1.fq.gz	data/SH12181.R2.fq.gz
SH12316	ILLUMINA	data/SH12316.R1.fq.gz	data/SH12316.R2.fq.gz
SH12545	ILLUMINA	data/SH12545.R1.fq.gz	data/SH12545.R2.fq.gz
SH12727	ILLUMINA	data/SH12727.R1.fq.gz	data/SH12727.R2.fq.gz
SH12945	ILLUMINA	data/SH12945.R1.fq.gz	data/SH12945.R2.fq.gz
SH12955	ILLUMINA	data/SH12955.R1.fq.gz	data/SH12955.R2.fq.gz
SH12967	ILLUMINA	data/SH12967.R1.fq.gz	data/SH12967.R2.fq.gz
SH13109	ILLUMINA	data/SH13109.R1.fq.gz	data/SH13109.R2.fq.gz
SH13116	ILLUMINA	data/SH13116.R1.fq.gz	data/SH13116.R2.fq.gz
SH13269	ILLUMINA	data/SH13269.R1.fq.gz	data/SH13269.R2.fq.gz
SH13299	ILLUMINA	data/SH13299.R1.fq.gz	data/SH13299.R2.fq.gz
SH13321	ILLUMINA	data/SH13321.R1.fq.gz	data/SH13321.R2.fq.gz
SH13433	ILLUMINA	data/SH13433.R1.fq.gz	data/SH13433.R2.fq.gz
SH13450	ILLUMINA	data/SH13450.R1.fq.gz	data/SH13450.R2.fq.gz
SH13465	ILLUMINA	data/SH13465.R1.fq.gz	data/SH13465.R2.fq.gz
SH13496	ILLUMINA	data/SH13496.R1.fq.gz	data/SH13496.R2.fq.gz
SH13512	ILLUMINA	data/SH13512.R1.fq.gz	data/SH13512.R2.fq.gz
SH13605	ILLUMINA	data/SH13605.R1.fq.gz	data/SH13605.R2.fq.gz
SH13632	ILLUMINA	data/SH13632.R1.fq.gz	data/SH13632.R2.fq.gz
SH13698	ILLUMINA	data/SH13698.R1.fq.gz	data/SH13698.R2.fq.gz
SH13715	ILLUMINA	data/SH13715.R1.fq.gz	data/SH13715.R2.fq.gz
SH13716	ILLUMINA	data/SH13716.R1.fq.gz	data/SH13716.R2.fq.gz
SH13903	ILLUMINA	data/SH13903.R1.fq.gz	data/SH13903.R2.fq.gz
SH13926	ILLUMINA	data/SH13926.R1.fq.gz	data/SH13926.R2.fq.gz
SH13929	ILLUMINA	data/SH13929.R1.fq.gz	data/SH13929.R2.fq.gz
SH14044	ILLUMINA	data/SH14044.R1.fq.gz	data/SH14044.R2.fq.gz
SH14058	ILLUMINA	data/SH14058.R1.fq.gz	data/SH14058.R2.fq.gz
SH14074	ILLUMINA	data/SH14074.R1.fq.gz	data/SH14074.R2.fq.gz
SH14116	ILLUMINA	data/SH14116.R1.fq.gz	data/SH14116.R2.fq.gz
SH14273	ILLUMINA	data/SH14273.R1.fq.gz	data/SH14273.R2.fq.gz
SH15246	ILLUMINA	data/SH15246.R1.fq.gz	data/SH15246.R2.fq.gz
SH15378	ILLUMINA	data/SH15378.R1.fq.gz	data/SH15378.R2.fq.gz
SH15425	ILLUMINA	data/SH15425.R1.fq.gz	data/SH15425.R2.fq.gz
SH15434	ILLUMINA	data/SH15434.R1.fq.gz	data/SH15434.R2.fq.gz
SH15457	ILLUMINA	data/SH15457.R1.fq.gz	data/SH15457.R2.fq.gz
SH15473	ILLUMINA	data/SH15473.R1.fq.gz	data/SH15473.R2.fq.gz
SH15475	ILLUMINA	data/SH15475.R1.fq.gz	data/SH15475.R2.fq.gz
SH15591	ILLUMINA	data/SH15591.R1.fq.gz	data/SH15591.R2.fq.gz
SH15599	ILLUMINA	data/SH15599.R1.fq.gz	data/SH15599.R2.fq.gz
SH15619	ILLUMINA	data/SH15619.R1.fq.gz	data/SH15619.R2.fq.gz
SH15620	ILLUMINA	data/SH15620.R1.fq.gz	data/SH15620.R2.fq.gz
SH15623	ILLUMINA	data/SH15623.R1.fq.gz	data/SH15623.R2.fq.gz
SH15639	ILLUMINA	data/SH15639.R1.fq.gz	data/SH15639.R2.fq.gz
SH15658	ILLUMINA	data/SH15658.R1.fq.gz	data/SH15658.R2.fq.gz
SH15660	ILLUMINA	data/SH15660.R1.fq.gz	data/SH15660.R2.fq.gz
SH15667	ILLUMINA	data/SH15667.R1.fq.gz	data/SH15667.R2.fq.gz
SH15673	ILLUMINA	data/SH15673.R1.fq.gz	data/SH15673.R2.fq.gz
SH15674	ILLUMINA	data/SH15674.R1.fq.gz	data/SH15674.R2.fq.gz
SH15773	ILLUMINA	data/SH15773.R1.fq.gz	data/SH15773.R2.fq.gz
SH15785	ILLUMINA	data/SH15785.R1.fq.gz	data/SH15785.R2.fq.gz
SH15797	ILLUMINA	data/SH15797.R1.fq.gz	data/SH15797.R2.fq.gz
SH15816	ILLUMINA	data/SH15816.R1.fq.gz	data/SH15816.R2.fq.gz
SH15861	ILLUMINA	data/SH15861.R1.fq.gz	data/SH15861.R2.fq.gz
SH16005	ILLUMINA	data/SH16005.R1.fq.gz	data/SH16005.R2.fq.gz
SH16022	ILLUMINA	data/SH16022.R1.fq.gz	data/SH16022.R2.fq.gz
SH16157	ILLUMINA	data/SH16157.R1.fq.gz	data/SH16157.R2.fq.gz
SH16166	ILLUMINA	data/SH16166.R1.fq.gz	data/SH16166.R2.fq.gz
SH16170	ILLUMINA	data/SH16170.R1.fq.gz	data/SH16170.R2.fq.gz
SH16177	ILLUMINA	data/SH16177.R1.fq.gz	data/SH16177.R2.fq.gz
SH16185	ILLUMINA	data/SH16185.R1.fq.gz	data/SH16185.R2.fq.gz
SH16199	ILLUMINA	data/SH16199.R1.fq.gz	data/SH16199.R2.fq.gz
SH16215	ILLUMINA	data/SH16215.R1.fq.gz	data/SH16215.R2.fq.gz
SH16218	ILLUMINA	data/SH16218.R1.fq.gz	data/SH16218.R2.fq.gz
SH16327	ILLUMINA	data/SH16327.R1.fq.gz	data/SH16327.R2.fq.gz
SH16370	ILLUMINA	data/SH16370.R1.fq.gz	data/SH16370.R2.fq.gz
SH16383	ILLUMINA	data/SH16383.R1.fq.gz	data/SH16383.R2.fq.gz
SH16389	ILLUMINA	data/SH16389.R1.fq.gz	data/SH16389.R2.fq.gz
SH16464	ILLUMINA	data/SH16464.R1.fq.gz	data/SH16464.R2.fq.gz
SH16510	ILLUMINA	data/SH16510.R1.fq.gz	data/SH16510.R2.fq.gz
SH16512	ILLUMINA	data/SH16512.R1.fq.gz	data/SH16512.R2.fq.gz
SH16528	ILLUMINA	data/SH16528.R1.fq.gz	data/SH16528.R2.fq.gz
SH16724	ILLUMINA	data/SH16724.R1.fq.gz	data/SH16724.R2.fq.gz
SH16736	ILLUMINA	data/SH16736.R1.fq.gz	data/SH16736.R2.fq.gz
SH16738	ILLUMINA	data/SH16738.R1.fq.gz	data/SH16738.R2.fq.gz
SH16922	ILLUMINA	data/SH16922.R1.fq.gz	data/SH16922.R2.fq.gz
SH17079	ILLUMINA	data/SH17079.R1.fq.gz	data/SH17079.R2.fq.gz
SH17082	ILLUMINA	data/SH17082.R1.fq.gz	data/SH17082.R2.fq.gz
SH17084	ILLUMINA	data/SH17084.R1.fq.gz	data/SH17084.R2.fq.gz
SH17106	ILLUMINA	data/SH17106.R1.fq.gz	data/SH17106.R2.fq.gz
SH17117	ILLUMINA	data/SH17117.R1.fq.gz	data/SH17117.R2.fq.gz
SH17118	ILLUMINA	data/SH17118.R1.fq.gz	data/SH17118.R2.fq.gz
SH17120	ILLUMINA	data/SH17120.R1.fq.gz	data/SH17120.R2.fq.gz
SH17249	ILLUMINA	data/SH17249.R1.fq.gz	data/SH17249.R2.fq.gz
SH17259	ILLUMINA	data/SH17259.R1.fq.gz	data/SH17259.R2.fq.gz
SH17263	ILLUMINA	data/SH17263.R1.fq.gz	data/SH17263.R2.fq.gz
SH17265	ILLUMINA	data/SH17265.R1.fq.gz	data/SH17265.R2.fq.gz
SH17266	ILLUMINA	data/SH17266.R1.fq.gz	data/SH17266.R2.fq.gz
SH00001	ILLUMINA	data/SH00001.R1.fq.gz	data/SH00001.R2.fq.gz
SH00002	ILLUMINA	data/SH00002.R1.fq.gz	data/SH00002.R2.fq.gz
SH00003	ILLUMINA	data/SH00003.R1.fq.gz	data/SH00003.R2.fq.gz
SH00004	ILLUMINA	data/SH00004.R1.fq.gz	data/SH00004.R2.fq.gz
SH00005	ILLUMINA	data/SH00005.R1.fq.gz	data/SH00005.R2.fq.gz
SH00006	ILLUMINA	data/SH00006.R1.fq.gz	data/SH00006.R2.fq.gz
SH00007	ILLUMINA	data/SH00007.R1.fq.gz	data/SH00007.R2.fq.gz
SH00008	ILLUMINA	data/SH00008.R1.fq.gz	data/SH00008.R2.fq.gz
SH00009	ILLUMINA	data/SH00009.R1.fq.gz	data/SH00009.R2.fq.gz
SH00010	ILLUMINA	data/SH00010.R1.fq.gz	data/SH00010.R2.fq.gz
SH00011	ILLUMINA	data/SH00011.R1.fq.gz	data/SH00011.R2.fq.gz
SH00012	ILLUMINA	data/SH00012.R1.fq.gz	data/SH00012.R2.fq.gz
SH00013	ILLUMINA	data/SH00013.R1.fq.gz	data/SH00013.R2.fq.gz
SH00014	ILLUMINA	data/SH00014.R1.fq.gz	data/SH00014.R2.fq.gz
SH00015	ILLUMINA	data/SH00015.R1.fq.gz	data/SH00015.R2.fq.gz
SH00016	ILLUMINA	data/SH00016.R1.fq.gz	data/SH00016.R2.fq.gz
SH00017	ILLUMINA	data/SH00017.R1.fq.gz	data/SH00017.R2.fq.gz
SH00019	ILLUMINA	data/SH00019.R1.fq.gz	data/SH00019.R2.fq.gz
SH00020	ILLUMINA	data/SH00020.R1.fq.gz	data/SH00020.R2.fq.gz
SH00021	ILLUMINA	data/SH00021.R1.fq.gz	data/SH00021.R2.fq.gz
SH00022	ILLUMINA	data/SH00022.R1.fq.gz	data/SH00022.R2.fq.gz
SH00024	ILLUMINA	data/SH00024.R1.fq.gz	data/SH00024.R2.fq.gz
SH00026	ILLUMINA	data/SH00026.R1.fq.gz	data/SH00026.R2.fq.gz
SH00028	ILLUMINA	data/SH00028.R1.fq.gz	data/SH00028.R2.fq.gz
SH00029	ILLUMINA	data/SH00029.R1.fq.gz	data/SH00029.R2.fq.gz
SH00031	ILLUMINA	data/SH00031.R1.fq.gz	data/SH00031.R2.fq.gz
SH00032	ILLUMINA	data/SH00032.R1.fq.gz	data/SH00032.R2.fq.gz
SH00033	ILLUMINA	data/SH00033.R1.fq.gz	data/SH00033.R2.fq.gz
SH00034	ILLUMINA	data/SH00034.R1.fq.gz	data/SH00034.R2.fq.gz
SH00035	ILLUMINA	data/SH00035.R1.fq.gz	data/SH00035.R2.fq.gz
SH00036	ILLUMINA	data/SH00036.R1.fq.gz	data/SH00036.R2.fq.gz
SH00037	ILLUMINA	data/SH00037.R1.fq.gz	data/SH00037.R2.fq.gz
SH00038	ILLUMINA	data/SH00038.R1.fq.gz	data/SH00038.R2.fq.gz
SH00039	ILLUMINA	data/SH00039.R1.fq.gz	data/SH00039.R2.fq.gz
SH00040	ILLUMINA	data/SH00040.R1.fq.gz	data/SH00040.R2.fq.gz
SH00041	ILLUMINA	data/SH00041.R1.fq.gz	data/SH00041.R2.fq.gz
SH00042	ILLUMINA	data/SH00042.R1.fq.gz	data/SH00042.R2.fq.gz
SH00043	ILLUMINA	data/SH00043.R1.fq.gz	data/SH00043.R2.fq.gz
SH00044	ILLUMINA	data/SH00044.R1.fq.gz	data/SH00044.R2.fq.gz
SH00045	ILLUMINA	data/SH00045.R1.fq.gz	data/SH00045.R2.fq.gz
SH00046	ILLUMINA	data/SH00046.R1.fq.gz	data/SH00046.R2.fq.gz
SH00047	ILLUMINA	data/SH00047.R1.fq.gz	data/SH00047.R2.fq.gz
SH00048	ILLUMINA	data/SH00048.R1.fq.gz	data/SH00048.R2.fq.gz
SH00049	ILLUMINA	data/SH00049.R1.fq.gz	data/SH00049.R2.fq.gz
SH00050	ILLUMINA	data/SH00050.R1.fq.gz	data/SH00050.R2.fq.gz
SH00051	ILLUMINA	data/SH00051.R1.fq.gz	data/SH00051.R2.fq.gz
SH00053	ILLUMINA	data/SH00053.R1.fq.gz	data/SH00053.R2.fq.gz
SH00055	ILLUMINA	data/SH00055.R1.fq.gz	data/SH00055.R2.fq.gz
SH00056	ILLUMINA	data/SH00056.R1.fq.gz	data/SH00056.R2.fq.gz
SH00057	ILLUMINA	data/SH00057.R1.fq.gz	data/SH00057.R2.fq.gz
SH00058	ILLUMINA	data/SH00058.R1.fq.gz	data/SH00058.R2.fq.gz
SH00060	ILLUMINA	data/SH00060.R1.fq.gz	data/SH00060.R2.fq.gz
SH00061	ILLUMINA	data/SH00061.R1.fq.gz	data/SH00061.R2.fq.gz
SH00062	ILLUMINA	data/SH00062.R1.fq.gz	data/SH00062.R2.fq.gz
SH00063	ILLUMINA	data/SH00063.R1.fq.gz	data/SH00063.R2.fq.gz
SH00064	ILLUMINA	data/SH00064.R1.fq.gz	data/SH00064.R2.fq.gz
SH00065	ILLUMINA	data/SH00065.R1.fq.gz	data/SH00065.R2.fq.gz
SH00067	ILLUMINA	data/SH00067.R1.fq.gz	data/SH00067.R2.fq.gz
SH00068	ILLUMINA	data/SH00068.R1.fq.gz	data/SH00068.R2.fq.gz
SH00069	ILLUMINA	data/SH00069.R1.fq.gz	data/SH00069.R2.fq.gz
SH00070	ILLUMINA	data/SH00070.R1.fq.gz	data/SH00070.R2.fq.gz
SH00071	ILLUMINA	data/SH00071.R1.fq.gz	data/SH00071.R2.fq.gz
SH00072	ILLUMINA	data/SH00072.R1.fq.gz	data/SH00072.R2.fq.gz
SH00073	ILLUMINA	data/SH00073.R1.fq.gz	data/SH00073.R2.fq.gz
SH00075	ILLUMINA	data/SH00075.R1.fq.gz	data/SH00075.R2.fq.gz
SH00076	ILLUMINA	data/SH00076.R1.fq.gz	data/SH00076.R2.fq.gz
SH00077	ILLUMINA	data/SH00077.R1.fq.gz	data/SH00077.R2.fq.gz
SH00078	ILLUMINA	data/SH00078.R1.fq.gz	data/SH00078.R2.fq.gz
SH00079	ILLUMINA	data/SH00079.R1.fq.gz	data/SH00079.R2.fq.gz
SH00080	ILLUMINA	data/SH00080.R1.fq.gz	data/SH00080.R2.fq.gz
SH00081	ILLUMINA	data/SH00081.R1.fq.gz	data/SH00081.R2.fq.gz
SH00082	ILLUMINA	data/SH00082.R1.fq.gz	data/SH00082.R2.fq.gz
SH00083	ILLUMINA	data/SH00083.R1.fq.gz	data/SH00083.R2.fq.gz
SH00084	ILLUMINA	data/SH00084.R1.fq.gz	data/SH00084.R2.fq.gz
SH00085	ILLUMINA	data/SH00085.R1.fq.gz	data/SH00085.R2.fq.gz
SH00086	ILLUMINA	data/SH00086.R1.fq.gz	data/SH00086.R2.fq.gz
SH00087	ILLUMINA	data/SH00087.R1.fq.gz	data/SH00087.R2.fq.gz
SH00088	ILLUMINA	data/SH00088.R1.fq.gz	data/SH00088.R2.fq.gz
SH00089	ILLUMINA	data/SH00089.R1.fq.gz	data/SH00089.R2.fq.gz
SH00091	ILLUMINA	data/SH00091.R1.fq.gz	data/SH00091.R2.fq.gz
SH00092	ILLUMINA	data/SH00092.R1.fq.gz	data/SH00092.R2.fq.gz
SH00093	ILLUMINA	data/SH00093.R1.fq.gz	data/SH00093.R2.fq.gz
SH00094	ILLUMINA	data/SH00094.R1.fq.gz	data/SH00094.R2.fq.gz
SH00095	ILLUMINA	data/SH00095.R1.fq.gz	data/SH00095.R2.fq.gz
SH00096	ILLUMINA	data/SH00096.R1.fq.gz	data/SH00096.R2.fq.gz
SH00097	ILLUMINA	data/SH00097.R1.fq.gz	data/SH00097.R2.fq.gz
SH00098	ILLUMINA	data/SH00098.R1.fq.gz	data/SH00098.R2.fq.gz
SH00099	ILLUMINA	data/SH00099.R1.fq.gz	data/SH00099.R2.fq.gz
SH00100	ILLUMINA	data/SH00100.R1.fq.gz	data/SH00100.R2.fq.gz
SH00101	ILLUMINA	data/SH00101.R1.fq.gz	data/SH00101.R2.fq.gz
SH00103	ILLUMINA	data/SH00103.R1.fq.gz	data/SH00103.R2.fq.gz
SH00104	ILLUMINA	data/SH00104.R1.fq.gz	data/SH00104.R2.fq.gz
SH00105	ILLUMINA	data/SH00105.R1.fq.gz	data/SH00105.R2.fq.gz
SH00106	ILLUMINA	data/SH00106.R1.fq.gz	data/SH00106.R2.fq.gz
SH00107	ILLUMINA	data/SH00107.R1.fq.gz	data/SH00107.R2.fq.gz
SH00108	ILLUMINA	data/SH00108.R1.fq.gz	data/SH00108.R2.fq.gz
SH00109	ILLUMINA	data/SH00109.R1.fq.gz	data/SH00109.R2.fq.gz
SH00110	ILLUMINA	data/SH00110.R1.fq.gz	data/SH00110.R2.fq.gz
SH00111	ILLUMINA	data/SH00111.R1.fq.gz	data/SH00111.R2.fq.gz
SH00112	ILLUMINA	data/SH00112.R1.fq.gz	data/SH00112.R2.fq.gz
SH00113	ILLUMINA	data/SH00113.R1.fq.gz	data/SH00113.R2.fq.gz
SH00114	ILLUMINA	data/SH00114.R1.fq.gz	data/SH00114.R2.fq.gz
SH00115	ILLUMINA	data/SH00115.R1.fq.gz	data/SH00115.R2.fq.gz
SH00117	ILLUMINA	data/SH00117.R1.fq.gz	data/SH00117.R2.fq.gz
SH00118	ILLUMINA	data/SH00118.R1.fq.gz	data/SH00118.R2.fq.gz
SH00119	ILLUMINA	data/SH00119.R1.fq.gz	data/SH00119.R2.fq.gz
SH00120	ILLUMINA	data/SH00120.R1.fq.gz	data/SH00120.R2.fq.gz
SH00121	ILLUMINA	data/SH00121.R1.fq.gz	data/SH00121.R2.fq.gz
SH00122	ILLUMINA	data/SH00122.R1.fq.gz	data/SH00122.R2.fq.gz
SH00123	ILLUMINA	data/SH00123.R1.fq.gz	data/SH00123.R2.fq.gz
SH00124	ILLUMINA	data/SH00124.R1.fq.gz	data/SH00124.R2.fq.gz
SH00125	ILLUMINA	data/SH00125.R1.fq.gz	data/SH00125.R2.fq.gz
SH00126	ILLUMINA	data/SH00126.R1.fq.gz	data/SH00126.R2.fq.gz
SH00127	ILLUMINA	data/SH00127.R1.fq.gz	data/SH00127.R2.fq.gz
SH00129	ILLUMINA	data/SH00129.R1.fq.gz	data/SH00129.R2.fq.gz
SH00130	ILLUMINA	data/SH00130.R1.fq.gz	data/SH00130.R2.fq.gz
SH00131	ILLUMINA	data/SH00131.R1.fq.gz	data/SH00131.R2.fq.gz
SH00132	ILLUMINA	data/SH00132.R1.fq.gz	data/SH00132.R2.fq.gz
SH00133	ILLUMINA	data/SH00133.R1.fq.gz	data/SH00133.R2.fq.gz
SH00134	ILLUMINA	data/SH00134.R1.fq.gz	data/SH00134.R2.fq.gz
SH00135	ILLUMINA	data/SH00135.R1.fq.gz	data/SH00135.R2.fq.gz
SH00136	ILLUMINA	data/SH00136.R1.fq.gz	data/SH00136.R2.fq.gz
SH00137	ILLUMINA	data/SH00137.R1.fq.gz	data/SH00137.R2.fq.gz
SH00138	ILLUMINA	data/SH00138.R1.fq.gz	data/SH00138.R2.fq.gz
SH00139	ILLUMINA	data/SH00139.R1.fq.gz	data/SH00139.R2.fq.gz
SH00140	ILLUMINA	data/SH00140.R1.fq.gz	data/SH00140.R2.fq.gz
SH00141	ILLUMINA	data/SH00141.R1.fq.gz	data/SH00141.R2.fq.gz
SH00142	ILLUMINA	data/SH00142.R1.fq.gz	data/SH00142.R2.fq.gz
SH00143	ILLUMINA	data/SH00143.R1.fq.gz	data/SH00143.R2.fq.gz
SH00144	ILLUMINA	data/SH00144.R1.fq.gz	data/SH00144.R2.fq.gz
SH00146	ILLUMINA	data/SH00146.R1.fq.gz	data/SH00146.R2.fq.gz
SH00147	ILLUMINA	data/SH00147.R1.fq.gz	data/SH00147.R2.fq.gz
SH00148	ILLUMINA	data/SH00148.R1.fq.gz	data/SH00148.R2.fq.gz
SH00149	ILLUMINA	data/SH00149.R1.fq.gz	data/SH00149.R2.fq.gz
SH00150	ILLUMINA	data/SH00150.R1.fq.gz	data/SH00150.R2.fq.gz
SH00151	ILLUMINA	data/SH00151.R1.fq.gz	data/SH00151.R2.fq.gz
SH00153	ILLUMINA	data/SH00153.R1.fq.gz	data/SH00153.R2.fq.gz
SH00155	ILLUMINA	data/SH00155.R1.fq.gz	data/SH00155.R2.fq.gz
SH00157	ILLUMINA	data/SH00157.R1.fq.gz	data/SH00157.R2.fq.gz
SH00158	ILLUMINA	data/SH00158.R1.fq.gz	data/SH00158.R2.fq.gz
SH00160	ILLUMINA	data/SH00160.R1.fq.gz	data/SH00160.R2.fq.gz
SH00161	ILLUMINA	data/SH00161.R1.fq.gz	data/SH00161.R2.fq.gz
SH00162	ILLUMINA	data/SH00162.R1.fq.gz	data/SH00162.R2.fq.gz
SH00163	ILLUMINA	data/SH00163.R1.fq.gz	data/SH00163.R2.fq.gz
SH00164	ILLUMINA	data/SH00164.R1.fq.gz	data/SH00164.R2.fq.gz
SH00165	ILLUMINA	data/SH00165.R1.fq.gz	data/SH00165.R2.fq.gz
SH00166	ILLUMINA	data/SH00166.R1.fq.gz	data/SH00166.R2.fq.gz
SH00168	ILLUMINA	data/SH00168.R1.fq.gz	data/SH00168.R2.fq.gz
SH00170	ILLUMINA	data/SH00170.R1.fq.gz	data/SH00170.R2.fq.gz
SH00171	ILLUMINA	data/SH00171.R1.fq.gz	data/SH00171.R2.fq.gz
SH00172	ILLUMINA	data/SH00172.R1.fq.gz	data/SH00172.R2.fq.gz
SH00173	ILLUMINA	data/SH00173.R1.fq.gz	data/SH00173.R2.fq.gz
SH00174	ILLUMINA	data/SH00174.R1.fq.gz	data/SH00174.R2.fq.gz
SH00175	ILLUMINA	data/SH00175.R1.fq.gz	data/SH00175.R2.fq.gz
SH00176	ILLUMINA	data/SH00176.R1.fq.gz	data/SH00176.R2.fq.gz
SH00177	ILLUMINA	data/SH00177.R1.fq.gz	data/SH00177.R2.fq.gz
SH00180	ILLUMINA	data/SH00180.R1.fq.gz	data/SH00180.R2.fq.gz
SH00182	ILLUMINA	data/SH00182.R1.fq.gz	data/SH00182.R2.fq.gz
SH00183	ILLUMINA	data/SH00183.R1.fq.gz	data/SH00183.R2.fq.gz
SH00184	ILLUMINA	data/SH00184.R1.fq.gz	data/SH00184.R2.fq.gz
SH00185	ILLUMINA	data/SH00185.R1.fq.gz	data/SH00185.R2.fq.gz
SH00186	ILLUMINA	data/SH00186.R1.fq.gz	data/SH00186.R2.fq.gz
SH00187	ILLUMINA	data/SH00187.R1.fq.gz	data/SH00187.R2.fq.gz
SH00188	ILLUMINA	data/SH00188.R1.fq.gz	data/SH00188.R2.fq.gz
SH00189	ILLUMINA	data/SH00189.R1.fq.gz	data/SH00189.R2.fq.gz
SH00191	ILLUMINA	data/SH00191.R1.fq.gz	data/SH00191.R2.fq.gz
SH00192	ILLUMINA	data/SH00192.R1.fq.gz	data/SH00192.R2.fq.gz
SH00193	ILLUMINA	data/SH00193.R1.fq.gz	data/SH00193.R2.fq.gz
SH00194	ILLUMINA	data/SH00194.R1.fq.gz	data/SH00194.R2.fq.gz
SH00195	ILLUMINA	data/SH00195.R1.fq.gz	data/SH00195.R2.fq.gz
SH00196	ILLUMINA	data/SH00196.R1.fq.gz	data/SH00196.R2.fq.gz
SH00197	ILLUMINA	data/SH00197.R1.fq.gz	data/SH00197.R2.fq.gz
SH00198	ILLUMINA	data/SH00198.R1.fq.gz	data/SH00198.R2.fq.gz
SH00199	ILLUMINA	data/SH00199.R1.fq.gz	data/SH00199.R2.fq.gz
SH00200	ILLUMINA	data/SH00200.R1.fq.gz	data/SH00200.R2.fq.gz
SH00202	ILLUMINA	data/SH00202.R1.fq.gz	data/SH00202.R2.fq.gz
SH00203	ILLUMINA	data/SH00203.R1.fq.gz	data/SH00203.R2.fq.gz
SH00204	ILLUMINA	data/SH00204.R1.fq.gz	data/SH00204.R2.fq.gz
SH00206	ILLUMINA	data/SH00206.R1.fq.gz	data/SH00206.R2.fq.gz
SH00207	ILLUMINA	data/SH00207.R1.fq.gz	data/SH00207.R2.fq.gz
SH00208	ILLUMINA	data/SH00208.R1.fq.gz	data/SH00208.R2.fq.gz
SH00209	ILLUMINA	data/SH00209.R1.fq.gz	data/SH00209.R2.fq.gz
SH00210	ILLUMINA	data/SH00210.R1.fq.gz	data/SH00210.R2.fq.gz
SH00211	ILLUMINA	data/SH00211.R1.fq.gz	data/SH00211.R2.fq.gz
SH00212	ILLUMINA	data/SH00212.R1.fq.gz	data/SH00212.R2.fq.gz
SH00213	ILLUMINA	data/SH00213.R1.fq.gz	data/SH00213.R2.fq.gz
SH00214	ILLUMINA	data/SH00214.R1.fq.gz	data/SH00214.R2.fq.gz
SH00215	ILLUMINA	data/SH00215.R1.fq.gz	data/SH00215.R2.fq.gz
SH00216	ILLUMINA	data/SH00216.R1.fq.gz	data/SH00216.R2.fq.gz
SH00217	ILLUMINA	data/SH00217.R1.fq.gz	data/SH00217.R2.fq.gz
SH00218	ILLUMINA	data/SH00218.R1.fq.gz	data/SH00218.R2.fq.gz
SH00219	ILLUMINA	data/SH00219.R1.fq.gz	data/SH00219.R2.fq.gz
SH00221	ILLUMINA	data/SH00221.R1.fq.gz	data/SH00221.R2.fq.gz
SH00222	ILLUMINA	data/SH00222.R1.fq.gz	data/SH00222.R2.fq.gz
SH00223	ILLUMINA	data/SH00223.R1.fq.gz	data/SH00223.R2.fq.gz
SH00224	ILLUMINA	data/SH00224.R1.fq.gz	data/SH00224.R2.fq.gz
SH00225	ILLUMINA	data/SH00225.R1.fq.gz	data/SH00225.R2.fq.gz
SH00226	ILLUMINA	data/SH00226.R1.fq.gz	data/SH00226.R2.fq.gz
SH00227	ILLUMINA	data/SH00227.R1.fq.gz	data/SH00227.R2.fq.gz
SH00229	ILLUMINA	data/SH00229.R1.fq.gz	data/SH00229.R2.fq.gz
SH00230	ILLUMINA	data/SH00230.R1.fq.gz	data/SH00230.R2.fq.gz
SH00231	ILLUMINA	data/SH00231.R1.fq.gz	data/SH00231.R2.fq.gz
SH00232	ILLUMINA	data/SH00232.R1.fq.gz	data/SH00232.R2.fq.gz
SH00233	ILLUMINA	data/SH00233.R1.fq.gz	data/SH00233.R2.fq.gz
SH00234	ILLUMINA	data/SH00234.R1.fq.gz	data/SH00234.R2.fq.gz
SH00235	ILLUMINA	data/SH00235.R1.fq.gz	data/SH00235.R2.fq.gz
SH00236	ILLUMINA	data/SH00236.R1.fq.gz	data/SH00236.R2.fq.gz
SH00237	ILLUMINA	data/SH00237.R1.fq.gz	data/SH00237.R2.fq.gz
SH00238	ILLUMINA	data/SH00238.R1.fq.gz	data/SH00238.R2.fq.gz
SH00239	ILLUMINA	data/SH00239.R1.fq.gz	data/SH00239.R2.fq.gz
SH00240	ILLUMINA	data/SH00240.R1.fq.gz	data/SH00240.R2.fq.gz
SH00241	ILLUMINA	data/SH00241.R1.fq.gz	data/SH00241.R2.fq.gz
SH00245	ILLUMINA	data/SH00245.R1.fq.gz	data/SH00245.R2.fq.gz
SH00248	ILLUMINA	data/SH00248.R1.fq.gz	data/SH00248.R2.fq.gz
SH00253	ILLUMINA	data/SH00253.R1.fq.gz	data/SH00253.R2.fq.gz
SH00254	ILLUMINA	data/SH00254.R1.fq.gz	data/SH00254.R2.fq.gz
SH00255	ILLUMINA	data/SH00255.R1.fq.gz	data/SH00255.R2.fq.gz
SH00256	ILLUMINA	data/SH00256.R1.fq.gz	data/SH00256.R2.fq.gz
SH00257	ILLUMINA	data/SH00257.R1.fq.gz	data/SH00257.R2.fq.gz
SH00258	ILLUMINA	data/SH00258.R1.fq.gz	data/SH00258.R2.fq.gz
SH00259	ILLUMINA	data/SH00259.R1.fq.gz	data/SH00259.R2.fq.gz
SH00260	ILLUMINA	data/SH00260.R1.fq.gz	data/SH00260.R2.fq.gz
SH00261	ILLUMINA	data/SH00261.R1.fq.gz	data/SH00261.R2.fq.gz
SH00262	ILLUMINA	data/SH00262.R1.fq.gz	data/SH00262.R2.fq.gz
SH00263	ILLUMINA	data/SH00263.R1.fq.gz	data/SH00263.R2.fq.gz
SH00264	ILLUMINA	data/SH00264.R1.fq.gz	data/SH00264.R2.fq.gz
SH00265	ILLUMINA	data/SH00265.R1.fq.gz	data/SH00265.R2.fq.gz
SH00266	ILLUMINA	data/SH00266.R1.fq.gz	data/SH00266.R2.fq.gz
SH00267	ILLUMINA	data/SH00267.R1.fq.gz	data/SH00267.R2.fq.gz
SH00268	ILLUMINA	data/SH00268.R1.fq.gz	data/SH00268.R2.fq.gz
SH00269	ILLUMINA	data/SH00269.R1.fq.gz	data/SH00269.R2.fq.gz
SH00271	ILLUMINA	data/SH00271.R1.fq.gz	data/SH00271.R2.fq.gz
SH00272	ILLUMINA	data/SH00272.R1.fq.gz	data/SH00272.R2.fq.gz
SH00273	ILLUMINA	data/SH00273.R1.fq.gz	data/SH00273.R2.fq.gz
SH00274	ILLUMINA	data/SH00274.R1.fq.gz	data/SH00274.R2.fq.gz
SH00275	ILLUMINA	data/SH00275.R1.fq.gz	data/SH00275.R2.fq.gz
SH00276	ILLUMINA	data/SH00276.R1.fq.gz	data/SH00276.R2.fq.gz
SH00277	ILLUMINA	data/SH00277.R1.fq.gz	data/SH00277.R2.fq.gz
SH00278	ILLUMINA	data/SH00278.R1.fq.gz	data/SH00278.R2.fq.gz
SH00279	ILLUMINA	data/SH00279.R1.fq.gz	data/SH00279.R2.fq.gz
SH00280	ILLUMINA	data/SH00280.R1.fq.gz	data/SH00280.R2.fq.gz
SH00281	ILLUMINA	data/SH00281.R1.fq.gz	data/SH00281.R2.fq.gz
SH00282	ILLUMINA	data/SH00282.R1.fq.gz	data/SH00282.R2.fq.gz
SH00283	ILLUMINA	data/SH00283.R1.fq.gz	data/SH00283.R2.fq.gz
SH00284	ILLUMINA	data/SH00284.R1.fq.gz	data/SH00284.R2.fq.gz
SH00285	ILLUMINA	data/SH00285.R1.fq.gz	data/SH00285.R2.fq.gz
SH00286	ILLUMINA	data/SH00286.R1.fq.gz	data/SH00286.R2.fq.gz
SH00287	ILLUMINA	data/SH00287.R1.fq.gz	data/SH00287.R2.fq.gz
SH00288	ILLUMINA	data/SH00288.R1.fq.gz	data/SH00288.R2.fq.gz
SH00290	ILLUMINA	data/SH00290.R1.fq.gz	data/SH00290.R2.fq.gz
SH00291	ILLUMINA	data/SH00291.R1.fq.gz	data/SH00291.R2.fq.gz
SH00293	ILLUMINA	data/SH00293.R1.fq.gz	data/SH00293.R2.fq.gz
SH00294	ILLUMINA	data/SH00294.R1.fq.gz	data/SH00294.R2.fq.gz
SH00295	ILLUMINA	data/SH00295.R1.fq.gz	data/SH00295.R2.fq.gz
SH00297	ILLUMINA	data/SH00297.R1.fq.gz	data/SH00297.R2.fq.gz
SH00298	ILLUMINA	data/SH00298.R1.fq.gz	data/SH00298.R2.fq.gz
SH00299	ILLUMINA	data/SH00299.R1.fq.gz	data/SH00299.R2.fq.gz
SH00300	ILLUMINA	data/SH00300.R1.fq.gz	data/SH00300.R2.fq.gz
SH00301	ILLUMINA	data/SH00301.R1.fq.gz	data/SH00301.R2.fq.gz
SH00302	ILLUMINA	data/SH00302.R1.fq.gz	data/SH00302.R2.fq.gz
SH00303	ILLUMINA	data/SH00303.R1.fq.gz	data/SH00303.R2.fq.gz
SH00304	ILLUMINA	data/SH00304.R1.fq.gz	data/SH00304.R2.fq.gz
SH00305	ILLUMINA	data/SH00305.R1.fq.gz	data/SH00305.R2.fq.gz
SH00306	ILLUMINA	data/SH00306.R1.fq.gz	data/SH00306.R2.fq.gz
SH00307	ILLUMINA	data/SH00307.R1.fq.gz	data/SH00307.R2.fq.gz
SH00308	ILLUMINA	data/SH00308.R1.fq.gz	data/SH00308.R2.fq.gz
SH00309	ILLUMINA	data/SH00309.R1.fq.gz	data/SH00309.R2.fq.gz
SH00310	ILLUMINA	data/SH00310.R1.fq.gz	data/SH00310.R2.fq.gz
SH00311	ILLUMINA	data/SH00311.R1.fq.gz	data/SH00311.R2.fq.gz
SH00312	ILLUMINA	data/SH00312.R1.fq.gz	data/SH00312.R2.fq.gz
SH00313	ILLUMINA	data/SH00313.R1.fq.gz	data/SH00313.R2.fq.gz
SH00314	ILLUMINA	data/SH00314.R1.fq.gz	data/SH00314.R2.fq.gz
SH00315	ILLUMINA	data/SH00315.R1.fq.gz	data/SH00315.R2.fq.gz
SH00316	ILLUMINA	data/SH00316.R1.fq.gz	data/SH00316.R2.fq.gz
SH00317	ILLUMINA	data/SH00317.R1.fq.gz	data/SH00317.R2.fq.gz
SH00318	ILLUMINA	data/SH00318.R1.fq.gz	data/SH00318.R2.fq.gz
SH00319	ILLUMINA	data/SH00319.R1.fq.gz	data/SH00319.R2.fq.gz
SH00320	ILLUMINA	data/SH00320.R1.fq.gz	data/SH00320.R2.fq.gz
SH00321	ILLUMINA	data/SH00321.R1.fq.gz	data/SH00321.R2.fq.gz
SH00322	ILLUMINA	data/SH00322.R1.fq.gz	data/SH00322.R2.fq.gz
SH00323	ILLUMINA	data/SH00323.R1.fq.gz	data/SH00323.R2.fq.gz
SH00324	ILLUMINA	data/SH00324.R1.fq.gz	data/SH00324.R2.fq.gz
SH00325	ILLUMINA	data/SH00325.R1.fq.gz	data/SH00325.R2.fq.gz
SH00326	ILLUMINA	data/SH00326.R1.fq.gz	data/SH00326.R2.fq.gz
SH00327	ILLUMINA	data/SH00327.R1.fq.gz	data/SH00327.R2.fq.gz
SH00328	ILLUMINA	data/SH00328.R1.fq.gz	data/SH00328.R2.fq.gz
SH00329	ILLUMINA	data/SH00329.R1.fq.gz	data/SH00329.R2.fq.gz
SH00330	ILLUMINA	data/SH00330.R1.fq.gz	data/SH00330.R2.fq.gz
SH00331	ILLUMINA	data/SH00331.R1.fq.gz	data/SH00331.R2.fq.gz
SH00332	ILLUMINA	data/SH00332.R1.fq.gz	data/SH00332.R2.fq.gz
SH00333	ILLUMINA	data/SH00333.R1.fq.gz	data/SH00333.R2.fq.gz
SH00334	ILLUMINA	data/SH00334.R1.fq.gz	data/SH00334.R2.fq.gz
SH00335	ILLUMINA	data/SH00335.R1.fq.gz	data/SH00335.R2.fq.gz
SH00336	ILLUMINA	data/SH00336.R1.fq.gz	data/SH00336.R2.fq.gz
SH00337	ILLUMINA	data/SH00337.R1.fq.gz	data/SH00337.R2.fq.gz
SH00338	ILLUMINA	data/SH00338.R1.fq.gz	data/SH00338.R2.fq.gz
SH00339	ILLUMINA	data/SH00339.R1.fq.gz	data/SH00339.R2.fq.gz
SH00340	ILLUMINA	data/SH00340.R1.fq.gz	data/SH00340.R2.fq.gz
SH00341	ILLUMINA	data/SH00341.R1.fq.gz	data/SH00341.R2.fq.gz
SH00342	ILLUMINA	data/SH00342.R1.fq.gz	data/SH00342.R2.fq.gz
SH00343	ILLUMINA	data/SH00343.R1.fq.gz	data/SH00343.R2.fq.gz
SH00344	ILLUMINA	data/SH00344.R1.fq.gz	data/SH00344.R2.fq.gz
SH00345	ILLUMINA	data/SH00345.R1.fq.gz	data/SH00345.R2.fq.gz
SH00346	ILLUMINA	data/SH00346.R1.fq.gz	data/SH00346.R2.fq.gz
SH00347	ILLUMINA	data/SH00347.R1.fq.gz	data/SH00347.R2.fq.gz
SH00348	ILLUMINA	data/SH00348.R1.fq.gz	data/SH00348.R2.fq.gz
SH00349	ILLUMINA	data/SH00349.R1.fq.gz	data/SH00349.R2.fq.gz
SH00350	ILLUMINA	data/SH00350.R1.fq.gz	data/SH00350.R2.fq.gz
SH00351	ILLUMINA	data/SH00351.R1.fq.gz	data/SH00351.R2.fq.gz
SH00352	ILLUMINA	data/SH00352.R1.fq.gz	data/SH00352.R2.fq.gz
SH00353	ILLUMINA	data/SH00353.R1.fq.gz	data/SH00353.R2.fq.gz
SH00354	ILLUMINA	data/SH00354.R1.fq.gz	data/SH00354.R2.fq.gz
SH00355	ILLUMINA	data/SH00355.R1.fq.gz	data/SH00355.R2.fq.gz
SH00356	ILLUMINA	data/SH00356.R1.fq.gz	data/SH00356.R2.fq.gz
SH00357	ILLUMINA	data/SH00357.R1.fq.gz	data/SH00357.R2.fq.gz
SH00358	ILLUMINA	data/SH00358.R1.fq.gz	data/SH00358.R2.fq.gz
SH00359	ILLUMINA	data/SH00359.R1.fq.gz	data/SH00359.R2.fq.gz
SH00360	ILLUMINA	data/SH00360.R1.fq.gz	data/SH00360.R2.fq.gz
SH00361	ILLUMINA	data/SH00361.R1.fq.gz	data/SH00361.R2.fq.gz
SH00362	ILLUMINA	data/SH00362.R1.fq.gz	data/SH00362.R2.fq.gz
SH00363	ILLUMINA	data/SH00363.R1.fq.gz	data/SH00363.R2.fq.gz
SH00364	ILLUMINA	data/SH00364.R1.fq.gz	data/SH00364.R2.fq.gz
SH00365	ILLUMINA	data/SH00365.R1.fq.gz	data/SH00365.R2.fq.gz
SH00367	ILLUMINA	data/SH00367.R1.fq.gz	data/SH00367.R2.fq.gz
SH00368	ILLUMINA	data/SH00368.R1.fq.gz	data/SH00368.R2.fq.gz
SH00369	ILLUMINA	data/SH00369.R1.fq.gz	data/SH00369.R2.fq.gz
SH00370	ILLUMINA	data/SH00370.R1.fq.gz	data/SH00370.R2.fq.gz
SH00371	ILLUMINA	data/SH00371.R1.fq.gz	data/SH00371.R2.fq.gz
SH00372	ILLUMINA	data/SH00372.R1.fq.gz	data/SH00372.R2.fq.gz
SH00373	ILLUMINA	data/SH00373.R1.fq.gz	data/SH00373.R2.fq.gz
SH00374	ILLUMINA	data/SH00374.R1.fq.gz	data/SH00374.R2.fq.gz
SH00375	ILLUMINA	data/SH00375.R1.fq.gz	data/SH00375.R2.fq.gz
SH00376	ILLUMINA	data/SH00376.R1.fq.gz	data/SH00376.R2.fq.gz
SH00377	ILLUMINA	data/SH00377.R1.fq.gz	data/SH00377.R2.fq.gz
SH00378	ILLUMINA	data/SH00378.R1.fq.gz	data/SH00378.R2.fq.gz
SH00379	ILLUMINA	data/SH00379.R1.fq.gz	data/SH00379.R2.fq.gz
SH00380	ILLUMINA	data/SH00380.R1.fq.gz	data/SH00380.R2.fq.gz
SH00381	ILLUMINA	data/SH00381.R1.fq.gz	data/SH00381.R2.fq.gz
SH00382	ILLUMINA	data/SH00382.R1.fq.gz	data/SH00382.R2.fq.gz
SH00383	ILLUMINA	data/SH00383.R1.fq.gz	data/SH00383.R2.fq.gz
SH00384	ILLUMINA	data/SH00384.R1.fq.gz	data/SH00384.R2.fq.gz
SH00385	ILLUMINA	data/SH00385.R1.fq.gz	data/SH00385.R2.fq.gz
SH00386	ILLUMINA	data/SH00386.R1.fq.gz	data/SH00386.R2.fq.gz
SH00387	ILLUMINA	data/SH00387.R1.fq.gz	data/SH00387.R2.fq.gz
SH00388	ILLUMINA	data/SH00388.R1.fq.gz	data/SH00388.R2.fq.gz
SH00389	ILLUMINA	data/SH00389.R1.fq.gz	data/SH00389.R2.fq.gz
SH00390	ILLUMINA	data/SH00390.R1.fq.gz	data/SH00390.R2.fq.gz
SH00391	ILLUMINA	data/SH00391.R1.fq.gz	data/SH00391.R2.fq.gz
SH00392	ILLUMINA	data/SH00392.R1.fq.gz	data/SH00392.R2.fq.gz
SH00393	ILLUMINA	data/SH00393.R1.fq.gz	data/SH00393.R2.fq.gz
SH00394	ILLUMINA	data/SH00394.R1.fq.gz	data/SH00394.R2.fq.gz
SH00395	ILLUMINA	data/SH00395.R1.fq.gz	data/SH00395.R2.fq.gz
SH00397	ILLUMINA	data/SH00397.R1.fq.gz	data/SH00397.R2.fq.gz
SH00398	ILLUMINA	data/SH00398.R1.fq.gz	data/SH00398.R2.fq.gz
SH00399	ILLUMINA	data/SH00399.R1.fq.gz	data/SH00399.R2.fq.gz
SH00400	ILLUMINA	data/SH00400.R1.fq.gz	data/SH00400.R2.fq.gz
SH00401	ILLUMINA	data/SH00401.R1.fq.gz	data/SH00401.R2.fq.gz
SH00402	ILLUMINA	data/SH00402.R1.fq.gz	data/SH00402.R2.fq.gz
SH00403	ILLUMINA	data/SH00403.R1.fq.gz	data/SH00403.R2.fq.gz
SH00404	ILLUMINA	data/SH00404.R1.fq.gz	data/SH00404.R2.fq.gz
SH00406	ILLUMINA	data/SH00406.R1.fq.gz	data/SH00406.R2.fq.gz
SH00407	ILLUMINA	data/SH00407.R1.fq.gz	data/SH00407.R2.fq.gz
SH00408	ILLUMINA	data/SH00408.R1.fq.gz	data/SH00408.R2.fq.gz
SH00409	ILLUMINA	data/SH00409.R1.fq.gz	data/SH00409.R2.fq.gz
SH00410	ILLUMINA	data/SH00410.R1.fq.gz	data/SH00410.R2.fq.gz
SH00411	ILLUMINA	data/SH00411.R1.fq.gz	data/SH00411.R2.fq.gz
SH00412	ILLUMINA	data/SH00412.R1.fq.gz	data/SH00412.R2.fq.gz
SH00413	ILLUMINA	data/SH00413.R1.fq.gz	data/SH00413.R2.fq.gz
SH00414	ILLUMINA	data/SH00414.R1.fq.gz	data/SH00414.R2.fq.gz
SH00415	ILLUMINA	data/SH00415.R1.fq.gz	data/SH00415.R2.fq.gz
SH00416	ILLUMINA	data/SH00416.R1.fq.gz	data/SH00416.R2.fq.gz
SH00417	ILLUMINA	data/SH00417.R1.fq.gz	data/SH00417.R2.fq.gz
SH00418	ILLUMINA	data/SH00418.R1.fq.gz	data/SH00418.R2.fq.gz
SH00420	ILLUMINA	data/SH00420.R1.fq.gz	data/SH00420.R2.fq.gz
SH00421	ILLUMINA	data/SH00421.R1.fq.gz	data/SH00421.R2.fq.gz
SH00423	ILLUMINA	data/SH00423.R1.fq.gz	data/SH00423.R2.fq.gz
SH00424	ILLUMINA	data/SH00424.R1.fq.gz	data/SH00424.R2.fq.gz
SH00425	ILLUMINA	data/SH00425.R1.fq.gz	data/SH00425.R2.fq.gz
SH00426	ILLUMINA	data/SH00426.R1.fq.gz	data/SH00426.R2.fq.gz
SH00427	ILLUMINA	data/SH00427.R1.fq.gz	data/SH00427.R2.fq.gz
SH00428	ILLUMINA	data/SH00428.R1.fq.gz	data/SH00428.R2.fq.gz
SH00430	ILLUMINA	data/SH00430.R1.fq.gz	data/SH00430.R2.fq.gz
SH00431	ILLUMINA	data/SH00431.R1.fq.gz	data/SH00431.R2.fq.gz
SH00433	ILLUMINA	data/SH00433.R1.fq.gz	data/SH00433.R2.fq.gz
SH00434	ILLUMINA	data/SH00434.R1.fq.gz	data/SH00434.R2.fq.gz
SH00435	ILLUMINA	data/SH00435.R1.fq.gz	data/SH00435.R2.fq.gz
SH00436	ILLUMINA	data/SH00436.R1.fq.gz	data/SH00436.R2.fq.gz
SH00437	ILLUMINA	data/SH00437.R1.fq.gz	data/SH00437.R2.fq.gz
SH00438	ILLUMINA	data/SH00438.R1.fq.gz	data/SH00438.R2.fq.gz
SH00439	ILLUMINA	data/SH00439.R1.fq.gz	data/SH00439.R2.fq.gz
SH00440	ILLUMINA	data/SH00440.R1.fq.gz	data/SH00440.R2.fq.gz
SH00441	ILLUMINA	data/SH00441.R1.fq.gz	data/SH00441.R2.fq.gz
SH00442	ILLUMINA	data/SH00442.R1.fq.gz	data/SH00442.R2.fq.gz
SH00443	ILLUMINA	data/SH00443.R1.fq.gz	data/SH00443.R2.fq.gz
SH00444	ILLUMINA	data/SH00444.R1.fq.gz	data/SH00444.R2.fq.gz
SH00445	ILLUMINA	data/SH00445.R1.fq.gz	data/SH00445.R2.fq.gz
SH00447	ILLUMINA	data/SH00447.R1.fq.gz	data/SH00447.R2.fq.gz
SH00449	ILLUMINA	data/SH00449.R1.fq.gz	data/SH00449.R2.fq.gz
SH00451	ILLUMINA	data/SH00451.R1.fq.gz	data/SH00451.R2.fq.gz
SH00452	ILLUMINA	data/SH00452.R1.fq.gz	data/SH00452.R2.fq.gz
SH00453	ILLUMINA	data/SH00453.R1.fq.gz	data/SH00453.R2.fq.gz
SH00454	ILLUMINA	data/SH00454.R1.fq.gz	data/SH00454.R2.fq.gz
SH00455	ILLUMINA	data/SH00455.R1.fq.gz	data/SH00455.R2.fq.gz
SH00456	ILLUMINA	data/SH00456.R1.fq.gz	data/SH00456.R2.fq.gz
SH00457	ILLUMINA	data/SH00457.R1.fq.gz	data/SH00457.R2.fq.gz
SH00458	ILLUMINA	data/SH00458.R1.fq.gz	data/SH00458.R2.fq.gz
SH00459	ILLUMINA	data/SH00459.R1.fq.gz	data/SH00459.R2.fq.gz
SH00460	ILLUMINA	data/SH00460.R1.fq.gz	data/SH00460.R2.fq.gz
SH00461	ILLUMINA	data/SH00461.R1.fq.gz	data/SH00461.R2.fq.gz
SH00462	ILLUMINA	data/SH00462.R1.fq.gz	data/SH00462.R2.fq.gz
SH00463	ILLUMINA	data/SH00463.R1.fq.gz	data/SH00463.R2.fq.gz
SH00464	ILLUMINA	data/SH00464.R1.fq.gz	data/SH00464.R2.fq.gz
SH00465	ILLUMINA	data/SH00465.R1.fq.gz	data/SH00465.R2.fq.gz
SH00466	ILLUMINA	data/SH00466.R1.fq.gz	data/SH00466.R2.fq.gz
SH00467	ILLUMINA	data/SH00467.R1.fq.gz	data/SH00467.R2.fq.gz
SH00468	ILLUMINA	data/SH00468.R1.fq.gz	data/SH00468.R2.fq.gz
SH00469	ILLUMINA	data/SH00469.R1.fq.gz	data/SH00469.R2.fq.gz
SH00470	ILLUMINA	data/SH00470.R1.fq.gz	data/SH00470.R2.fq.gz
SH00471	ILLUMINA	data/SH00471.R1.fq.gz	data/SH00471.R2.fq.gz
SH00472	ILLUMINA	data/SH00472.R1.fq.gz	data/SH00472.R2.fq.gz
SH00473	ILLUMINA	data/SH00473.R1.fq.gz	data/SH00473.R2.fq.gz
SH00474	ILLUMINA	data/SH00474.R1.fq.gz	data/SH00474.R2.fq.gz
SH00475	ILLUMINA	data/SH00475.R1.fq.gz	data/SH00475.R2.fq.gz
SH00476	ILLUMINA	data/SH00476.R1.fq.gz	data/SH00476.R2.fq.gz
SH00477	ILLUMINA	data/SH00477.R1.fq.gz	data/SH00477.R2.fq.gz
SH00478	ILLUMINA	data/SH00478.R1.fq.gz	data/SH00478.R2.fq.gz
SH00479	ILLUMINA	data/SH00479.R1.fq.gz	data/SH00479.R2.fq.gz
SH00480	ILLUMINA	data/SH00480.R1.fq.gz	data/SH00480.R2.fq.gz
SH00481	ILLUMINA	data/SH00481.R1.fq.gz	data/SH00481.R2.fq.gz
SH00482	ILLUMINA	data/SH00482.R1.fq.gz	data/SH00482.R2.fq.gz
SH00483	ILLUMINA	data/SH00483.R1.fq.gz	data/SH00483.R2.fq.gz
SH00484	ILLUMINA	data/SH00484.R1.fq.gz	data/SH00484.R2.fq.gz
SH00485	ILLUMINA	data/SH00485.R1.fq.gz	data/SH00485.R2.fq.gz
SH00486	ILLUMINA	data/SH00486.R1.fq.gz	data/SH00486.R2.fq.gz
SH00487	ILLUMINA	data/SH00487.R1.fq.gz	data/SH00487.R2.fq.gz
SH00488	ILLUMINA	data/SH00488.R1.fq.gz	data/SH00488.R2.fq.gz
SH00489	ILLUMINA	data/SH00489.R1.fq.gz	data/SH00489.R2.fq.gz
SH00490	ILLUMINA	data/SH00490.R1.fq.gz	data/SH00490.R2.fq.gz
SH00491	ILLUMINA	data/SH00491.R1.fq.gz	data/SH00491.R2.fq.gz
SH00492	ILLUMINA	data/SH00492.R1.fq.gz	data/SH00492.R2.fq.gz
SH00493	ILLUMINA	data/SH00493.R1.fq.gz	data/SH00493.R2.fq.gz
SH00494	ILLUMINA	data/SH00494.R1.fq.gz	data/SH00494.R2.fq.gz
SH00495	ILLUMINA	data/SH00495.R1.fq.gz	data/SH00495.R2.fq.gz
SH00496	ILLUMINA	data/SH00496.R1.fq.gz	data/SH00496.R2.fq.gz
SH00497	ILLUMINA	data/SH00497.R1.fq.gz	data/SH00497.R2.fq.gz
SH00498	ILLUMINA	data/SH00498.R1.fq.gz	data/SH00498.R2.fq.gz
SH00499	ILLUMINA	data/SH00499.R1.fq.gz	data/SH00499.R2.fq.gz
SH00500	ILLUMINA	data/SH00500.R1.fq.gz	data/SH00500.R2.fq.gz
SH00501	ILLUMINA	data/SH00501.R1.fq.gz	data/SH00501.R2.fq.gz
SH00502	ILLUMINA	data/SH00502.R1.fq.gz	data/SH00502.R2.fq.gz
SH00503	ILLUMINA	data/SH00503.R1.fq.gz	data/SH00503.R2.fq.gz
SH00504	ILLUMINA	data/SH00504.R1.fq.gz	data/SH00504.R2.fq.gz
SH00505	ILLUMINA	data/SH00505.R1.fq.gz	data/SH00505.R2.fq.gz
SH00506	ILLUMINA	data/SH00506.R1.fq.gz	data/SH00506.R2.fq.gz
SH00507	ILLUMINA	data/SH00507.R1.fq.gz	data/SH00507.R2.fq.gz
SH00508	ILLUMINA	data/SH00508.R1.fq.gz	data/SH00508.R2.fq.gz
SH00509	ILLUMINA	data/SH00509.R1.fq.gz	data/SH00509.R2.fq.gz
SH00510	ILLUMINA	data/SH00510.R1.fq.gz	data/SH00510.R2.fq.gz
SH00511	ILLUMINA	data/SH00511.R1.fq.gz	data/SH00511.R2.fq.gz
SH00512	ILLUMINA	data/SH00512.R1.fq.gz	data/SH00512.R2.fq.gz
SH00513	ILLUMINA	data/SH00513.R1.fq.gz	data/SH00513.R2.fq.gz
SH00514	ILLUMINA	data/SH00514.R1.fq.gz	data/SH00514.R2.fq.gz
SH00515	ILLUMINA	data/SH00515.R1.fq.gz	data/SH00515.R2.fq.gz
SH00516	ILLUMINA	data/SH00516.R1.fq.gz	data/SH00516.R2.fq.gz
SH00517	ILLUMINA	data/SH00517.R1.fq.gz	data/SH00517.R2.fq.gz
SH00518	ILLUMINA	data/SH00518.R1.fq.gz	data/SH00518.R2.fq.gz
SH00519	ILLUMINA	data/SH00519.R1.fq.gz	data/SH00519.R2.fq.gz
SH00520	ILLUMINA	data/SH00520.R1.fq.gz	data/SH00520.R2.fq.gz
SH00521	ILLUMINA	data/SH00521.R1.fq.gz	data/SH00521.R2.fq.gz
SH00522	ILLUMINA	data/SH00522.R1.fq.gz	data/SH00522.R2.fq.gz
SH00523	ILLUMINA	data/SH00523.R1.fq.gz	data/SH00523.R2.fq.gz
SH00524	ILLUMINA	data/SH00524.R1.fq.gz	data/SH00524.R2.fq.gz
SH00525	ILLUMINA	data/SH00525.R1.fq.gz	data/SH00525.R2.fq.gz
SH00526	ILLUMINA	data/SH00526.R1.fq.gz	data/SH00526.R2.fq.gz
SH00527	ILLUMINA	data/SH00527.R1.fq.gz	data/SH00527.R2.fq.gz
SH00528	ILLUMINA	data/SH00528.R1.fq.gz	data/SH00528.R2.fq.gz
SH00529	ILLUMINA	data/SH00529.R1.fq.gz	data/SH00529.R2.fq.gz
SH00530	ILLUMINA	data/SH00530.R1.fq.gz	data/SH00530.R2.fq.gz
SH00531	ILLUMINA	data/SH00531.R1.fq.gz	data/SH00531.R2.fq.gz
SH00532	ILLUMINA	data/SH00532.R1.fq.gz	data/SH00532.R2.fq.gz
SH00533	ILLUMINA	data/SH00533.R1.fq.gz	data/SH00533.R2.fq.gz
SH00534	ILLUMINA	data/SH00534.R1.fq.gz	data/SH00534.R2.fq.gz
SH00535	ILLUMINA	data/SH00535.R1.fq.gz	data/SH00535.R2.fq.gz
SH00536	ILLUMINA	data/SH00536.R1.fq.gz	data/SH00536.R2.fq.gz
SH00537	ILLUMINA	data/SH00537.R1.fq.gz	data/SH00537.R2.fq.gz
SH00538	ILLUMINA	data/SH00538.R1.fq.gz	data/SH00538.R2.fq.gz
SH00539	ILLUMINA	data/SH00539.R1.fq.gz	data/SH00539.R2.fq.gz
SH00540	ILLUMINA	data/SH00540.R1.fq.gz	data/SH00540.R2.fq.gz
SH00541	ILLUMINA	data/SH00541.R1.fq.gz	data/SH00541.R2.fq.gz
SH00542	ILLUMINA	data/SH00542.R1.fq.gz	data/SH00542.R2.fq.gz
SH00543	ILLUMINA	data/SH00543.R1.fq.gz	data/SH00543.R2.fq.gz
SH00544	ILLUMINA	data/SH00544.R1.fq.gz	data/SH00544.R2.fq.gz
SH00545	ILLUMINA	data/SH00545.R1.fq.gz	data/SH00545.R2.fq.gz
SH00546	ILLUMINA	data/SH00546.R1.fq.gz	data/SH00546.R2.fq.gz
SH00547	ILLUMINA	data/SH00547.R1.fq.gz	data/SH00547.R2.fq.gz
SH00548	ILLUMINA	data/SH00548.R1.fq.gz	data/SH00548.R2.fq.gz
SH00549	ILLUMINA	data/SH00549.R1.fq.gz	data/SH00549.R2.fq.gz
SH00550	ILLUMINA	data/SH00550.R1.fq.gz	data/SH00550.R2.fq.gz
SH00551	ILLUMINA	data/SH00551.R1.fq.gz	data/SH00551.R2.fq.gz
SH00552	ILLUMINA	data/SH00552.R1.fq.gz	data/SH00552.R2.fq.gz
SH00553	ILLUMINA	data/SH00553.R1.fq.gz	data/SH00553.R2.fq.gz
SH00554	ILLUMINA	data/SH00554.R1.fq.gz	data/SH00554.R2.fq.gz
SH00555	ILLUMINA	data/SH00555.R1.fq.gz	data/SH00555.R2.fq.gz
SH00556	ILLUMINA	data/SH00556.R1.fq.gz	data/SH00556.R2.fq.gz
SH00557	ILLUMINA	data/SH00557.R1.fq.gz	data/SH00557.R2.fq.gz
SH00558	ILLUMINA	data/SH00558.R1.fq.gz	data/SH00558.R2.fq.gz
SH00559	ILLUMINA	data/SH00559.R1.fq.gz	data/SH00559.R2.fq.gz
SH00560	ILLUMINA	data/SH00560.R1.fq.gz	data/SH00560.R2.fq.gz
SH00561	ILLUMINA	data/SH00561.R1.fq.gz	data/SH00561.R2.fq.gz
SH00562	ILLUMINA	data/SH00562.R1.fq.gz	data/SH00562.R2.fq.gz
SH00563	ILLUMINA	data/SH00563.R1.fq.gz	data/SH00563.R2.fq.gz
SH00564	ILLUMINA	data/SH00564.R1.fq.gz	data/SH00564.R2.fq.gz
SH00565	ILLUMINA	data/SH00565.R1.fq.gz	data/SH00565.R2.fq.gz
SH00566	ILLUMINA	data/SH00566.R1.fq.gz	data/SH00566.R2.fq.gz
SH00567	ILLUMINA	data/SH00567.R1.fq.gz	data/SH00567.R2.fq.gz
SH00568	ILLUMINA	data/SH00568.R1.fq.gz	data/SH00568.R2.fq.gz
SH00569	ILLUMINA	data/SH00569.R1.fq.gz	data/SH00569.R2.fq.gz
SH00570	ILLUMINA	data/SH00570.R1.fq.gz	data/SH00570.R2.fq.gz
SH00571	ILLUMINA	data/SH00571.R1.fq.gz	data/SH00571.R2.fq.gz
SH00572	ILLUMINA	data/SH00572.R1.fq.gz	data/SH00572.R2.fq.gz
SH00573	ILLUMINA	data/SH00573.R1.fq.gz	data/SH00573.R2.fq.gz
SH00574	ILLUMINA	data/SH00574.R1.fq.gz	data/SH00574.R2.fq.gz
SH00575	ILLUMINA	data/SH00575.R1.fq.gz	data/SH00575.R2.fq.gz
SH00576	ILLUMINA	data/SH00576.R1.fq.gz	data/SH00576.R2.fq.gz
SH00577	ILLUMINA	data/SH00577.R1.fq.gz	data/SH00577.R2.fq.gz
SH00578	ILLUMINA	data/SH00578.R1.fq.gz	data/SH00578.R2.fq.gz
SH00579	ILLUMINA	data/SH00579.R1.fq.gz	data/SH00579.R2.fq.gz
SH00580	ILLUMINA	data/SH00580.R1.fq.gz	data/SH00580.R2.fq.gz
SH00581	ILLUMINA	data/SH00581.R1.fq.gz	data/SH00581.R2.fq.gz
SH00582	ILLUMINA	data/SH00582.R1.fq.gz	data/SH00582.R2.fq.gz
SH00583	ILLUMINA	data/SH00583.R1.fq.gz	data/SH00583.R2.fq.gz
SH00584	ILLUMINA	data/SH00584.R1.fq.gz	data/SH00584.R2.fq.gz
SH00585	ILLUMINA	data/SH00585.R1.fq.gz	data/SH00585.R2.fq.gz
SH00586	ILLUMINA	data/SH00586.R1.fq.gz	data/SH00586.R2.fq.gz
SH00587	ILLUMINA	data/SH00587.R1.fq.gz	data/SH00587.R2.fq.gz
SH00588	ILLUMINA	data/SH00588.R1.fq.gz	data/SH00588.R2.fq.gz
SH00589	ILLUMINA	data/SH00589.R1.fq.gz	data/SH00589.R2.fq.gz
SH00590	ILLUMINA	data/SH00590.R1.fq.gz	data/SH00590.R2.fq.gz
SH00591	ILLUMINA	data/SH00591.R1.fq.gz	data/SH00591.R2.fq.gz
SH00592	ILLUMINA	data/SH00592.R1.fq.gz	data/SH00592.R2.fq.gz
SH00593	ILLUMINA	data/SH00593.R1.fq.gz	data/SH00593.R2.fq.gz
SH00594	ILLUMINA	data/SH00594.R1.fq.gz	data/SH00594.R2.fq.gz
SH00595	ILLUMINA	data/SH00595.R1.fq.gz	data/SH00595.R2.fq.gz
SH00596	ILLUMINA	data/SH00596.R1.fq.gz	data/SH00596.R2.fq.gz
SH00597	ILLUMINA	data/SH00597.R1.fq.gz	data/SH00597.R2.fq.gz
SH00598	ILLUMINA	data/SH00598.R1.fq.gz	data/SH00598.R2.fq.gz
SH00599	ILLUMINA	data/SH00599.R1.fq.gz	data/SH00599.R2.fq.gz
SH00601	ILLUMINA	data/SH00601.R1.fq.gz	data/SH00601.R2.fq.gz
SH00602	ILLUMINA	data/SH00602.R1.fq.gz	data/SH00602.R2.fq.gz
SH00603	ILLUMINA	data/SH00603.R1.fq.gz	data/SH00603.R2.fq.gz
SH00604	ILLUMINA	data/SH00604.R1.fq.gz	data/SH00604.R2.fq.gz
SH00605	ILLUMINA	data/SH00605.R1.fq.gz	data/SH00605.R2.fq.gz
SH00606	ILLUMINA	data/SH00606.R1.fq.gz	data/SH00606.R2.fq.gz
SH00607	ILLUMINA	data/SH00607.R1.fq.gz	data/SH00607.R2.fq.gz
SH00608	ILLUMINA	data/SH00608.R1.fq.gz	data/SH00608.R2.fq.gz
SH00609	ILLUMINA	data/SH00609.R1.fq.gz	data/SH00609.R2.fq.gz
SH00612	ILLUMINA	data/SH00612.R1.fq.gz	data/SH00612.R2.fq.gz
SH00613	ILLUMINA	data/SH00613.R1.fq.gz	data/SH00613.R2.fq.gz
SH00614	ILLUMINA	data/SH00614.R1.fq.gz	data/SH00614.R2.fq.gz
SH00615	ILLUMINA	data/SH00615.R1.fq.gz	data/SH00615.R2.fq.gz
SH00616	ILLUMINA	data/SH00616.R1.fq.gz	data/SH00616.R2.fq.gz
SH00617	ILLUMINA	data/SH00617.R1.fq.gz	data/SH00617.R2.fq.gz
SH00618	ILLUMINA	data/SH00618.R1.fq.gz	data/SH00618.R2.fq.gz
SH00619	ILLUMINA	data/SH00619.R1.fq.gz	data/SH00619.R2.fq.gz
SH00620	ILLUMINA	data/SH00620.R1.fq.gz	data/SH00620.R2.fq.gz
SH00621	ILLUMINA	data/SH00621.R1.fq.gz	data/SH00621.R2.fq.gz
SH00622	ILLUMINA	data/SH00622.R1.fq.gz	data/SH00622.R2.fq.gz
SH00623	ILLUMINA	data/SH00623.R1.fq.gz	data/SH00623.R2.fq.gz
SH00624	ILLUMINA	data/SH00624.R1.fq.gz	data/SH00624.R2.fq.gz
SH00625	ILLUMINA	data/SH00625.R1.fq.gz	data/SH00625.R2.fq.gz
SH00626	ILLUMINA	data/SH00626.R1.fq.gz	data/SH00626.R2.fq.gz
SH00627	ILLUMINA	data/SH00627.R1.fq.gz	data/SH00627.R2.fq.gz
SH00628	ILLUMINA	data/SH00628.R1.fq.gz	data/SH00628.R2.fq.gz
SH00629	ILLUMINA	data/SH00629.R1.fq.gz	data/SH00629.R2.fq.gz
SH00630	ILLUMINA	data/SH00630.R1.fq.gz	data/SH00630.R2.fq.gz
SH00631	ILLUMINA	data/SH00631.R1.fq.gz	data/SH00631.R2.fq.gz
SH00632	ILLUMINA	data/SH00632.R1.fq.gz	data/SH00632.R2.fq.gz
SH00633	ILLUMINA	data/SH00633.R1.fq.gz	data/SH00633.R2.fq.gz
SH00634	ILLUMINA	data/SH00634.R1.fq.gz	data/SH00634.R2.fq.gz
SH00635	ILLUMINA	data/SH00635.R1.fq.gz	data/SH00635.R2.fq.gz
SH00637	ILLUMINA	data/SH00637.R1.fq.gz	data/SH00637.R2.fq.gz
SH00638	ILLUMINA	data/SH00638.R1.fq.gz	data/SH00638.R2.fq.gz
SH00639	ILLUMINA	data/SH00639.R1.fq.gz	data/SH00639.R2.fq.gz
SH00640	ILLUMINA	data/SH00640.R1.fq.gz	data/SH00640.R2.fq.gz
SH00641	ILLUMINA	data/SH00641.R1.fq.gz	data/SH00641.R2.fq.gz
SH00642	ILLUMINA	data/SH00642.R1.fq.gz	data/SH00642.R2.fq.gz
SH00643	ILLUMINA	data/SH00643.R1.fq.gz	data/SH00643.R2.fq.gz
SH00644	ILLUMINA	data/SH00644.R1.fq.gz	data/SH00644.R2.fq.gz
SH00645	ILLUMINA	data/SH00645.R1.fq.gz	data/SH00645.R2.fq.gz
SH00647	ILLUMINA	data/SH00647.R1.fq.gz	data/SH00647.R2.fq.gz
SH00648	ILLUMINA	data/SH00648.R1.fq.gz	data/SH00648.R2.fq.gz
SH00649	ILLUMINA	data/SH00649.R1.fq.gz	data/SH00649.R2.fq.gz
SH00650	ILLUMINA	data/SH00650.R1.fq.gz	data/SH00650.R2.fq.gz
SH00651	ILLUMINA	data/SH00651.R1.fq.gz	data/SH00651.R2.fq.gz
SH00652	ILLUMINA	data/SH00652.R1.fq.gz	data/SH00652.R2.fq.gz
SH00653	ILLUMINA	data/SH00653.R1.fq.gz	data/SH00653.R2.fq.gz
SH00654	ILLUMINA	data/SH00654.R1.fq.gz	data/SH00654.R2.fq.gz
SH00655	ILLUMINA	data/SH00655.R1.fq.gz	data/SH00655.R2.fq.gz
SH00657	ILLUMINA	data/SH00657.R1.fq.gz	data/SH00657.R2.fq.gz
SH00658	ILLUMINA	data/SH00658.R1.fq.gz	data/SH00658.R2.fq.gz
SH00659	ILLUMINA	data/SH00659.R1.fq.gz	data/SH00659.R2.fq.gz
SH00660	ILLUMINA	data/SH00660.R1.fq.gz	data/SH00660.R2.fq.gz
SH00661	ILLUMINA	data/SH00661.R1.fq.gz	data/SH00661.R2.fq.gz
SH00662	ILLUMINA	data/SH00662.R1.fq.gz	data/SH00662.R2.fq.gz
SH00663	ILLUMINA	data/SH00663.R1.fq.gz	data/SH00663.R2.fq.gz
SH00664	ILLUMINA	data/SH00664.R1.fq.gz	data/SH00664.R2.fq.gz
SH00665	ILLUMINA	data/SH00665.R1.fq.gz	data/SH00665.R2.fq.gz
SH00666	ILLUMINA	data/SH00666.R1.fq.gz	data/SH00666.R2.fq.gz
SH00667	ILLUMINA	data/SH00667.R1.fq.gz	data/SH00667.R2.fq.gz
SH00668	ILLUMINA	data/SH00668.R1.fq.gz	data/SH00668.R2.fq.gz
SH00669	ILLUMINA	data/SH00669.R1.fq.gz	data/SH00669.R2.fq.gz
SH00670	ILLUMINA	data/SH00670.R1.fq.gz	data/SH00670.R2.fq.gz
SH00671	ILLUMINA	data/SH00671.R1.fq.gz	data/SH00671.R2.fq.gz
SH00672	ILLUMINA	data/SH00672.R1.fq.gz	data/SH00672.R2.fq.gz
SH00673	ILLUMINA	data/SH00673.R1.fq.gz	data/SH00673.R2.fq.gz
SH00674	ILLUMINA	data/SH00674.R1.fq.gz	data/SH00674.R2.fq.gz
SH00675	ILLUMINA	data/SH00675.R1.fq.gz	data/SH00675.R2.fq.gz
SH00677	ILLUMINA	data/SH00677.R1.fq.gz	data/SH00677.R2.fq.gz
SH00678	ILLUMINA	data/SH00678.R1.fq.gz	data/SH00678.R2.fq.gz
SH00679	ILLUMINA	data/SH00679.R1.fq.gz	data/SH00679.R2.fq.gz
SH00680	ILLUMINA	data/SH00680.R1.fq.gz	data/SH00680.R2.fq.gz
SH00681	ILLUMINA	data/SH00681.R1.fq.gz	data/SH00681.R2.fq.gz
SH00682	ILLUMINA	data/SH00682.R1.fq.gz	data/SH00682.R2.fq.gz
SH00683	ILLUMINA	data/SH00683.R1.fq.gz	data/SH00683.R2.fq.gz
SH00684	ILLUMINA	data/SH00684.R1.fq.gz	data/SH00684.R2.fq.gz
SH00685	ILLUMINA	data/SH00685.R1.fq.gz	data/SH00685.R2.fq.gz
SH00686	ILLUMINA	data/SH00686.R1.fq.gz	data/SH00686.R2.fq.gz
SH00687	ILLUMINA	data/SH00687.R1.fq.gz	data/SH00687.R2.fq.gz
SH00688	ILLUMINA	data/SH00688.R1.fq.gz	data/SH00688.R2.fq.gz
SH00689	ILLUMINA	data/SH00689.R1.fq.gz	data/SH00689.R2.fq.gz
SH00690	ILLUMINA	data/SH00690.R1.fq.gz	data/SH00690.R2.fq.gz
SH00691	ILLUMINA	data/SH00691.R1.fq.gz	data/SH00691.R2.fq.gz
SH00692	ILLUMINA	data/SH00692.R1.fq.gz	data/SH00692.R2.fq.gz
SH00693	ILLUMINA	data/SH00693.R1.fq.gz	data/SH00693.R2.fq.gz
SH00694	ILLUMINA	data/SH00694.R1.fq.gz	data/SH00694.R2.fq.gz
SH00695	ILLUMINA	data/SH00695.R1.fq.gz	data/SH00695.R2.fq.gz
SH00696	ILLUMINA	data/SH00696.R1.fq.gz	data/SH00696.R2.fq.gz
SH00697	ILLUMINA	data/SH00697.R1.fq.gz	data/SH00697.R2.fq.gz
SH00698	ILLUMINA	data/SH00698.R1.fq.gz	data/SH00698.R2.fq.gz
SH00699	ILLUMINA	data/SH00699.R1.fq.gz	data/SH00699.R2.fq.gz
SH00700	ILLUMINA	data/SH00700.R1.fq.gz	data/SH00700.R2.fq.gz
SH00701	ILLUMINA	data/SH00701.R1.fq.gz	data/SH00701.R2.fq.gz
SH00702	ILLUMINA	data/SH00702.R1.fq.gz	data/SH00702.R2.fq.gz
SH00703	ILLUMINA	data/SH00703.R1.fq.gz	data/SH00703.R2.fq.gz
SH00704	ILLUMINA	data/SH00704.R1.fq.gz	data/SH00704.R2.fq.gz
SH00705	ILLUMINA	data/SH00705.R1.fq.gz	data/SH00705.R2.fq.gz
SH00706	ILLUMINA	data/SH00706.R1.fq.gz	data/SH00706.R2.fq.gz
SH00707	ILLUMINA	data/SH00707.R1.fq.gz	data/SH00707.R2.fq.gz
SH00708	ILLUMINA	data/SH00708.R1.fq.gz	data/SH00708.R2.fq.gz
SH00709	ILLUMINA	data/SH00709.R1.fq.gz	data/SH00709.R2.fq.gz
SH00710	ILLUMINA	data/SH00710.R1.fq.gz	data/SH00710.R2.fq.gz
SH00711	ILLUMINA	data/SH00711.R1.fq.gz	data/SH00711.R2.fq.gz
SH00712	ILLUMINA	data/SH00712.R1.fq.gz	data/SH00712.R2.fq.gz
SH00713	ILLUMINA	data/SH00713.R1.fq.gz	data/SH00713.R2.fq.gz
SH00714	ILLUMINA	data/SH00714.R1.fq.gz	data/SH00714.R2.fq.gz
SH00715	ILLUMINA	data/SH00715.R1.fq.gz	data/SH00715.R2.fq.gz
SH00716	ILLUMINA	data/SH00716.R1.fq.gz	data/SH00716.R2.fq.gz
SH00717	ILLUMINA	data/SH00717.R1.fq.gz	data/SH00717.R2.fq.gz
SH00718	ILLUMINA	data/SH00718.R1.fq.gz	data/SH00718.R2.fq.gz
SH00719	ILLUMINA	data/SH00719.R1.fq.gz	data/SH00719.R2.fq.gz
SH00720	ILLUMINA	data/SH00720.R1.fq.gz	data/SH00720.R2.fq.gz
SH00721	ILLUMINA	data/SH00721.R1.fq.gz	data/SH00721.R2.fq.gz
SH00722	ILLUMINA	data/SH00722.R1.fq.gz	data/SH00722.R2.fq.gz
SH00723	ILLUMINA	data/SH00723.R1.fq.gz	data/SH00723.R2.fq.gz
SH00724	ILLUMINA	data/SH00724.R1.fq.gz	data/SH00724.R2.fq.gz
SH00725	ILLUMINA	data/SH00725.R1.fq.gz	data/SH00725.R2.fq.gz
SH00726	ILLUMINA	data/SH00726.R1.fq.gz	data/SH00726.R2.fq.gz
SH00727	ILLUMINA	data/SH00727.R1.fq.gz	data/SH00727.R2.fq.gz
SH00728	ILLUMINA	data/SH00728.R1.fq.gz	data/SH00728.R2.fq.gz
SH00730	ILLUMINA	data/SH00730.R1.fq.gz	data/SH00730.R2.fq.gz
SH00731	ILLUMINA	data/SH00731.R1.fq.gz	data/SH00731.R2.fq.gz
SH00732	ILLUMINA	data/SH00732.R1.fq.gz	data/SH00732.R2.fq.gz
SH00733	ILLUMINA	data/SH00733.R1.fq.gz	data/SH00733.R2.fq.gz
SH00734	ILLUMINA	data/SH00734.R1.fq.gz	data/SH00734.R2.fq.gz
SH00735	ILLUMINA	data/SH00735.R1.fq.gz	data/SH00735.R2.fq.gz
SH00736	ILLUMINA	data/SH00736.R1.fq.gz	data/SH00736.R2.fq.gz
SH00737	ILLUMINA	data/SH00737.R1.fq.gz	data/SH00737.R2.fq.gz
SH00738	ILLUMINA	data/SH00738.R1.fq.gz	data/SH00738.R2.fq.gz
SH00739	ILLUMINA	data/SH00739.R1.fq.gz	data/SH00739.R2.fq.gz
SH00741	ILLUMINA	data/SH00741.R1.fq.gz	data/SH00741.R2.fq.gz
SH00742	ILLUMINA	data/SH00742.R1.fq.gz	data/SH00742.R2.fq.gz
SH00743	ILLUMINA	data/SH00743.R1.fq.gz	data/SH00743.R2.fq.gz
SH00744	ILLUMINA	data/SH00744.R1.fq.gz	data/SH00744.R2.fq.gz
SH00745	ILLUMINA	data/SH00745.R1.fq.gz	data/SH00745.R2.fq.gz
SH00746	ILLUMINA	data/SH00746.R1.fq.gz	data/SH00746.R2.fq.gz
SH00747	ILLUMINA	data/SH00747.R1.fq.gz	data/SH00747.R2.fq.gz
SH00748	ILLUMINA	data/SH00748.R1.fq.gz	data/SH00748.R2.fq.gz
SH00749	ILLUMINA	data/SH00749.R1.fq.gz	data/SH00749.R2.fq.gz
SH00750	ILLUMINA	data/SH00750.R1.fq.gz	data/SH00750.R2.fq.gz
SH00751	ILLUMINA	data/SH00751.R1.fq.gz	data/SH00751.R2.fq.gz
SH00752	ILLUMINA	data/SH00752.R1.fq.gz	data/SH00752.R2.fq.gz
SH00753	ILLUMINA	data/SH00753.R1.fq.gz	data/SH00753.R2.fq.gz
SH00754	ILLUMINA	data/SH00754.R1.fq.gz	data/SH00754.R2.fq.gz
SH00755	ILLUMINA	data/SH00755.R1.fq.gz	data/SH00755.R2.fq.gz
SH00756	ILLUMINA	data/SH00756.R1.fq.gz	data/SH00756.R2.fq.gz
SH00757	ILLUMINA	data/SH00757.R1.fq.gz	data/SH00757.R2.fq.gz
SH00758	ILLUMINA	data/SH00758.R1.fq.gz	data/SH00758.R2.fq.gz
SH00759	ILLUMINA	data/SH00759.R1.fq.gz	data/SH00759.R2.fq.gz
SH00760	ILLUMINA	data/SH00760.R1.fq.gz	data/SH00760.R2.fq.gz
SH00761	ILLUMINA	data/SH00761.R1.fq.gz	data/SH00761.R2.fq.gz
SH00762	ILLUMINA	data/SH00762.R1.fq.gz	data/SH00762.R2.fq.gz
SH00763	ILLUMINA	data/SH00763.R1.fq.gz	data/SH00763.R2.fq.gz
SH00764	ILLUMINA	data/SH00764.R1.fq.gz	data/SH00764.R2.fq.gz
SH00765	ILLUMINA	data/SH00765.R1.fq.gz	data/SH00765.R2.fq.gz
SH00766	ILLUMINA	data/SH00766.R1.fq.gz	data/SH00766.R2.fq.gz
SH00767	ILLUMINA	data/SH00767.R1.fq.gz	data/SH00767.R2.fq.gz
SH00768	ILLUMINA	data/SH00768.R1.fq.gz	data/SH00768.R2.fq.gz
SH00769	ILLUMINA	data/SH00769.R1.fq.gz	data/SH00769.R2.fq.gz
SH00770	ILLUMINA	data/SH00770.R1.fq.gz	data/SH00770.R2.fq.gz
SH00771	ILLUMINA	data/SH00771.R1.fq.gz	data/SH00771.R2.fq.gz
SH11743	ILLUMINA	data/SH11743.R1.fq.gz	data/SH11743.R2.fq.gz
SH11744	ILLUMINA	data/SH11744.R1.fq.gz	data/SH11744.R2.fq.gz
SH11745	ILLUMINA	data/SH11745.R1.fq.gz	data/SH11745.R2.fq.gz
SH11746	ILLUMINA	data/SH11746.R1.fq.gz	data/SH11746.R2.fq.gz
SH11747	ILLUMINA	data/SH11747.R1.fq.gz	data/SH11747.R2.fq.gz
SH11748	ILLUMINA	data/SH11748.R1.fq.gz	data/SH11748.R2.fq.gz
SH11749	ILLUMINA	data/SH11749.R1.fq.gz	data/SH11749.R2.fq.gz
SH11750	ILLUMINA	data/SH11750.R1.fq.gz	data/SH11750.R2.fq.gz
SH11751	ILLUMINA	data/SH11751.R1.fq.gz	data/SH11751.R2.fq.gz
SH11752	ILLUMINA	data/SH11752.R1.fq.gz	data/SH11752.R2.fq.gz
SH11753	ILLUMINA	data/SH11753.R1.fq.gz	data/SH11753.R2.fq.gz
SH11754	ILLUMINA	data/SH11754.R1.fq.gz	data/SH11754.R2.fq.gz
SH11755	ILLUMINA	data/SH11755.R1.fq.gz	data/SH11755.R2.fq.gz
SH11756	ILLUMINA	data/SH11756.R1.fq.gz	data/SH11756.R2.fq.gz
SH11757	ILLUMINA	data/SH11757.R1.fq.gz	data/SH11757.R2.fq.gz
SH11758	ILLUMINA	data/SH11758.R1.fq.gz	data/SH11758.R2.fq.gz
SH11759	ILLUMINA	data/SH11759.R1.fq.gz	data/SH11759.R2.fq.gz
SH11760	ILLUMINA	data/SH11760.R1.fq.gz	data/SH11760.R2.fq.gz
SH11761	ILLUMINA	data/SH11761.R1.fq.gz	data/SH11761.R2.fq.gz
SH11762	ILLUMINA	data/SH11762.R1.fq.gz	data/SH11762.R2.fq.gz
SH11763	ILLUMINA	data/SH11763.R1.fq.gz	data/SH11763.R2.fq.gz
SH11764	ILLUMINA	data/SH11764.R1.fq.gz	data/SH11764.R2.fq.gz
SH11765	ILLUMINA	data/SH11765.R1.fq.gz	data/SH11765.R2.fq.gz
SH11766	ILLUMINA	data/SH11766.R1.fq.gz	data/SH11766.R2.fq.gz
SH11767	ILLUMINA	data/SH11767.R1.fq.gz	data/SH11767.R2.fq.gz
SH11768	ILLUMINA	data/SH11768.R1.fq.gz	data/SH11768.R2.fq.gz
SH11769	ILLUMINA	data/SH11769.R1.fq.gz	data/SH11769.R2.fq.gz
SH11770	ILLUMINA	data/SH11770.R1.fq.gz	data/SH11770.R2.fq.gz
SH11771	ILLUMINA	data/SH11771.R1.fq.gz	data/SH11771.R2.fq.gz
SH11772	ILLUMINA	data/SH11772.R1.fq.gz	data/SH11772.R2.fq.gz
SH11773	ILLUMINA	data/SH11773.R1.fq.gz	data/SH11773.R2.fq.gz
SH11774	ILLUMINA	data/SH11774.R1.fq.gz	data/SH11774.R2.fq.gz
SH11775	ILLUMINA	data/SH11775.R1.fq.gz	data/SH11775.R2.fq.gz
SH11776	ILLUMINA	data/SH11776.R1.fq.gz	data/SH11776.R2.fq.gz
SH11777	ILLUMINA	data/SH11777.R1.fq.gz	data/SH11777.R2.fq.gz
SH11778	ILLUMINA	data/SH11778.R1.fq.gz	data/SH11778.R2.fq.gz
SH11779	ILLUMINA	data/SH11779.R1.fq.gz	data/SH11779.R2.fq.gz
SH11780	ILLUMINA	data/SH11780.R1.fq.gz	data/SH11780.R2.fq.gz
SH11781	ILLUMINA	data/SH11781.R1.fq.gz	data/SH11781.R2.fq.gz
SH11782	ILLUMINA	data/SH11782.R1.fq.gz	data/SH11782.R2.fq.gz
SH11783	ILLUMINA	data/SH11783.R1.fq.gz	data/SH11783.R2.fq.gz
SH11784	ILLUMINA	data/SH11784.R1.fq.gz	data/SH11784.R2.fq.gz
SH11785	ILLUMINA	data/SH11785.R1.fq.gz	data/SH11785.R2.fq.gz
SH11786	ILLUMINA	data/SH11786.R1.fq.gz	data/SH11786.R2.fq.gz
SH11787	ILLUMINA	data/SH11787.R1.fq.gz	data/SH11787.R2.fq.gz
SH11788	ILLUMINA	data/SH11788.R1.fq.gz	data/SH11788.R2.fq.gz
SH11791	ILLUMINA	data/SH11791.R1.fq.gz	data/SH11791.R2.fq.gz
SH11792	ILLUMINA	data/SH11792.R1.fq.gz	data/SH11792.R2.fq.gz
SH11793	ILLUMINA	data/SH11793.R1.fq.gz	data/SH11793.R2.fq.gz
SH11794	ILLUMINA	data/SH11794.R1.fq.gz	data/SH11794.R2.fq.gz
SH11795	ILLUMINA	data/SH11795.R1.fq.gz	data/SH11795.R2.fq.gz
SH11796	ILLUMINA	data/SH11796.R1.fq.gz	data/SH11796.R2.fq.gz
SH11799	ILLUMINA	data/SH11799.R1.fq.gz	data/SH11799.R2.fq.gz
SH11800	ILLUMINA	data/SH11800.R1.fq.gz	data/SH11800.R2.fq.gz
SH11801	ILLUMINA	data/SH11801.R1.fq.gz	data/SH11801.R2.fq.gz
SH11802	ILLUMINA	data/SH11802.R1.fq.gz	data/SH11802.R2.fq.gz
SH11803	ILLUMINA	data/SH11803.R1.fq.gz	data/SH11803.R2.fq.gz
SH11804	ILLUMINA	data/SH11804.R1.fq.gz	data/SH11804.R2.fq.gz
SH11805	ILLUMINA	data/SH11805.R1.fq.gz	data/SH11805.R2.fq.gz
SH11806	ILLUMINA	data/SH11806.R1.fq.gz	data/SH11806.R2.fq.gz
SH11807	ILLUMINA	data/SH11807.R1.fq.gz	data/SH11807.R2.fq.gz
SH11808	ILLUMINA	data/SH11808.R1.fq.gz	data/SH11808.R2.fq.gz
SH11809	ILLUMINA	data/SH11809.R1.fq.gz	data/SH11809.R2.fq.gz
SH11810	ILLUMINA	data/SH11810.R1.fq.gz	data/SH11810.R2.fq.gz
SH11811	ILLUMINA	data/SH11811.R1.fq.gz	data/SH11811.R2.fq.gz
SH11812	ILLUMINA	data/SH11812.R1.fq.gz	data/SH11812.R2.fq.gz
SH11813	ILLUMINA	data/SH11813.R1.fq.gz	data/SH11813.R2.fq.gz
SH11814	ILLUMINA	data/SH11814.R1.fq.gz	data/SH11814.R2.fq.gz
SH11815	ILLUMINA	data/SH11815.R1.fq.gz	data/SH11815.R2.fq.gz
SH11816	ILLUMINA	data/SH11816.R1.fq.gz	data/SH11816.R2.fq.gz
SH11817	ILLUMINA	data/SH11817.R1.fq.gz	data/SH11817.R2.fq.gz
SH11818	ILLUMINA	data/SH11818.R1.fq.gz	data/SH11818.R2.fq.gz
SH11819	ILLUMINA	data/SH11819.R1.fq.gz	data/SH11819.R2.fq.gz
SH11820	ILLUMINA	data/SH11820.R1.fq.gz	data/SH11820.R2.fq.gz
SH11821	ILLUMINA	data/SH11821.R1.fq.gz	data/SH11821.R2.fq.gz
SH11822	ILLUMINA	data/SH11822.R1.fq.gz	data/SH11822.R2.fq.gz
SH11823	ILLUMINA	data/SH11823.R1.fq.gz	data/SH11823.R2.fq.gz
SH11824	ILLUMINA	data/SH11824.R1.fq.gz	data/SH11824.R2.fq.gz
SH11825	ILLUMINA	data/SH11825.R1.fq.gz	data/SH11825.R2.fq.gz
SH11826	ILLUMINA	data/SH11826.R1.fq.gz	data/SH11826.R2.fq.gz
SH11827	ILLUMINA	data/SH11827.R1.fq.gz	data/SH11827.R2.fq.gz
SH11828	ILLUMINA	data/SH11828.R1.fq.gz	data/SH11828.R2.fq.gz
SH11829	ILLUMINA	data/SH11829.R1.fq.gz	data/SH11829.R2.fq.gz
SH11830	ILLUMINA	data/SH11830.R1.fq.gz	data/SH11830.R2.fq.gz
SH11831	ILLUMINA	data/SH11831.R1.fq.gz	data/SH11831.R2.fq.gz
SH11832	ILLUMINA	data/SH11832.R1.fq.gz	data/SH11832.R2.fq.gz
SH11833	ILLUMINA	data/SH11833.R1.fq.gz	data/SH11833.R2.fq.gz
SH11834	ILLUMINA	data/SH11834.R1.fq.gz	data/SH11834.R2.fq.gz
SH11835	ILLUMINA	data/SH11835.R1.fq.gz	data/SH11835.R2.fq.gz
SH11836	ILLUMINA	data/SH11836.R1.fq.gz	data/SH11836.R2.fq.gz
SH11837	ILLUMINA	data/SH11837.R1.fq.gz	data/SH11837.R2.fq.gz
SH11838	ILLUMINA	data/SH11838.R1.fq.gz	data/SH11838.R2.fq.gz
SH11839	ILLUMINA	data/SH11839.R1.fq.gz	data/SH11839.R2.fq.gz
SH11840	ILLUMINA	data/SH11840.R1.fq.gz	data/SH11840.R2.fq.gz
SH11841	ILLUMINA	data/SH11841.R1.fq.gz	data/SH11841.R2.fq.gz
SH11842	ILLUMINA	data/SH11842.R1.fq.gz	data/SH11842.R2.fq.gz
SH11843	ILLUMINA	data/SH11843.R1.fq.gz	data/SH11843.R2.fq.gz
SH11844	ILLUMINA	data/SH11844.R1.fq.gz	data/SH11844.R2.fq.gz
SH11845	ILLUMINA	data/SH11845.R1.fq.gz	data/SH11845.R2.fq.gz
SH11847	ILLUMINA	data/SH11847.R1.fq.gz	data/SH11847.R2.fq.gz
SH11848	ILLUMINA	data/SH11848.R1.fq.gz	data/SH11848.R2.fq.gz
SH11849	ILLUMINA	data/SH11849.R1.fq.gz	data/SH11849.R2.fq.gz
SH11850	ILLUMINA	data/SH11850.R1.fq.gz	data/SH11850.R2.fq.gz
SH11851	ILLUMINA	data/SH11851.R1.fq.gz	data/SH11851.R2.fq.gz
SH11852	ILLUMINA	data/SH11852.R1.fq.gz	data/SH11852.R2.fq.gz
SH11853	ILLUMINA	data/SH11853.R1.fq.gz	data/SH11853.R2.fq.gz
SH11854	ILLUMINA	data/SH11854.R1.fq.gz	data/SH11854.R2.fq.gz
SH11855	ILLUMINA	data/SH11855.R1.fq.gz	data/SH11855.R2.fq.gz
SH11856	ILLUMINA	data/SH11856.R1.fq.gz	data/SH11856.R2.fq.gz
SH11857	ILLUMINA	data/SH11857.R1.fq.gz	data/SH11857.R2.fq.gz
SH11858	ILLUMINA	data/SH11858.R1.fq.gz	data/SH11858.R2.fq.gz
SH11859	ILLUMINA	data/SH11859.R1.fq.gz	data/SH11859.R2.fq.gz
SH11860	ILLUMINA	data/SH11860.R1.fq.gz	data/SH11860.R2.fq.gz
SH11861	ILLUMINA	data/SH11861.R1.fq.gz	data/SH11861.R2.fq.gz
SH11862	ILLUMINA	data/SH11862.R1.fq.gz	data/SH11862.R2.fq.gz
SH11863	ILLUMINA	data/SH11863.R1.fq.gz	data/SH11863.R2.fq.gz
SH11864	ILLUMINA	data/SH11864.R1.fq.gz	data/SH11864.R2.fq.gz
SH11865	ILLUMINA	data/SH11865.R1.fq.gz	data/SH11865.R2.fq.gz
SH11866	ILLUMINA	data/SH11866.R1.fq.gz	data/SH11866.R2.fq.gz
SH11867	ILLUMINA	data/SH11867.R1.fq.gz	data/SH11867.R2.fq.gz
SH11868	ILLUMINA	data/SH11868.R1.fq.gz	data/SH11868.R2.fq.gz
SH11869	ILLUMINA	data/SH11869.R1.fq.gz	data/SH11869.R2.fq.gz
SH11870	ILLUMINA	data/SH11870.R1.fq.gz	data/SH11870.R2.fq.gz
SH11871	ILLUMINA	data/SH11871.R1.fq.gz	data/SH11871.R2.fq.gz
SH11872	ILLUMINA	data/SH11872.R1.fq.gz	data/SH11872.R2.fq.gz
SH11873	ILLUMINA	data/SH11873.R1.fq.gz	data/SH11873.R2.fq.gz
SH11874	ILLUMINA	data/SH11874.R1.fq.gz	data/SH11874.R2.fq.gz
SH11875	ILLUMINA	data/SH11875.R1.fq.gz	data/SH11875.R2.fq.gz
SH11876	ILLUMINA	data/SH11876.R1.fq.gz	data/SH11876.R2.fq.gz
SH11877	ILLUMINA	data/SH11877.R1.fq.gz	data/SH11877.R2.fq.gz
SH11878	ILLUMINA	data/SH11878.R1.fq.gz	data/SH11878.R2.fq.gz
SH11879	ILLUMINA	data/SH11879.R1.fq.gz	data/SH11879.R2.fq.gz
SH11880	ILLUMINA	data/SH11880.R1.fq.gz	data/SH11880.R2.fq.gz
SH11881	ILLUMINA	data/SH11881.R1.fq.gz	data/SH11881.R2.fq.gz
SH11882	ILLUMINA	data/SH11882.R1.fq.gz	data/SH11882.R2.fq.gz
SH11883	ILLUMINA	data/SH11883.R1.fq.gz	data/SH11883.R2.fq.gz
SH11884	ILLUMINA	data/SH11884.R1.fq.gz	data/SH11884.R2.fq.gz
SH11885	ILLUMINA	data/SH11885.R1.fq.gz	data/SH11885.R2.fq.gz
SH11886	ILLUMINA	data/SH11886.R1.fq.gz	data/SH11886.R2.fq.gz
SH11887	ILLUMINA	data/SH11887.R1.fq.gz	data/SH11887.R2.fq.gz
SH11888	ILLUMINA	data/SH11888.R1.fq.gz	data/SH11888.R2.fq.gz
SH11889	ILLUMINA	data/SH11889.R1.fq.gz	data/SH11889.R2.fq.gz
SH11890	ILLUMINA	data/SH11890.R1.fq.gz	data/SH11890.R2.fq.gz
SH11891	ILLUMINA	data/SH11891.R1.fq.gz	data/SH11891.R2.fq.gz
SH11892	ILLUMINA	data/SH11892.R1.fq.gz	data/SH11892.R2.fq.gz
SH11893	ILLUMINA	data/SH11893.R1.fq.gz	data/SH11893.R2.fq.gz
SH11894	ILLUMINA	data/SH11894.R1.fq.gz	data/SH11894.R2.fq.gz
SH11895	ILLUMINA	data/SH11895.R1.fq.gz	data/SH11895.R2.fq.gz
SH11896	ILLUMINA	data/SH11896.R1.fq.gz	data/SH11896.R2.fq.gz
SH11897	ILLUMINA	data/SH11897.R1.fq.gz	data/SH11897.R2.fq.gz
SH11898	ILLUMINA	data/SH11898.R1.fq.gz	data/SH11898.R2.fq.gz
SH11899	ILLUMINA	data/SH11899.R1.fq.gz	data/SH11899.R2.fq.gz
SH11900	ILLUMINA	data/SH11900.R1.fq.gz	data/SH11900.R2.fq.gz
SH11901	ILLUMINA	data/SH11901.R1.fq.gz	data/SH11901.R2.fq.gz
SH11902	ILLUMINA	data/SH11902.R1.fq.gz	data/SH11902.R2.fq.gz
SH11903	ILLUMINA	data/SH11903.R1.fq.gz	data/SH11903.R2.fq.gz
SH11904	ILLUMINA	data/SH11904.R1.fq.gz	data/SH11904.R2.fq.gz
SH11905	ILLUMINA	data/SH11905.R1.fq.gz	data/SH11905.R2.fq.gz
SH11906	ILLUMINA	data/SH11906.R1.fq.gz	data/SH11906.R2.fq.gz
SH11907	ILLUMINA	data/SH11907.R1.fq.gz	data/SH11907.R2.fq.gz
SH11908	ILLUMINA	data/SH11908.R1.fq.gz	data/SH11908.R2.fq.gz
SH11909	ILLUMINA	data/SH11909.R1.fq.gz	data/SH11909.R2.fq.gz
SH11910	ILLUMINA	data/SH11910.R1.fq.gz	data/SH11910.R2.fq.gz
SH11911	ILLUMINA	data/SH11911.R1.fq.gz	data/SH11911.R2.fq.gz
SH11912	ILLUMINA	data/SH11912.R1.fq.gz	data/SH11912.R2.fq.gz
SH11913	ILLUMINA	data/SH11913.R1.fq.gz	data/SH11913.R2.fq.gz
SH11914	ILLUMINA	data/SH11914.R1.fq.gz	data/SH11914.R2.fq.gz
SH11915	ILLUMINA	data/SH11915.R1.fq.gz	data/SH11915.R2.fq.gz
SH11916	ILLUMINA	data/SH11916.R1.fq.gz	data/SH11916.R2.fq.gz
SH11917	ILLUMINA	data/SH11917.R1.fq.gz	data/SH11917.R2.fq.gz
SH11918	ILLUMINA	data/SH11918.R1.fq.gz	data/SH11918.R2.fq.gz
SH11919	ILLUMINA	data/SH11919.R1.fq.gz	data/SH11919.R2.fq.gz
SH11920	ILLUMINA	data/SH11920.R1.fq.gz	data/SH11920.R2.fq.gz
SH11921	ILLUMINA	data/SH11921.R1.fq.gz	data/SH11921.R2.fq.gz
SH11922	ILLUMINA	data/SH11922.R1.fq.gz	data/SH11922.R2.fq.gz
SH11924	ILLUMINA	data/SH11924.R1.fq.gz	data/SH11924.R2.fq.gz
SH11925	ILLUMINA	data/SH11925.R1.fq.gz	data/SH11925.R2.fq.gz
SH11926	ILLUMINA	data/SH11926.R1.fq.gz	data/SH11926.R2.fq.gz
SH11927	ILLUMINA	data/SH11927.R1.fq.gz	data/SH11927.R2.fq.gz
SH11928	ILLUMINA	data/SH11928.R1.fq.gz	data/SH11928.R2.fq.gz
SH11929	ILLUMINA	data/SH11929.R1.fq.gz	data/SH11929.R2.fq.gz
SH11930	ILLUMINA	data/SH11930.R1.fq.gz	data/SH11930.R2.fq.gz
SH11931	ILLUMINA	data/SH11931.R1.fq.gz	data/SH11931.R2.fq.gz
SH11932	ILLUMINA	data/SH11932.R1.fq.gz	data/SH11932.R2.fq.gz
SH11933	ILLUMINA	data/SH11933.R1.fq.gz	data/SH11933.R2.fq.gz
SH11934	ILLUMINA	data/SH11934.R1.fq.gz	data/SH11934.R2.fq.gz
SH11935	ILLUMINA	data/SH11935.R1.fq.gz	data/SH11935.R2.fq.gz
SH11936	ILLUMINA	data/SH11936.R1.fq.gz	data/SH11936.R2.fq.gz
SH11937	ILLUMINA	data/SH11937.R1.fq.gz	data/SH11937.R2.fq.gz
SH11938	ILLUMINA	data/SH11938.R1.fq.gz	data/SH11938.R2.fq.gz
SH11939	ILLUMINA	data/SH11939.R1.fq.gz	data/SH11939.R2.fq.gz
SH11940	ILLUMINA	data/SH11940.R1.fq.gz	data/SH11940.R2.fq.gz
SH11942	ILLUMINA	data/SH11942.R1.fq.gz	data/SH11942.R2.fq.gz
SH11943	ILLUMINA	data/SH11943.R1.fq.gz	data/SH11943.R2.fq.gz
SH11944	ILLUMINA	data/SH11944.R1.fq.gz	data/SH11944.R2.fq.gz
SH11945	ILLUMINA	data/SH11945.R1.fq.gz	data/SH11945.R2.fq.gz
SH11947	ILLUMINA	data/SH11947.R1.fq.gz	data/SH11947.R2.fq.gz
SH11948	ILLUMINA	data/SH11948.R1.fq.gz	data/SH11948.R2.fq.gz
SH11949	ILLUMINA	data/SH11949.R1.fq.gz	data/SH11949.R2.fq.gz
SH11950	ILLUMINA	data/SH11950.R1.fq.gz	data/SH11950.R2.fq.gz
SH11951	ILLUMINA	data/SH11951.R1.fq.gz	data/SH11951.R2.fq.gz
SH11952	ILLUMINA	data/SH11952.R1.fq.gz	data/SH11952.R2.fq.gz
SH11953	ILLUMINA	data/SH11953.R1.fq.gz	data/SH11953.R2.fq.gz
SH11954	ILLUMINA	data/SH11954.R1.fq.gz	data/SH11954.R2.fq.gz
SH11955	ILLUMINA	data/SH11955.R1.fq.gz	data/SH11955.R2.fq.gz
SH11956	ILLUMINA	data/SH11956.R1.fq.gz	data/SH11956.R2.fq.gz
SH11957	ILLUMINA	data/SH11957.R1.fq.gz	data/SH11957.R2.fq.gz
SH11958	ILLUMINA	data/SH11958.R1.fq.gz	data/SH11958.R2.fq.gz
SH11959	ILLUMINA	data/SH11959.R1.fq.gz	data/SH11959.R2.fq.gz
SH11960	ILLUMINA	data/SH11960.R1.fq.gz	data/SH11960.R2.fq.gz
SH11961	ILLUMINA	data/SH11961.R1.fq.gz	data/SH11961.R2.fq.gz
SH11962	ILLUMINA	data/SH11962.R1.fq.gz	data/SH11962.R2.fq.gz
SH11963	ILLUMINA	data/SH11963.R1.fq.gz	data/SH11963.R2.fq.gz
SH11964	ILLUMINA	data/SH11964.R1.fq.gz	data/SH11964.R2.fq.gz
SH11965	ILLUMINA	data/SH11965.R1.fq.gz	data/SH11965.R2.fq.gz
SH11966	ILLUMINA	data/SH11966.R1.fq.gz	data/SH11966.R2.fq.gz
SH11967	ILLUMINA	data/SH11967.R1.fq.gz	data/SH11967.R2.fq.gz
SH11968	ILLUMINA	data/SH11968.R1.fq.gz	data/SH11968.R2.fq.gz
SH11969	ILLUMINA	data/SH11969.R1.fq.gz	data/SH11969.R2.fq.gz
SH11970	ILLUMINA	data/SH11970.R1.fq.gz	data/SH11970.R2.fq.gz
SH11971	ILLUMINA	data/SH11971.R1.fq.gz	data/SH11971.R2.fq.gz
SH11972	ILLUMINA	data/SH11972.R1.fq.gz	data/SH11972.R2.fq.gz
SH11973	ILLUMINA	data/SH11973.R1.fq.gz	data/SH11973.R2.fq.gz
SH11974	ILLUMINA	data/SH11974.R1.fq.gz	data/SH11974.R2.fq.gz
SH11975	ILLUMINA	data/SH11975.R1.fq.gz	data/SH11975.R2.fq.gz
SH11976	ILLUMINA	data/SH11976.R1.fq.gz	data/SH11976.R2.fq.gz
SH11977	ILLUMINA	data/SH11977.R1.fq.gz	data/SH11977.R2.fq.gz
SH11978	ILLUMINA	data/SH11978.R1.fq.gz	data/SH11978.R2.fq.gz
SH11979	ILLUMINA	data/SH11979.R1.fq.gz	data/SH11979.R2.fq.gz
SH11980	ILLUMINA	data/SH11980.R1.fq.gz	data/SH11980.R2.fq.gz
SH11981	ILLUMINA	data/SH11981.R1.fq.gz	data/SH11981.R2.fq.gz
SH11982	ILLUMINA	data/SH11982.R1.fq.gz	data/SH11982.R2.fq.gz
SH11983	ILLUMINA	data/SH11983.R1.fq.gz	data/SH11983.R2.fq.gz
SH11984	ILLUMINA	data/SH11984.R1.fq.gz	data/SH11984.R2.fq.gz
SH11985	ILLUMINA	data/SH11985.R1.fq.gz	data/SH11985.R2.fq.gz
SH11986	ILLUMINA	data/SH11986.R1.fq.gz	data/SH11986.R2.fq.gz
SH11987	ILLUMINA	data/SH11987.R1.fq.gz	data/SH11987.R2.fq.gz
SH11988	ILLUMINA	data/SH11988.R1.fq.gz	data/SH11988.R2.fq.gz
SH11989	ILLUMINA	data/SH11989.R1.fq.gz	data/SH11989.R2.fq.gz
SH11990	ILLUMINA	data/SH11990.R1.fq.gz	data/SH11990.R2.fq.gz
SH11991	ILLUMINA	data/SH11991.R1.fq.gz	data/SH11991.R2.fq.gz
SH11992	ILLUMINA	data/SH11992.R1.fq.gz	data/SH11992.R2.fq.gz
SH11993	ILLUMINA	data/SH11993.R1.fq.gz	data/SH11993.R2.fq.gz
SH11994	ILLUMINA	data/SH11994.R1.fq.gz	data/SH11994.R2.fq.gz
SH11995	ILLUMINA	data/SH11995.R1.fq.gz	data/SH11995.R2.fq.gz
SH11996	ILLUMINA	data/SH11996.R1.fq.gz	data/SH11996.R2.fq.gz
SH11997	ILLUMINA	data/SH11997.R1.fq.gz	data/SH11997.R2.fq.gz
SH11998	ILLUMINA	data/SH11998.R1.fq.gz	data/SH11998.R2.fq.gz
SH11999	ILLUMINA	data/SH11999.R1.fq.gz	data/SH11999.R2.fq.gz
SH12000	ILLUMINA	data/SH12000.R1.fq.gz	data/SH12000.R2.fq.gz
SH12001	ILLUMINA	data/SH12001.R1.fq.gz	data/SH12001.R2.fq.gz
SH12002	ILLUMINA	data/SH12002.R1.fq.gz	data/SH12002.R2.fq.gz
SH12003	ILLUMINA	data/SH12003.R1.fq.gz	data/SH12003.R2.fq.gz
SH12004	ILLUMINA	data/SH12004.R1.fq.gz	data/SH12004.R2.fq.gz
SH12005	ILLUMINA	data/SH12005.R1.fq.gz	data/SH12005.R2.fq.gz
SH12006	ILLUMINA	data/SH12006.R1.fq.gz	data/SH12006.R2.fq.gz
SH12007	ILLUMINA	data/SH12007.R1.fq.gz	data/SH12007.R2.fq.gz
SH12008	ILLUMINA	data/SH12008.R1.fq.gz	data/SH12008.R2.fq.gz
SH12009	ILLUMINA	data/SH12009.R1.fq.gz	data/SH12009.R2.fq.gz
SH12010	ILLUMINA	data/SH12010.R1.fq.gz	data/SH12010.R2.fq.gz
SH12011	ILLUMINA	data/SH12011.R1.fq.gz	data/SH12011.R2.fq.gz
SH12012	ILLUMINA	data/SH12012.R1.fq.gz	data/SH12012.R2.fq.gz
SH12013	ILLUMINA	data/SH12013.R1.fq.gz	data/SH12013.R2.fq.gz
SH12014	ILLUMINA	data/SH12014.R1.fq.gz	data/SH12014.R2.fq.gz
SH12016	ILLUMINA	data/SH12016.R1.fq.gz	data/SH12016.R2.fq.gz
SH12017	ILLUMINA	data/SH12017.R1.fq.gz	data/SH12017.R2.fq.gz
SH12018	ILLUMINA	data/SH12018.R1.fq.gz	data/SH12018.R2.fq.gz
SH12019	ILLUMINA	data/SH12019.R1.fq.gz	data/SH12019.R2.fq.gz
SH12020	ILLUMINA	data/SH12020.R1.fq.gz	data/SH12020.R2.fq.gz
SH12021	ILLUMINA	data/SH12021.R1.fq.gz	data/SH12021.R2.fq.gz
SH12022	ILLUMINA	data/SH12022.R1.fq.gz	data/SH12022.R2.fq.gz
SH12023	ILLUMINA	data/SH12023.R1.fq.gz	data/SH12023.R2.fq.gz
SH12024	ILLUMINA	data/SH12024.R1.fq.gz	data/SH12024.R2.fq.gz
SH12025	ILLUMINA	data/SH12025.R1.fq.gz	data/SH12025.R2.fq.gz
SH12026	ILLUMINA	data/SH12026.R1.fq.gz	data/SH12026.R2.fq.gz
SH12027	ILLUMINA	data/SH12027.R1.fq.gz	data/SH12027.R2.fq.gz
SH12028	ILLUMINA	data/SH12028.R1.fq.gz	data/SH12028.R2.fq.gz
SH12029	ILLUMINA	data/SH12029.R1.fq.gz	data/SH12029.R2.fq.gz
SH12030	ILLUMINA	data/SH12030.R1.fq.gz	data/SH12030.R2.fq.gz
SH12031	ILLUMINA	data/SH12031.R1.fq.gz	data/SH12031.R2.fq.gz
SH12032	ILLUMINA	data/SH12032.R1.fq.gz	data/SH12032.R2.fq.gz
SH12033	ILLUMINA	data/SH12033.R1.fq.gz	data/SH12033.R2.fq.gz
SH12034	ILLUMINA	data/SH12034.R1.fq.gz	data/SH12034.R2.fq.gz
SH12035	ILLUMINA	data/SH12035.R1.fq.gz	data/SH12035.R2.fq.gz
SH12036	ILLUMINA	data/SH12036.R1.fq.gz	data/SH12036.R2.fq.gz
SH12037	ILLUMINA	data/SH12037.R1.fq.gz	data/SH12037.R2.fq.gz
SH12038	ILLUMINA	data/SH12038.R1.fq.gz	data/SH12038.R2.fq.gz
SH12039	ILLUMINA	data/SH12039.R1.fq.gz	data/SH12039.R2.fq.gz
SH12040	ILLUMINA	data/SH12040.R1.fq.gz	data/SH12040.R2.fq.gz
SH12041	ILLUMINA	data/SH12041.R1.fq.gz	data/SH12041.R2.fq.gz
SH12042	ILLUMINA	data/SH12042.R1.fq.gz	data/SH12042.R2.fq.gz
SH12043	ILLUMINA	data/SH12043.R1.fq.gz	data/SH12043.R2.fq.gz
SH12044	ILLUMINA	data/SH12044.R1.fq.gz	data/SH12044.R2.fq.gz
SH12045	ILLUMINA	data/SH12045.R1.fq.gz	data/SH12045.R2.fq.gz
SH12046	ILLUMINA	data/SH12046.R1.fq.gz	data/SH12046.R2.fq.gz
SH12048	ILLUMINA	data/SH12048.R1.fq.gz	data/SH12048.R2.fq.gz
SH12049	ILLUMINA	data/SH12049.R1.fq.gz	data/SH12049.R2.fq.gz
SH12050	ILLUMINA	data/SH12050.R1.fq.gz	data/SH12050.R2.fq.gz
SH12051	ILLUMINA	data/SH12051.R1.fq.gz	data/SH12051.R2.fq.gz
SH12052	ILLUMINA	data/SH12052.R1.fq.gz	data/SH12052.R2.fq.gz
SH12053	ILLUMINA	data/SH12053.R1.fq.gz	data/SH12053.R2.fq.gz
SH12054	ILLUMINA	data/SH12054.R1.fq.gz	data/SH12054.R2.fq.gz
SH12055	ILLUMINA	data/SH12055.R1.fq.gz	data/SH12055.R2.fq.gz
SH12056	ILLUMINA	data/SH12056.R1.fq.gz	data/SH12056.R2.fq.gz
SH12057	ILLUMINA	data/SH12057.R1.fq.gz	data/SH12057.R2.fq.gz
SH12058	ILLUMINA	data/SH12058.R1.fq.gz	data/SH12058.R2.fq.gz
SH12059	ILLUMINA	data/SH12059.R1.fq.gz	data/SH12059.R2.fq.gz
SH12060	ILLUMINA	data/SH12060.R1.fq.gz	data/SH12060.R2.fq.gz
SH12061	ILLUMINA	data/SH12061.R1.fq.gz	data/SH12061.R2.fq.gz
SH12062	ILLUMINA	data/SH12062.R1.fq.gz	data/SH12062.R2.fq.gz
SH12063	ILLUMINA	data/SH12063.R1.fq.gz	data/SH12063.R2.fq.gz
SH12064	ILLUMINA	data/SH12064.R1.fq.gz	data/SH12064.R2.fq.gz
SH12065	ILLUMINA	data/SH12065.R1.fq.gz	data/SH12065.R2.fq.gz
SH12066	ILLUMINA	data/SH12066.R1.fq.gz	data/SH12066.R2.fq.gz
SH12067	ILLUMINA	data/SH12067.R1.fq.gz	data/SH12067.R2.fq.gz
SH12068	ILLUMINA	data/SH12068.R1.fq.gz	data/SH12068.R2.fq.gz
SH12070	ILLUMINA	data/SH12070.R1.fq.gz	data/SH12070.R2.fq.gz
SH12071	ILLUMINA	data/SH12071.R1.fq.gz	data/SH12071.R2.fq.gz
SH12072	ILLUMINA	data/SH12072.R1.fq.gz	data/SH12072.R2.fq.gz
SH12073	ILLUMINA	data/SH12073.R1.fq.gz	data/SH12073.R2.fq.gz
SH12074	ILLUMINA	data/SH12074.R1.fq.gz	data/SH12074.R2.fq.gz
SH12075	ILLUMINA	data/SH12075.R1.fq.gz	data/SH12075.R2.fq.gz
SH12076	ILLUMINA	data/SH12076.R1.fq.gz	data/SH12076.R2.fq.gz
SH12077	ILLUMINA	data/SH12077.R1.fq.gz	data/SH12077.R2.fq.gz
SH12078	ILLUMINA	data/SH12078.R1.fq.gz	data/SH12078.R2.fq.gz
SH12079	ILLUMINA	data/SH12079.R1.fq.gz	data/SH12079.R2.fq.gz
SH12080	ILLUMINA	data/SH12080.R1.fq.gz	data/SH12080.R2.fq.gz
SH12081	ILLUMINA	data/SH12081.R1.fq.gz	data/SH12081.R2.fq.gz
SH12082	ILLUMINA	data/SH12082.R1.fq.gz	data/SH12082.R2.fq.gz
SH12083	ILLUMINA	data/SH12083.R1.fq.gz	data/SH12083.R2.fq.gz
SH12084	ILLUMINA	data/SH12084.R1.fq.gz	data/SH12084.R2.fq.gz
SH12085	ILLUMINA	data/SH12085.R1.fq.gz	data/SH12085.R2.fq.gz
SH12086	ILLUMINA	data/SH12086.R1.fq.gz	data/SH12086.R2.fq.gz
SH12087	ILLUMINA	data/SH12087.R1.fq.gz	data/SH12087.R2.fq.gz
SH12088	ILLUMINA	data/SH12088.R1.fq.gz	data/SH12088.R2.fq.gz
SH12089	ILLUMINA	data/SH12089.R1.fq.gz	data/SH12089.R2.fq.gz
SH12090	ILLUMINA	data/SH12090.R1.fq.gz	data/SH12090.R2.fq.gz
SH12091	ILLUMINA	data/SH12091.R1.fq.gz	data/SH12091.R2.fq.gz
SH12092	ILLUMINA	data/SH12092.R1.fq.gz	data/SH12092.R2.fq.gz
SH12093	ILLUMINA	data/SH12093.R1.fq.gz	data/SH12093.R2.fq.gz
SH12094	ILLUMINA	data/SH12094.R1.fq.gz	data/SH12094.R2.fq.gz
SH12095	ILLUMINA	data/SH12095.R1.fq.gz	data/SH12095.R2.fq.gz
SH12096	ILLUMINA	data/SH12096.R1.fq.gz	data/SH12096.R2.fq.gz
SH12097	ILLUMINA	data/SH12097.R1.fq.gz	data/SH12097.R2.fq.gz
SH12098	ILLUMINA	data/SH12098.R1.fq.gz	data/SH12098.R2.fq.gz
SH12099	ILLUMINA	data/SH12099.R1.fq.gz	data/SH12099.R2.fq.gz
SH12100	ILLUMINA	data/SH12100.R1.fq.gz	data/SH12100.R2.fq.gz
SH12101	ILLUMINA	data/SH12101.R1.fq.gz	data/SH12101.R2.fq.gz
SH12102	ILLUMINA	data/SH12102.R1.fq.gz	data/SH12102.R2.fq.gz
SH12104	ILLUMINA	data/SH12104.R1.fq.gz	data/SH12104.R2.fq.gz
SH12105	ILLUMINA	data/SH12105.R1.fq.gz	data/SH12105.R2.fq.gz
SH12106	ILLUMINA	data/SH12106.R1.fq.gz	data/SH12106.R2.fq.gz
SH12107	ILLUMINA	data/SH12107.R1.fq.gz	data/SH12107.R2.fq.gz
SH12108	ILLUMINA	data/SH12108.R1.fq.gz	data/SH12108.R2.fq.gz
SH12110	ILLUMINA	data/SH12110.R1.fq.gz	data/SH12110.R2.fq.gz
SH12111	ILLUMINA	data/SH12111.R1.fq.gz	data/SH12111.R2.fq.gz
SH12112	ILLUMINA	data/SH12112.R1.fq.gz	data/SH12112.R2.fq.gz
SH12113	ILLUMINA	data/SH12113.R1.fq.gz	data/SH12113.R2.fq.gz
SH12114	ILLUMINA	data/SH12114.R1.fq.gz	data/SH12114.R2.fq.gz
SH12115	ILLUMINA	data/SH12115.R1.fq.gz	data/SH12115.R2.fq.gz
SH12116	ILLUMINA	data/SH12116.R1.fq.gz	data/SH12116.R2.fq.gz
SH12117	ILLUMINA	data/SH12117.R1.fq.gz	data/SH12117.R2.fq.gz
SH12118	ILLUMINA	data/SH12118.R1.fq.gz	data/SH12118.R2.fq.gz
SH12120	ILLUMINA	data/SH12120.R1.fq.gz	data/SH12120.R2.fq.gz
SH12121	ILLUMINA	data/SH12121.R1.fq.gz	data/SH12121.R2.fq.gz
SH12122	ILLUMINA	data/SH12122.R1.fq.gz	data/SH12122.R2.fq.gz
SH12123	ILLUMINA	data/SH12123.R1.fq.gz	data/SH12123.R2.fq.gz
SH12124	ILLUMINA	data/SH12124.R1.fq.gz	data/SH12124.R2.fq.gz
SH12125	ILLUMINA	data/SH12125.R1.fq.gz	data/SH12125.R2.fq.gz
SH12127	ILLUMINA	data/SH12127.R1.fq.gz	data/SH12127.R2.fq.gz
SH12128	ILLUMINA	data/SH12128.R1.fq.gz	data/SH12128.R2.fq.gz
SH12129	ILLUMINA	data/SH12129.R1.fq.gz	data/SH12129.R2.fq.gz
SH12130	ILLUMINA	data/SH12130.R1.fq.gz	data/SH12130.R2.fq.gz
SH12132	ILLUMINA	data/SH12132.R1.fq.gz	data/SH12132.R2.fq.gz
SH12133	ILLUMINA	data/SH12133.R1.fq.gz	data/SH12133.R2.fq.gz
SH12134	ILLUMINA	data/SH12134.R1.fq.gz	data/SH12134.R2.fq.gz
SH12135	ILLUMINA	data/SH12135.R1.fq.gz	data/SH12135.R2.fq.gz
SH12136	ILLUMINA	data/SH12136.R1.fq.gz	data/SH12136.R2.fq.gz
SH12137	ILLUMINA	data/SH12137.R1.fq.gz	data/SH12137.R2.fq.gz
SH12138	ILLUMINA	data/SH12138.R1.fq.gz	data/SH12138.R2.fq.gz
SH12139	ILLUMINA	data/SH12139.R1.fq.gz	data/SH12139.R2.fq.gz
SH12140	ILLUMINA	data/SH12140.R1.fq.gz	data/SH12140.R2.fq.gz
SH12141	ILLUMINA	data/SH12141.R1.fq.gz	data/SH12141.R2.fq.gz
SH12143	ILLUMINA	data/SH12143.R1.fq.gz	data/SH12143.R2.fq.gz
SH12144	ILLUMINA	data/SH12144.R1.fq.gz	data/SH12144.R2.fq.gz
SH12145	ILLUMINA	data/SH12145.R1.fq.gz	data/SH12145.R2.fq.gz
SH12147	ILLUMINA	data/SH12147.R1.fq.gz	data/SH12147.R2.fq.gz
SH12148	ILLUMINA	data/SH12148.R1.fq.gz	data/SH12148.R2.fq.gz
SH12149	ILLUMINA	data/SH12149.R1.fq.gz	data/SH12149.R2.fq.gz
SH12150	ILLUMINA	data/SH12150.R1.fq.gz	data/SH12150.R2.fq.gz
SH12151	ILLUMINA	data/SH12151.R1.fq.gz	data/SH12151.R2.fq.gz
SH12152	ILLUMINA	data/SH12152.R1.fq.gz	data/SH12152.R2.fq.gz
SH12153	ILLUMINA	data/SH12153.R1.fq.gz	data/SH12153.R2.fq.gz
SH12154	ILLUMINA	data/SH12154.R1.fq.gz	data/SH12154.R2.fq.gz
SH12157	ILLUMINA	data/SH12157.R1.fq.gz	data/SH12157.R2.fq.gz
SH12161	ILLUMINA	data/SH12161.R1.fq.gz	data/SH12161.R2.fq.gz
SH12162	ILLUMINA	data/SH12162.R1.fq.gz	data/SH12162.R2.fq.gz
SH12164	ILLUMINA	data/SH12164.R1.fq.gz	data/SH12164.R2.fq.gz
SH12165	ILLUMINA	data/SH12165.R1.fq.gz	data/SH12165.R2.fq.gz
SH12166	ILLUMINA	data/SH12166.R1.fq.gz	data/SH12166.R2.fq.gz
SH12167	ILLUMINA	data/SH12167.R1.fq.gz	data/SH12167.R2.fq.gz
SH12168	ILLUMINA	data/SH12168.R1.fq.gz	data/SH12168.R2.fq.gz
SH12169	ILLUMINA	data/SH12169.R1.fq.gz	data/SH12169.R2.fq.gz
SH12170	ILLUMINA	data/SH12170.R1.fq.gz	data/SH12170.R2.fq.gz
SH12172	ILLUMINA	data/SH12172.R1.fq.gz	data/SH12172.R2.fq.gz
SH12173	ILLUMINA	data/SH12173.R1.fq.gz	data/SH12173.R2.fq.gz
SH12174	ILLUMINA	data/SH12174.R1.fq.gz	data/SH12174.R2.fq.gz
SH12175	ILLUMINA	data/SH12175.R1.fq.gz	data/SH12175.R2.fq.gz
SH12176	ILLUMINA	data/SH12176.R1.fq.gz	data/SH12176.R2.fq.gz
SH12179	ILLUMINA	data/SH12179.R1.fq.gz	data/SH12179.R2.fq.gz
SH12180	ILLUMINA	data/SH12180.R1.fq.gz	data/SH12180.R2.fq.gz
SH12182	ILLUMINA	data/SH12182.R1.fq.gz	data/SH12182.R2.fq.gz
SH12183	ILLUMINA	data/SH12183.R1.fq.gz	data/SH12183.R2.fq.gz
SH12184	ILLUMINA	data/SH12184.R1.fq.gz	data/SH12184.R2.fq.gz
SH12186	ILLUMINA	data/SH12186.R1.fq.gz	data/SH12186.R2.fq.gz
SH12187	ILLUMINA	data/SH12187.R1.fq.gz	data/SH12187.R2.fq.gz
SH12188	ILLUMINA	data/SH12188.R1.fq.gz	data/SH12188.R2.fq.gz
SH12189	ILLUMINA	data/SH12189.R1.fq.gz	data/SH12189.R2.fq.gz
SH12190	ILLUMINA	data/SH12190.R1.fq.gz	data/SH12190.R2.fq.gz
SH12191	ILLUMINA	data/SH12191.R1.fq.gz	data/SH12191.R2.fq.gz
SH12194	ILLUMINA	data/SH12194.R1.fq.gz	data/SH12194.R2.fq.gz
SH12195	ILLUMINA	data/SH12195.R1.fq.gz	data/SH12195.R2.fq.gz
SH12196	ILLUMINA	data/SH12196.R1.fq.gz	data/SH12196.R2.fq.gz
SH12197	ILLUMINA	data/SH12197.R1.fq.gz	data/SH12197.R2.fq.gz
SH12198	ILLUMINA	data/SH12198.R1.fq.gz	data/SH12198.R2.fq.gz
SH12199	ILLUMINA	data/SH12199.R1.fq.gz	data/SH12199.R2.fq.gz
SH12200	ILLUMINA	data/SH12200.R1.fq.gz	data/SH12200.R2.fq.gz
SH12201	ILLUMINA	data/SH12201.R1.fq.gz	data/SH12201.R2.fq.gz
SH12203	ILLUMINA	data/SH12203.R1.fq.gz	data/SH12203.R2.fq.gz
SH12204	ILLUMINA	data/SH12204.R1.fq.gz	data/SH12204.R2.fq.gz
SH12205	ILLUMINA	data/SH12205.R1.fq.gz	data/SH12205.R2.fq.gz
SH12206	ILLUMINA	data/SH12206.R1.fq.gz	data/SH12206.R2.fq.gz
SH12207	ILLUMINA	data/SH12207.R1.fq.gz	data/SH12207.R2.fq.gz
SH12208	ILLUMINA	data/SH12208.R1.fq.gz	data/SH12208.R2.fq.gz
SH12209	ILLUMINA	data/SH12209.R1.fq.gz	data/SH12209.R2.fq.gz
SH12210	ILLUMINA	data/SH12210.R1.fq.gz	data/SH12210.R2.fq.gz
SH12211	ILLUMINA	data/SH12211.R1.fq.gz	data/SH12211.R2.fq.gz
SH12212	ILLUMINA	data/SH12212.R1.fq.gz	data/SH12212.R2.fq.gz
SH12213	ILLUMINA	data/SH12213.R1.fq.gz	data/SH12213.R2.fq.gz
SH12214	ILLUMINA	data/SH12214.R1.fq.gz	data/SH12214.R2.fq.gz
SH12215	ILLUMINA	data/SH12215.R1.fq.gz	data/SH12215.R2.fq.gz
SH12217	ILLUMINA	data/SH12217.R1.fq.gz	data/SH12217.R2.fq.gz
SH12218	ILLUMINA	data/SH12218.R1.fq.gz	data/SH12218.R2.fq.gz
SH12219	ILLUMINA	data/SH12219.R1.fq.gz	data/SH12219.R2.fq.gz
SH12220	ILLUMINA	data/SH12220.R1.fq.gz	data/SH12220.R2.fq.gz
SH12221	ILLUMINA	data/SH12221.R1.fq.gz	data/SH12221.R2.fq.gz
SH12222	ILLUMINA	data/SH12222.R1.fq.gz	data/SH12222.R2.fq.gz
SH12223	ILLUMINA	data/SH12223.R1.fq.gz	data/SH12223.R2.fq.gz
SH12224	ILLUMINA	data/SH12224.R1.fq.gz	data/SH12224.R2.fq.gz
SH12225	ILLUMINA	data/SH12225.R1.fq.gz	data/SH12225.R2.fq.gz
SH12226	ILLUMINA	data/SH12226.R1.fq.gz	data/SH12226.R2.fq.gz
SH12227	ILLUMINA	data/SH12227.R1.fq.gz	data/SH12227.R2.fq.gz
SH12228	ILLUMINA	data/SH12228.R1.fq.gz	data/SH12228.R2.fq.gz
SH12229	ILLUMINA	data/SH12229.R1.fq.gz	data/SH12229.R2.fq.gz
SH12230	ILLUMINA	data/SH12230.R1.fq.gz	data/SH12230.R2.fq.gz
SH12231	ILLUMINA	data/SH12231.R1.fq.gz	data/SH12231.R2.fq.gz
SH12232	ILLUMINA	data/SH12232.R1.fq.gz	data/SH12232.R2.fq.gz
SH12233	ILLUMINA	data/SH12233.R1.fq.gz	data/SH12233.R2.fq.gz
SH12234	ILLUMINA	data/SH12234.R1.fq.gz	data/SH12234.R2.fq.gz
SH12235	ILLUMINA	data/SH12235.R1.fq.gz	data/SH12235.R2.fq.gz
SH12236	ILLUMINA	data/SH12236.R1.fq.gz	data/SH12236.R2.fq.gz
SH12237	ILLUMINA	data/SH12237.R1.fq.gz	data/SH12237.R2.fq.gz
SH12238	ILLUMINA	data/SH12238.R1.fq.gz	data/SH12238.R2.fq.gz
SH12239	ILLUMINA	data/SH12239.R1.fq.gz	data/SH12239.R2.fq.gz
SH12240	ILLUMINA	data/SH12240.R1.fq.gz	data/SH12240.R2.fq.gz
SH12241	ILLUMINA	data/SH12241.R1.fq.gz	data/SH12241.R2.fq.gz
SH12242	ILLUMINA	data/SH12242.R1.fq.gz	data/SH12242.R2.fq.gz
SH12243	ILLUMINA	data/SH12243.R1.fq.gz	data/SH12243.R2.fq.gz
SH12244	ILLUMINA	data/SH12244.R1.fq.gz	data/SH12244.R2.fq.gz
SH12245	ILLUMINA	data/SH12245.R1.fq.gz	data/SH12245.R2.fq.gz
SH12246	ILLUMINA	data/SH12246.R1.fq.gz	data/SH12246.R2.fq.gz
SH12247	ILLUMINA	data/SH12247.R1.fq.gz	data/SH12247.R2.fq.gz
SH12248	ILLUMINA	data/SH12248.R1.fq.gz	data/SH12248.R2.fq.gz
SH12249	ILLUMINA	data/SH12249.R1.fq.gz	data/SH12249.R2.fq.gz
SH12250	ILLUMINA	data/SH12250.R1.fq.gz	data/SH12250.R2.fq.gz
SH12251	ILLUMINA	data/SH12251.R1.fq.gz	data/SH12251.R2.fq.gz
SH12252	ILLUMINA	data/SH12252.R1.fq.gz	data/SH12252.R2.fq.gz
SH12253	ILLUMINA	data/SH12253.R1.fq.gz	data/SH12253.R2.fq.gz
SH12254	ILLUMINA	data/SH12254.R1.fq.gz	data/SH12254.R2.fq.gz
SH12255	ILLUMINA	data/SH12255.R1.fq.gz	data/SH12255.R2.fq.gz
SH12256	ILLUMINA	data/SH12256.R1.fq.gz	data/SH12256.R2.fq.gz
SH12257	ILLUMINA	data/SH12257.R1.fq.gz	data/SH12257.R2.fq.gz
SH12258	ILLUMINA	data/SH12258.R1.fq.gz	data/SH12258.R2.fq.gz
SH12259	ILLUMINA	data/SH12259.R1.fq.gz	data/SH12259.R2.fq.gz
SH12260	ILLUMINA	data/SH12260.R1.fq.gz	data/SH12260.R2.fq.gz
SH12261	ILLUMINA	data/SH12261.R1.fq.gz	data/SH12261.R2.fq.gz
SH12262	ILLUMINA	data/SH12262.R1.fq.gz	data/SH12262.R2.fq.gz
SH12263	ILLUMINA	data/SH12263.R1.fq.gz	data/SH12263.R2.fq.gz
SH12264	ILLUMINA	data/SH12264.R1.fq.gz	data/SH12264.R2.fq.gz
SH12265	ILLUMINA	data/SH12265.R1.fq.gz	data/SH12265.R2.fq.gz
SH12266	ILLUMINA	data/SH12266.R1.fq.gz	data/SH12266.R2.fq.gz
SH12267	ILLUMINA	data/SH12267.R1.fq.gz	data/SH12267.R2.fq.gz
SH12268	ILLUMINA	data/SH12268.R1.fq.gz	data/SH12268.R2.fq.gz
SH12269	ILLUMINA	data/SH12269.R1.fq.gz	data/SH12269.R2.fq.gz
SH12270	ILLUMINA	data/SH12270.R1.fq.gz	data/SH12270.R2.fq.gz
SH12271	ILLUMINA	data/SH12271.R1.fq.gz	data/SH12271.R2.fq.gz
SH12272	ILLUMINA	data/SH12272.R1.fq.gz	data/SH12272.R2.fq.gz
SH12273	ILLUMINA	data/SH12273.R1.fq.gz	data/SH12273.R2.fq.gz
SH12274	ILLUMINA	data/SH12274.R1.fq.gz	data/SH12274.R2.fq.gz
SH12275	ILLUMINA	data/SH12275.R1.fq.gz	data/SH12275.R2.fq.gz
SH12276	ILLUMINA	data/SH12276.R1.fq.gz	data/SH12276.R2.fq.gz
SH12277	ILLUMINA	data/SH12277.R1.fq.gz	data/SH12277.R2.fq.gz
SH12278	ILLUMINA	data/SH12278.R1.fq.gz	data/SH12278.R2.fq.gz
SH12279	ILLUMINA	data/SH12279.R1.fq.gz	data/SH12279.R2.fq.gz
SH12280	ILLUMINA	data/SH12280.R1.fq.gz	data/SH12280.R2.fq.gz
SH12281	ILLUMINA	data/SH12281.R1.fq.gz	data/SH12281.R2.fq.gz
SH12282	ILLUMINA	data/SH12282.R1.fq.gz	data/SH12282.R2.fq.gz
SH12283	ILLUMINA	data/SH12283.R1.fq.gz	data/SH12283.R2.fq.gz
SH12284	ILLUMINA	data/SH12284.R1.fq.gz	data/SH12284.R2.fq.gz
SH12285	ILLUMINA	data/SH12285.R1.fq.gz	data/SH12285.R2.fq.gz
SH12286	ILLUMINA	data/SH12286.R1.fq.gz	data/SH12286.R2.fq.gz
SH12287	ILLUMINA	data/SH12287.R1.fq.gz	data/SH12287.R2.fq.gz
SH12288	ILLUMINA	data/SH12288.R1.fq.gz	data/SH12288.R2.fq.gz
SH12289	ILLUMINA	data/SH12289.R1.fq.gz	data/SH12289.R2.fq.gz
SH12290	ILLUMINA	data/SH12290.R1.fq.gz	data/SH12290.R2.fq.gz
SH12291	ILLUMINA	data/SH12291.R1.fq.gz	data/SH12291.R2.fq.gz
SH12292	ILLUMINA	data/SH12292.R1.fq.gz	data/SH12292.R2.fq.gz
SH12293	ILLUMINA	data/SH12293.R1.fq.gz	data/SH12293.R2.fq.gz
SH12294	ILLUMINA	data/SH12294.R1.fq.gz	data/SH12294.R2.fq.gz
SH12295	ILLUMINA	data/SH12295.R1.fq.gz	data/SH12295.R2.fq.gz
SH12296	ILLUMINA	data/SH12296.R1.fq.gz	data/SH12296.R2.fq.gz
SH12298	ILLUMINA	data/SH12298.R1.fq.gz	data/SH12298.R2.fq.gz
SH12299	ILLUMINA	data/SH12299.R1.fq.gz	data/SH12299.R2.fq.gz
SH12300	ILLUMINA	data/SH12300.R1.fq.gz	data/SH12300.R2.fq.gz
SH12301	ILLUMINA	data/SH12301.R1.fq.gz	data/SH12301.R2.fq.gz
SH12302	ILLUMINA	data/SH12302.R1.fq.gz	data/SH12302.R2.fq.gz
SH12303	ILLUMINA	data/SH12303.R1.fq.gz	data/SH12303.R2.fq.gz
SH12304	ILLUMINA	data/SH12304.R1.fq.gz	data/SH12304.R2.fq.gz
SH12305	ILLUMINA	data/SH12305.R1.fq.gz	data/SH12305.R2.fq.gz
SH12306	ILLUMINA	data/SH12306.R1.fq.gz	data/SH12306.R2.fq.gz
SH12307	ILLUMINA	data/SH12307.R1.fq.gz	data/SH12307.R2.fq.gz
SH12308	ILLUMINA	data/SH12308.R1.fq.gz	data/SH12308.R2.fq.gz
SH12310	ILLUMINA	data/SH12310.R1.fq.gz	data/SH12310.R2.fq.gz
SH12311	ILLUMINA	data/SH12311.R1.fq.gz	data/SH12311.R2.fq.gz
SH12312	ILLUMINA	data/SH12312.R1.fq.gz	data/SH12312.R2.fq.gz
SH12313	ILLUMINA	data/SH12313.R1.fq.gz	data/SH12313.R2.fq.gz
SH12314	ILLUMINA	data/SH12314.R1.fq.gz	data/SH12314.R2.fq.gz
SH12315	ILLUMINA	data/SH12315.R1.fq.gz	data/SH12315.R2.fq.gz
SH12317	ILLUMINA	data/SH12317.R1.fq.gz	data/SH12317.R2.fq.gz
SH12318	ILLUMINA	data/SH12318.R1.fq.gz	data/SH12318.R2.fq.gz
SH12319	ILLUMINA	data/SH12319.R1.fq.gz	data/SH12319.R2.fq.gz
SH12320	ILLUMINA	data/SH12320.R1.fq.gz	data/SH12320.R2.fq.gz
SH12321	ILLUMINA	data/SH12321.R1.fq.gz	data/SH12321.R2.fq.gz
SH12322	ILLUMINA	data/SH12322.R1.fq.gz	data/SH12322.R2.fq.gz
SH12323	ILLUMINA	data/SH12323.R1.fq.gz	data/SH12323.R2.fq.gz
SH12324	ILLUMINA	data/SH12324.R1.fq.gz	data/SH12324.R2.fq.gz
SH12325	ILLUMINA	data/SH12325.R1.fq.gz	data/SH12325.R2.fq.gz
SH12326	ILLUMINA	data/SH12326.R1.fq.gz	data/SH12326.R2.fq.gz
SH12327	ILLUMINA	data/SH12327.R1.fq.gz	data/SH12327.R2.fq.gz
SH12328	ILLUMINA	data/SH12328.R1.fq.gz	data/SH12328.R2.fq.gz
SH12329	ILLUMINA	data/SH12329.R1.fq.gz	data/SH12329.R2.fq.gz
SH12330	ILLUMINA	data/SH12330.R1.fq.gz	data/SH12330.R2.fq.gz
SH12331	ILLUMINA	data/SH12331.R1.fq.gz	data/SH12331.R2.fq.gz
SH12332	ILLUMINA	data/SH12332.R1.fq.gz	data/SH12332.R2.fq.gz
SH12334	ILLUMINA	data/SH12334.R1.fq.gz	data/SH12334.R2.fq.gz
SH12335	ILLUMINA	data/SH12335.R1.fq.gz	data/SH12335.R2.fq.gz
SH12336	ILLUMINA	data/SH12336.R1.fq.gz	data/SH12336.R2.fq.gz
SH12337	ILLUMINA	data/SH12337.R1.fq.gz	data/SH12337.R2.fq.gz
SH12338	ILLUMINA	data/SH12338.R1.fq.gz	data/SH12338.R2.fq.gz
SH12339	ILLUMINA	data/SH12339.R1.fq.gz	data/SH12339.R2.fq.gz
SH12340	ILLUMINA	data/SH12340.R1.fq.gz	data/SH12340.R2.fq.gz
SH12341	ILLUMINA	data/SH12341.R1.fq.gz	data/SH12341.R2.fq.gz
SH12342	ILLUMINA	data/SH12342.R1.fq.gz	data/SH12342.R2.fq.gz
SH12343	ILLUMINA	data/SH12343.R1.fq.gz	data/SH12343.R2.fq.gz
SH12344	ILLUMINA	data/SH12344.R1.fq.gz	data/SH12344.R2.fq.gz
SH12345	ILLUMINA	data/SH12345.R1.fq.gz	data/SH12345.R2.fq.gz
SH12346	ILLUMINA	data/SH12346.R1.fq.gz	data/SH12346.R2.fq.gz
SH12347	ILLUMINA	data/SH12347.R1.fq.gz	data/SH12347.R2.fq.gz
SH12348	ILLUMINA	data/SH12348.R1.fq.gz	data/SH12348.R2.fq.gz
SH12349	ILLUMINA	data/SH12349.R1.fq.gz	data/SH12349.R2.fq.gz
SH12350	ILLUMINA	data/SH12350.R1.fq.gz	data/SH12350.R2.fq.gz
SH12351	ILLUMINA	data/SH12351.R1.fq.gz	data/SH12351.R2.fq.gz
SH12352	ILLUMINA	data/SH12352.R1.fq.gz	data/SH12352.R2.fq.gz
SH12353	ILLUMINA	data/SH12353.R1.fq.gz	data/SH12353.R2.fq.gz
SH12354	ILLUMINA	data/SH12354.R1.fq.gz	data/SH12354.R2.fq.gz
SH12355	ILLUMINA	data/SH12355.R1.fq.gz	data/SH12355.R2.fq.gz
SH12356	ILLUMINA	data/SH12356.R1.fq.gz	data/SH12356.R2.fq.gz
SH12357	ILLUMINA	data/SH12357.R1.fq.gz	data/SH12357.R2.fq.gz
SH12358	ILLUMINA	data/SH12358.R1.fq.gz	data/SH12358.R2.fq.gz
SH12359	ILLUMINA	data/SH12359.R1.fq.gz	data/SH12359.R2.fq.gz
SH12360	ILLUMINA	data/SH12360.R1.fq.gz	data/SH12360.R2.fq.gz
SH12361	ILLUMINA	data/SH12361.R1.fq.gz	data/SH12361.R2.fq.gz
SH12362	ILLUMINA	data/SH12362.R1.fq.gz	data/SH12362.R2.fq.gz
SH12364	ILLUMINA	data/SH12364.R1.fq.gz	data/SH12364.R2.fq.gz
SH12365	ILLUMINA	data/SH12365.R1.fq.gz	data/SH12365.R2.fq.gz
SH12366	ILLUMINA	data/SH12366.R1.fq.gz	data/SH12366.R2.fq.gz
SH12367	ILLUMINA	data/SH12367.R1.fq.gz	data/SH12367.R2.fq.gz
SH12368	ILLUMINA	data/SH12368.R1.fq.gz	data/SH12368.R2.fq.gz
SH12369	ILLUMINA	data/SH12369.R1.fq.gz	data/SH12369.R2.fq.gz
SH12370	ILLUMINA	data/SH12370.R1.fq.gz	data/SH12370.R2.fq.gz
SH12371	ILLUMINA	data/SH12371.R1.fq.gz	data/SH12371.R2.fq.gz
SH12372	ILLUMINA	data/SH12372.R1.fq.gz	data/SH12372.R2.fq.gz
SH12373	ILLUMINA	data/SH12373.R1.fq.gz	data/SH12373.R2.fq.gz
SH12374	ILLUMINA	data/SH12374.R1.fq.gz	data/SH12374.R2.fq.gz
SH12375	ILLUMINA	data/SH12375.R1.fq.gz	data/SH12375.R2.fq.gz
SH12376	ILLUMINA	data/SH12376.R1.fq.gz	data/SH12376.R2.fq.gz
SH12377	ILLUMINA	data/SH12377.R1.fq.gz	data/SH12377.R2.fq.gz
SH12378	ILLUMINA	data/SH12378.R1.fq.gz	data/SH12378.R2.fq.gz
SH12379	ILLUMINA	data/SH12379.R1.fq.gz	data/SH12379.R2.fq.gz
SH12380	ILLUMINA	data/SH12380.R1.fq.gz	data/SH12380.R2.fq.gz
SH12381	ILLUMINA	data/SH12381.R1.fq.gz	data/SH12381.R2.fq.gz
SH12382	ILLUMINA	data/SH12382.R1.fq.gz	data/SH12382.R2.fq.gz
SH12383	ILLUMINA	data/SH12383.R1.fq.gz	data/SH12383.R2.fq.gz
SH12384	ILLUMINA	data/SH12384.R1.fq.gz	data/SH12384.R2.fq.gz
SH12385	ILLUMINA	data/SH12385.R1.fq.gz	data/SH12385.R2.fq.gz
SH12386	ILLUMINA	data/SH12386.R1.fq.gz	data/SH12386.R2.fq.gz
SH12387	ILLUMINA	data/SH12387.R1.fq.gz	data/SH12387.R2.fq.gz
SH12388	ILLUMINA	data/SH12388.R1.fq.gz	data/SH12388.R2.fq.gz
SH12389	ILLUMINA	data/SH12389.R1.fq.gz	data/SH12389.R2.fq.gz
SH12390	ILLUMINA	data/SH12390.R1.fq.gz	data/SH12390.R2.fq.gz
SH12391	ILLUMINA	data/SH12391.R1.fq.gz	data/SH12391.R2.fq.gz
SH12392	ILLUMINA	data/SH12392.R1.fq.gz	data/SH12392.R2.fq.gz
SH12393	ILLUMINA	data/SH12393.R1.fq.gz	data/SH12393.R2.fq.gz
SH12394	ILLUMINA	data/SH12394.R1.fq.gz	data/SH12394.R2.fq.gz
SH12395	ILLUMINA	data/SH12395.R1.fq.gz	data/SH12395.R2.fq.gz
SH12396	ILLUMINA	data/SH12396.R1.fq.gz	data/SH12396.R2.fq.gz
SH12397	ILLUMINA	data/SH12397.R1.fq.gz	data/SH12397.R2.fq.gz
SH12398	ILLUMINA	data/SH12398.R1.fq.gz	data/SH12398.R2.fq.gz
SH12399	ILLUMINA	data/SH12399.R1.fq.gz	data/SH12399.R2.fq.gz
SH12400	ILLUMINA	data/SH12400.R1.fq.gz	data/SH12400.R2.fq.gz
SH12401	ILLUMINA	data/SH12401.R1.fq.gz	data/SH12401.R2.fq.gz
SH12402	ILLUMINA	data/SH12402.R1.fq.gz	data/SH12402.R2.fq.gz
SH12403	ILLUMINA	data/SH12403.R1.fq.gz	data/SH12403.R2.fq.gz
SH12404	ILLUMINA	data/SH12404.R1.fq.gz	data/SH12404.R2.fq.gz
SH12405	ILLUMINA	data/SH12405.R1.fq.gz	data/SH12405.R2.fq.gz
SH12406	ILLUMINA	data/SH12406.R1.fq.gz	data/SH12406.R2.fq.gz
SH12407	ILLUMINA	data/SH12407.R1.fq.gz	data/SH12407.R2.fq.gz
SH12408	ILLUMINA	data/SH12408.R1.fq.gz	data/SH12408.R2.fq.gz
SH12409	ILLUMINA	data/SH12409.R1.fq.gz	data/SH12409.R2.fq.gz
SH12410	ILLUMINA	data/SH12410.R1.fq.gz	data/SH12410.R2.fq.gz
SH12411	ILLUMINA	data/SH12411.R1.fq.gz	data/SH12411.R2.fq.gz
SH12412	ILLUMINA	data/SH12412.R1.fq.gz	data/SH12412.R2.fq.gz
SH12413	ILLUMINA	data/SH12413.R1.fq.gz	data/SH12413.R2.fq.gz
SH12414	ILLUMINA	data/SH12414.R1.fq.gz	data/SH12414.R2.fq.gz
SH12415	ILLUMINA	data/SH12415.R1.fq.gz	data/SH12415.R2.fq.gz
SH12416	ILLUMINA	data/SH12416.R1.fq.gz	data/SH12416.R2.fq.gz
SH12417	ILLUMINA	data/SH12417.R1.fq.gz	data/SH12417.R2.fq.gz
SH12418	ILLUMINA	data/SH12418.R1.fq.gz	data/SH12418.R2.fq.gz
SH12419	ILLUMINA	data/SH12419.R1.fq.gz	data/SH12419.R2.fq.gz
SH12420	ILLUMINA	data/SH12420.R1.fq.gz	data/SH12420.R2.fq.gz
SH12421	ILLUMINA	data/SH12421.R1.fq.gz	data/SH12421.R2.fq.gz
SH12422	ILLUMINA	data/SH12422.R1.fq.gz	data/SH12422.R2.fq.gz
SH12423	ILLUMINA	data/SH12423.R1.fq.gz	data/SH12423.R2.fq.gz
SH12424	ILLUMINA	data/SH12424.R1.fq.gz	data/SH12424.R2.fq.gz
SH12425	ILLUMINA	data/SH12425.R1.fq.gz	data/SH12425.R2.fq.gz
SH12426	ILLUMINA	data/SH12426.R1.fq.gz	data/SH12426.R2.fq.gz
SH12427	ILLUMINA	data/SH12427.R1.fq.gz	data/SH12427.R2.fq.gz
SH12428	ILLUMINA	data/SH12428.R1.fq.gz	data/SH12428.R2.fq.gz
SH12429	ILLUMINA	data/SH12429.R1.fq.gz	data/SH12429.R2.fq.gz
SH12430	ILLUMINA	data/SH12430.R1.fq.gz	data/SH12430.R2.fq.gz
SH12431	ILLUMINA	data/SH12431.R1.fq.gz	data/SH12431.R2.fq.gz
SH12432	ILLUMINA	data/SH12432.R1.fq.gz	data/SH12432.R2.fq.gz
SH12433	ILLUMINA	data/SH12433.R1.fq.gz	data/SH12433.R2.fq.gz
SH12434	ILLUMINA	data/SH12434.R1.fq.gz	data/SH12434.R2.fq.gz
SH12435	ILLUMINA	data/SH12435.R1.fq.gz	data/SH12435.R2.fq.gz
SH12437	ILLUMINA	data/SH12437.R1.fq.gz	data/SH12437.R2.fq.gz
SH12438	ILLUMINA	data/SH12438.R1.fq.gz	data/SH12438.R2.fq.gz
SH12439	ILLUMINA	data/SH12439.R1.fq.gz	data/SH12439.R2.fq.gz
SH12440	ILLUMINA	data/SH12440.R1.fq.gz	data/SH12440.R2.fq.gz
SH12441	ILLUMINA	data/SH12441.R1.fq.gz	data/SH12441.R2.fq.gz
SH12442	ILLUMINA	data/SH12442.R1.fq.gz	data/SH12442.R2.fq.gz
SH12443	ILLUMINA	data/SH12443.R1.fq.gz	data/SH12443.R2.fq.gz
SH12444	ILLUMINA	data/SH12444.R1.fq.gz	data/SH12444.R2.fq.gz
SH12445	ILLUMINA	data/SH12445.R1.fq.gz	data/SH12445.R2.fq.gz
SH12446	ILLUMINA	data/SH12446.R1.fq.gz	data/SH12446.R2.fq.gz
SH12447	ILLUMINA	data/SH12447.R1.fq.gz	data/SH12447.R2.fq.gz
SH12448	ILLUMINA	data/SH12448.R1.fq.gz	data/SH12448.R2.fq.gz
SH12449	ILLUMINA	data/SH12449.R1.fq.gz	data/SH12449.R2.fq.gz
SH12450	ILLUMINA	data/SH12450.R1.fq.gz	data/SH12450.R2.fq.gz
SH12451	ILLUMINA	data/SH12451.R1.fq.gz	data/SH12451.R2.fq.gz
SH12452	ILLUMINA	data/SH12452.R1.fq.gz	data/SH12452.R2.fq.gz
SH12453	ILLUMINA	data/SH12453.R1.fq.gz	data/SH12453.R2.fq.gz
SH12454	ILLUMINA	data/SH12454.R1.fq.gz	data/SH12454.R2.fq.gz
SH12455	ILLUMINA	data/SH12455.R1.fq.gz	data/SH12455.R2.fq.gz
SH12456	ILLUMINA	data/SH12456.R1.fq.gz	data/SH12456.R2.fq.gz
SH12457	ILLUMINA	data/SH12457.R1.fq.gz	data/SH12457.R2.fq.gz
SH12458	ILLUMINA	data/SH12458.R1.fq.gz	data/SH12458.R2.fq.gz
SH12459	ILLUMINA	data/SH12459.R1.fq.gz	data/SH12459.R2.fq.gz
SH12460	ILLUMINA	data/SH12460.R1.fq.gz	data/SH12460.R2.fq.gz
SH12461	ILLUMINA	data/SH12461.R1.fq.gz	data/SH12461.R2.fq.gz
SH12462	ILLUMINA	data/SH12462.R1.fq.gz	data/SH12462.R2.fq.gz
SH12463	ILLUMINA	data/SH12463.R1.fq.gz	data/SH12463.R2.fq.gz
SH12464	ILLUMINA	data/SH12464.R1.fq.gz	data/SH12464.R2.fq.gz
SH12465	ILLUMINA	data/SH12465.R1.fq.gz	data/SH12465.R2.fq.gz
SH12466	ILLUMINA	data/SH12466.R1.fq.gz	data/SH12466.R2.fq.gz
SH12467	ILLUMINA	data/SH12467.R1.fq.gz	data/SH12467.R2.fq.gz
SH12468	ILLUMINA	data/SH12468.R1.fq.gz	data/SH12468.R2.fq.gz
SH12469	ILLUMINA	data/SH12469.R1.fq.gz	data/SH12469.R2.fq.gz
SH12470	ILLUMINA	data/SH12470.R1.fq.gz	data/SH12470.R2.fq.gz
SH12471	ILLUMINA	data/SH12471.R1.fq.gz	data/SH12471.R2.fq.gz
SH12472	ILLUMINA	data/SH12472.R1.fq.gz	data/SH12472.R2.fq.gz
SH12473	ILLUMINA	data/SH12473.R1.fq.gz	data/SH12473.R2.fq.gz
SH12474	ILLUMINA	data/SH12474.R1.fq.gz	data/SH12474.R2.fq.gz
SH12475	ILLUMINA	data/SH12475.R1.fq.gz	data/SH12475.R2.fq.gz
SH12476	ILLUMINA	data/SH12476.R1.fq.gz	data/SH12476.R2.fq.gz
SH12477	ILLUMINA	data/SH12477.R1.fq.gz	data/SH12477.R2.fq.gz
SH12478	ILLUMINA	data/SH12478.R1.fq.gz	data/SH12478.R2.fq.gz
SH12479	ILLUMINA	data/SH12479.R1.fq.gz	data/SH12479.R2.fq.gz
SH12480	ILLUMINA	data/SH12480.R1.fq.gz	data/SH12480.R2.fq.gz
SH12483	ILLUMINA	data/SH12483.R1.fq.gz	data/SH12483.R2.fq.gz
SH12484	ILLUMINA	data/SH12484.R1.fq.gz	data/SH12484.R2.fq.gz
SH12485	ILLUMINA	data/SH12485.R1.fq.gz	data/SH12485.R2.fq.gz
SH12486	ILLUMINA	data/SH12486.R1.fq.gz	data/SH12486.R2.fq.gz
SH12487	ILLUMINA	data/SH12487.R1.fq.gz	data/SH12487.R2.fq.gz
SH12488	ILLUMINA	data/SH12488.R1.fq.gz	data/SH12488.R2.fq.gz
SH12489	ILLUMINA	data/SH12489.R1.fq.gz	data/SH12489.R2.fq.gz
SH12490	ILLUMINA	data/SH12490.R1.fq.gz	data/SH12490.R2.fq.gz
SH12491	ILLUMINA	data/SH12491.R1.fq.gz	data/SH12491.R2.fq.gz
SH12492	ILLUMINA	data/SH12492.R1.fq.gz	data/SH12492.R2.fq.gz
SH12493	ILLUMINA	data/SH12493.R1.fq.gz	data/SH12493.R2.fq.gz
SH12494	ILLUMINA	data/SH12494.R1.fq.gz	data/SH12494.R2.fq.gz
SH12495	ILLUMINA	data/SH12495.R1.fq.gz	data/SH12495.R2.fq.gz
SH12496	ILLUMINA	data/SH12496.R1.fq.gz	data/SH12496.R2.fq.gz
SH12497	ILLUMINA	data/SH12497.R1.fq.gz	data/SH12497.R2.fq.gz
SH12498	ILLUMINA	data/SH12498.R1.fq.gz	data/SH12498.R2.fq.gz
SH12499	ILLUMINA	data/SH12499.R1.fq.gz	data/SH12499.R2.fq.gz
SH12500	ILLUMINA	data/SH12500.R1.fq.gz	data/SH12500.R2.fq.gz
SH12501	ILLUMINA	data/SH12501.R1.fq.gz	data/SH12501.R2.fq.gz
SH12502	ILLUMINA	data/SH12502.R1.fq.gz	data/SH12502.R2.fq.gz
SH12503	ILLUMINA	data/SH12503.R1.fq.gz	data/SH12503.R2.fq.gz
SH12504	ILLUMINA	data/SH12504.R1.fq.gz	data/SH12504.R2.fq.gz
SH12505	ILLUMINA	data/SH12505.R1.fq.gz	data/SH12505.R2.fq.gz
SH12506	ILLUMINA	data/SH12506.R1.fq.gz	data/SH12506.R2.fq.gz
SH12507	ILLUMINA	data/SH12507.R1.fq.gz	data/SH12507.R2.fq.gz
SH12508	ILLUMINA	data/SH12508.R1.fq.gz	data/SH12508.R2.fq.gz
SH12509	ILLUMINA	data/SH12509.R1.fq.gz	data/SH12509.R2.fq.gz
SH12510	ILLUMINA	data/SH12510.R1.fq.gz	data/SH12510.R2.fq.gz
SH12511	ILLUMINA	data/SH12511.R1.fq.gz	data/SH12511.R2.fq.gz
SH12512	ILLUMINA	data/SH12512.R1.fq.gz	data/SH12512.R2.fq.gz
SH12513	ILLUMINA	data/SH12513.R1.fq.gz	data/SH12513.R2.fq.gz
SH12514	ILLUMINA	data/SH12514.R1.fq.gz	data/SH12514.R2.fq.gz
SH12515	ILLUMINA	data/SH12515.R1.fq.gz	data/SH12515.R2.fq.gz
SH12516	ILLUMINA	data/SH12516.R1.fq.gz	data/SH12516.R2.fq.gz
SH12517	ILLUMINA	data/SH12517.R1.fq.gz	data/SH12517.R2.fq.gz
SH12518	ILLUMINA	data/SH12518.R1.fq.gz	data/SH12518.R2.fq.gz
SH12519	ILLUMINA	data/SH12519.R1.fq.gz	data/SH12519.R2.fq.gz
SH12520	ILLUMINA	data/SH12520.R1.fq.gz	data/SH12520.R2.fq.gz
SH12523	ILLUMINA	data/SH12523.R1.fq.gz	data/SH12523.R2.fq.gz
SH12524	ILLUMINA	data/SH12524.R1.fq.gz	data/SH12524.R2.fq.gz
SH12525	ILLUMINA	data/SH12525.R1.fq.gz	data/SH12525.R2.fq.gz
SH12526	ILLUMINA	data/SH12526.R1.fq.gz	data/SH12526.R2.fq.gz
SH12527	ILLUMINA	data/SH12527.R1.fq.gz	data/SH12527.R2.fq.gz
SH12529	ILLUMINA	data/SH12529.R1.fq.gz	data/SH12529.R2.fq.gz
SH12531	ILLUMINA	data/SH12531.R1.fq.gz	data/SH12531.R2.fq.gz
SH12532	ILLUMINA	data/SH12532.R1.fq.gz	data/SH12532.R2.fq.gz
SH12533	ILLUMINA	data/SH12533.R1.fq.gz	data/SH12533.R2.fq.gz
SH12534	ILLUMINA	data/SH12534.R1.fq.gz	data/SH12534.R2.fq.gz
SH12535	ILLUMINA	data/SH12535.R1.fq.gz	data/SH12535.R2.fq.gz
SH12536	ILLUMINA	data/SH12536.R1.fq.gz	data/SH12536.R2.fq.gz
SH12537	ILLUMINA	data/SH12537.R1.fq.gz	data/SH12537.R2.fq.gz
SH12538	ILLUMINA	data/SH12538.R1.fq.gz	data/SH12538.R2.fq.gz
SH12539	ILLUMINA	data/SH12539.R1.fq.gz	data/SH12539.R2.fq.gz
SH12540	ILLUMINA	data/SH12540.R1.fq.gz	data/SH12540.R2.fq.gz
SH12541	ILLUMINA	data/SH12541.R1.fq.gz	data/SH12541.R2.fq.gz
SH12542	ILLUMINA	data/SH12542.R1.fq.gz	data/SH12542.R2.fq.gz
SH12543	ILLUMINA	data/SH12543.R1.fq.gz	data/SH12543.R2.fq.gz
SH12544	ILLUMINA	data/SH12544.R1.fq.gz	data/SH12544.R2.fq.gz
SH12546	ILLUMINA	data/SH12546.R1.fq.gz	data/SH12546.R2.fq.gz
SH12547	ILLUMINA	data/SH12547.R1.fq.gz	data/SH12547.R2.fq.gz
SH12548	ILLUMINA	data/SH12548.R1.fq.gz	data/SH12548.R2.fq.gz
SH12549	ILLUMINA	data/SH12549.R1.fq.gz	data/SH12549.R2.fq.gz
SH12550	ILLUMINA	data/SH12550.R1.fq.gz	data/SH12550.R2.fq.gz
SH12551	ILLUMINA	data/SH12551.R1.fq.gz	data/SH12551.R2.fq.gz
SH12552	ILLUMINA	data/SH12552.R1.fq.gz	data/SH12552.R2.fq.gz
SH12553	ILLUMINA	data/SH12553.R1.fq.gz	data/SH12553.R2.fq.gz
SH12555	ILLUMINA	data/SH12555.R1.fq.gz	data/SH12555.R2.fq.gz
SH12556	ILLUMINA	data/SH12556.R1.fq.gz	data/SH12556.R2.fq.gz
SH12558	ILLUMINA	data/SH12558.R1.fq.gz	data/SH12558.R2.fq.gz
SH12559	ILLUMINA	data/SH12559.R1.fq.gz	data/SH12559.R2.fq.gz
SH12560	ILLUMINA	data/SH12560.R1.fq.gz	data/SH12560.R2.fq.gz
SH12561	ILLUMINA	data/SH12561.R1.fq.gz	data/SH12561.R2.fq.gz
SH12563	ILLUMINA	data/SH12563.R1.fq.gz	data/SH12563.R2.fq.gz
SH12564	ILLUMINA	data/SH12564.R1.fq.gz	data/SH12564.R2.fq.gz
SH12565	ILLUMINA	data/SH12565.R1.fq.gz	data/SH12565.R2.fq.gz
SH12566	ILLUMINA	data/SH12566.R1.fq.gz	data/SH12566.R2.fq.gz
SH12567	ILLUMINA	data/SH12567.R1.fq.gz	data/SH12567.R2.fq.gz
SH12568	ILLUMINA	data/SH12568.R1.fq.gz	data/SH12568.R2.fq.gz
SH12569	ILLUMINA	data/SH12569.R1.fq.gz	data/SH12569.R2.fq.gz
SH12570	ILLUMINA	data/SH12570.R1.fq.gz	data/SH12570.R2.fq.gz
SH12572	ILLUMINA	data/SH12572.R1.fq.gz	data/SH12572.R2.fq.gz
SH12573	ILLUMINA	data/SH12573.R1.fq.gz	data/SH12573.R2.fq.gz
SH12574	ILLUMINA	data/SH12574.R1.fq.gz	data/SH12574.R2.fq.gz
SH12575	ILLUMINA	data/SH12575.R1.fq.gz	data/SH12575.R2.fq.gz
SH12576	ILLUMINA	data/SH12576.R1.fq.gz	data/SH12576.R2.fq.gz
SH12577	ILLUMINA	data/SH12577.R1.fq.gz	data/SH12577.R2.fq.gz
SH12578	ILLUMINA	data/SH12578.R1.fq.gz	data/SH12578.R2.fq.gz
SH12579	ILLUMINA	data/SH12579.R1.fq.gz	data/SH12579.R2.fq.gz
SH12580	ILLUMINA	data/SH12580.R1.fq.gz	data/SH12580.R2.fq.gz
SH12581	ILLUMINA	data/SH12581.R1.fq.gz	data/SH12581.R2.fq.gz
SH12582	ILLUMINA	data/SH12582.R1.fq.gz	data/SH12582.R2.fq.gz
SH12583	ILLUMINA	data/SH12583.R1.fq.gz	data/SH12583.R2.fq.gz
SH12584	ILLUMINA	data/SH12584.R1.fq.gz	data/SH12584.R2.fq.gz
SH12585	ILLUMINA	data/SH12585.R1.fq.gz	data/SH12585.R2.fq.gz
SH12587	ILLUMINA	data/SH12587.R1.fq.gz	data/SH12587.R2.fq.gz
SH12588	ILLUMINA	data/SH12588.R1.fq.gz	data/SH12588.R2.fq.gz
SH12589	ILLUMINA	data/SH12589.R1.fq.gz	data/SH12589.R2.fq.gz
SH12590	ILLUMINA	data/SH12590.R1.fq.gz	data/SH12590.R2.fq.gz
SH12591	ILLUMINA	data/SH12591.R1.fq.gz	data/SH12591.R2.fq.gz
SH12592	ILLUMINA	data/SH12592.R1.fq.gz	data/SH12592.R2.fq.gz
SH12593	ILLUMINA	data/SH12593.R1.fq.gz	data/SH12593.R2.fq.gz
SH12594	ILLUMINA	data/SH12594.R1.fq.gz	data/SH12594.R2.fq.gz
SH12595	ILLUMINA	data/SH12595.R1.fq.gz	data/SH12595.R2.fq.gz
SH12596	ILLUMINA	data/SH12596.R1.fq.gz	data/SH12596.R2.fq.gz
SH12597	ILLUMINA	data/SH12597.R1.fq.gz	data/SH12597.R2.fq.gz
SH12598	ILLUMINA	data/SH12598.R1.fq.gz	data/SH12598.R2.fq.gz
SH12599	ILLUMINA	data/SH12599.R1.fq.gz	data/SH12599.R2.fq.gz
SH12600	ILLUMINA	data/SH12600.R1.fq.gz	data/SH12600.R2.fq.gz
SH12601	ILLUMINA	data/SH12601.R1.fq.gz	data/SH12601.R2.fq.gz
SH12603	ILLUMINA	data/SH12603.R1.fq.gz	data/SH12603.R2.fq.gz
SH12604	ILLUMINA	data/SH12604.R1.fq.gz	data/SH12604.R2.fq.gz
SH12605	ILLUMINA	data/SH12605.R1.fq.gz	data/SH12605.R2.fq.gz
SH12606	ILLUMINA	data/SH12606.R1.fq.gz	data/SH12606.R2.fq.gz
SH12607	ILLUMINA	data/SH12607.R1.fq.gz	data/SH12607.R2.fq.gz
SH12608	ILLUMINA	data/SH12608.R1.fq.gz	data/SH12608.R2.fq.gz
SH12609	ILLUMINA	data/SH12609.R1.fq.gz	data/SH12609.R2.fq.gz
SH12610	ILLUMINA	data/SH12610.R1.fq.gz	data/SH12610.R2.fq.gz
SH12611	ILLUMINA	data/SH12611.R1.fq.gz	data/SH12611.R2.fq.gz
SH12612	ILLUMINA	data/SH12612.R1.fq.gz	data/SH12612.R2.fq.gz
SH12613	ILLUMINA	data/SH12613.R1.fq.gz	data/SH12613.R2.fq.gz
SH12614	ILLUMINA	data/SH12614.R1.fq.gz	data/SH12614.R2.fq.gz
SH12615	ILLUMINA	data/SH12615.R1.fq.gz	data/SH12615.R2.fq.gz
SH12616	ILLUMINA	data/SH12616.R1.fq.gz	data/SH12616.R2.fq.gz
SH12617	ILLUMINA	data/SH12617.R1.fq.gz	data/SH12617.R2.fq.gz
SH12618	ILLUMINA	data/SH12618.R1.fq.gz	data/SH12618.R2.fq.gz
SH12619	ILLUMINA	data/SH12619.R1.fq.gz	data/SH12619.R2.fq.gz
SH12620	ILLUMINA	data/SH12620.R1.fq.gz	data/SH12620.R2.fq.gz
SH12621	ILLUMINA	data/SH12621.R1.fq.gz	data/SH12621.R2.fq.gz
SH12622	ILLUMINA	data/SH12622.R1.fq.gz	data/SH12622.R2.fq.gz
SH12623	ILLUMINA	data/SH12623.R1.fq.gz	data/SH12623.R2.fq.gz
SH12624	ILLUMINA	data/SH12624.R1.fq.gz	data/SH12624.R2.fq.gz
SH12625	ILLUMINA	data/SH12625.R1.fq.gz	data/SH12625.R2.fq.gz
SH12626	ILLUMINA	data/SH12626.R1.fq.gz	data/SH12626.R2.fq.gz
SH12627	ILLUMINA	data/SH12627.R1.fq.gz	data/SH12627.R2.fq.gz
SH12628	ILLUMINA	data/SH12628.R1.fq.gz	data/SH12628.R2.fq.gz
SH12629	ILLUMINA	data/SH12629.R1.fq.gz	data/SH12629.R2.fq.gz
SH12630	ILLUMINA	data/SH12630.R1.fq.gz	data/SH12630.R2.fq.gz
SH12631	ILLUMINA	data/SH12631.R1.fq.gz	data/SH12631.R2.fq.gz
SH12632	ILLUMINA	data/SH12632.R1.fq.gz	data/SH12632.R2.fq.gz
SH12634	ILLUMINA	data/SH12634.R1.fq.gz	data/SH12634.R2.fq.gz
SH12635	ILLUMINA	data/SH12635.R1.fq.gz	data/SH12635.R2.fq.gz
SH12636	ILLUMINA	data/SH12636.R1.fq.gz	data/SH12636.R2.fq.gz
SH12637	ILLUMINA	data/SH12637.R1.fq.gz	data/SH12637.R2.fq.gz
SH12638	ILLUMINA	data/SH12638.R1.fq.gz	data/SH12638.R2.fq.gz
SH12640	ILLUMINA	data/SH12640.R1.fq.gz	data/SH12640.R2.fq.gz
SH12641	ILLUMINA	data/SH12641.R1.fq.gz	data/SH12641.R2.fq.gz
SH12642	ILLUMINA	data/SH12642.R1.fq.gz	data/SH12642.R2.fq.gz
SH12643	ILLUMINA	data/SH12643.R1.fq.gz	data/SH12643.R2.fq.gz
SH12644	ILLUMINA	data/SH12644.R1.fq.gz	data/SH12644.R2.fq.gz
SH12645	ILLUMINA	data/SH12645.R1.fq.gz	data/SH12645.R2.fq.gz
SH12646	ILLUMINA	data/SH12646.R1.fq.gz	data/SH12646.R2.fq.gz
SH12647	ILLUMINA	data/SH12647.R1.fq.gz	data/SH12647.R2.fq.gz
SH12648	ILLUMINA	data/SH12648.R1.fq.gz	data/SH12648.R2.fq.gz
SH12650	ILLUMINA	data/SH12650.R1.fq.gz	data/SH12650.R2.fq.gz
SH12651	ILLUMINA	data/SH12651.R1.fq.gz	data/SH12651.R2.fq.gz
SH12652	ILLUMINA	data/SH12652.R1.fq.gz	data/SH12652.R2.fq.gz
SH12653	ILLUMINA	data/SH12653.R1.fq.gz	data/SH12653.R2.fq.gz
SH12654	ILLUMINA	data/SH12654.R1.fq.gz	data/SH12654.R2.fq.gz
SH12655	ILLUMINA	data/SH12655.R1.fq.gz	data/SH12655.R2.fq.gz
SH12656	ILLUMINA	data/SH12656.R1.fq.gz	data/SH12656.R2.fq.gz
SH12657	ILLUMINA	data/SH12657.R1.fq.gz	data/SH12657.R2.fq.gz
SH12658	ILLUMINA	data/SH12658.R1.fq.gz	data/SH12658.R2.fq.gz
SH12659	ILLUMINA	data/SH12659.R1.fq.gz	data/SH12659.R2.fq.gz
SH12660	ILLUMINA	data/SH12660.R1.fq.gz	data/SH12660.R2.fq.gz
SH12661	ILLUMINA	data/SH12661.R1.fq.gz	data/SH12661.R2.fq.gz
SH12662	ILLUMINA	data/SH12662.R1.fq.gz	data/SH12662.R2.fq.gz
SH12663	ILLUMINA	data/SH12663.R1.fq.gz	data/SH12663.R2.fq.gz
SH12664	ILLUMINA	data/SH12664.R1.fq.gz	data/SH12664.R2.fq.gz
SH12665	ILLUMINA	data/SH12665.R1.fq.gz	data/SH12665.R2.fq.gz
SH12666	ILLUMINA	data/SH12666.R1.fq.gz	data/SH12666.R2.fq.gz
SH12667	ILLUMINA	data/SH12667.R1.fq.gz	data/SH12667.R2.fq.gz
SH12669	ILLUMINA	data/SH12669.R1.fq.gz	data/SH12669.R2.fq.gz
SH12670	ILLUMINA	data/SH12670.R1.fq.gz	data/SH12670.R2.fq.gz
SH12671	ILLUMINA	data/SH12671.R1.fq.gz	data/SH12671.R2.fq.gz
SH12673	ILLUMINA	data/SH12673.R1.fq.gz	data/SH12673.R2.fq.gz
SH12674	ILLUMINA	data/SH12674.R1.fq.gz	data/SH12674.R2.fq.gz
SH12675	ILLUMINA	data/SH12675.R1.fq.gz	data/SH12675.R2.fq.gz
SH12676	ILLUMINA	data/SH12676.R1.fq.gz	data/SH12676.R2.fq.gz
SH12677	ILLUMINA	data/SH12677.R1.fq.gz	data/SH12677.R2.fq.gz
SH12678	ILLUMINA	data/SH12678.R1.fq.gz	data/SH12678.R2.fq.gz
SH12679	ILLUMINA	data/SH12679.R1.fq.gz	data/SH12679.R2.fq.gz
SH12680	ILLUMINA	data/SH12680.R1.fq.gz	data/SH12680.R2.fq.gz
SH12681	ILLUMINA	data/SH12681.R1.fq.gz	data/SH12681.R2.fq.gz
SH12682	ILLUMINA	data/SH12682.R1.fq.gz	data/SH12682.R2.fq.gz
SH12683	ILLUMINA	data/SH12683.R1.fq.gz	data/SH12683.R2.fq.gz
SH12684	ILLUMINA	data/SH12684.R1.fq.gz	data/SH12684.R2.fq.gz
SH12685	ILLUMINA	data/SH12685.R1.fq.gz	data/SH12685.R2.fq.gz
SH12686	ILLUMINA	data/SH12686.R1.fq.gz	data/SH12686.R2.fq.gz
SH12687	ILLUMINA	data/SH12687.R1.fq.gz	data/SH12687.R2.fq.gz
SH12688	ILLUMINA	data/SH12688.R1.fq.gz	data/SH12688.R2.fq.gz
SH12689	ILLUMINA	data/SH12689.R1.fq.gz	data/SH12689.R2.fq.gz
SH12690	ILLUMINA	data/SH12690.R1.fq.gz	data/SH12690.R2.fq.gz
SH12691	ILLUMINA	data/SH12691.R1.fq.gz	data/SH12691.R2.fq.gz
SH12692	ILLUMINA	data/SH12692.R1.fq.gz	data/SH12692.R2.fq.gz
SH12693	ILLUMINA	data/SH12693.R1.fq.gz	data/SH12693.R2.fq.gz
SH12694	ILLUMINA	data/SH12694.R1.fq.gz	data/SH12694.R2.fq.gz
SH12695	ILLUMINA	data/SH12695.R1.fq.gz	data/SH12695.R2.fq.gz
SH12696	ILLUMINA	data/SH12696.R1.fq.gz	data/SH12696.R2.fq.gz
SH12697	ILLUMINA	data/SH12697.R1.fq.gz	data/SH12697.R2.fq.gz
SH12698	ILLUMINA	data/SH12698.R1.fq.gz	data/SH12698.R2.fq.gz
SH12699	ILLUMINA	data/SH12699.R1.fq.gz	data/SH12699.R2.fq.gz
SH12700	ILLUMINA	data/SH12700.R1.fq.gz	data/SH12700.R2.fq.gz
SH12701	ILLUMINA	data/SH12701.R1.fq.gz	data/SH12701.R2.fq.gz
SH12702	ILLUMINA	data/SH12702.R1.fq.gz	data/SH12702.R2.fq.gz
SH12703	ILLUMINA	data/SH12703.R1.fq.gz	data/SH12703.R2.fq.gz
SH12704	ILLUMINA	data/SH12704.R1.fq.gz	data/SH12704.R2.fq.gz
SH12705	ILLUMINA	data/SH12705.R1.fq.gz	data/SH12705.R2.fq.gz
SH12706	ILLUMINA	data/SH12706.R1.fq.gz	data/SH12706.R2.fq.gz
SH12707	ILLUMINA	data/SH12707.R1.fq.gz	data/SH12707.R2.fq.gz
SH12708	ILLUMINA	data/SH12708.R1.fq.gz	data/SH12708.R2.fq.gz
SH12709	ILLUMINA	data/SH12709.R1.fq.gz	data/SH12709.R2.fq.gz
SH12710	ILLUMINA	data/SH12710.R1.fq.gz	data/SH12710.R2.fq.gz
SH12711	ILLUMINA	data/SH12711.R1.fq.gz	data/SH12711.R2.fq.gz
SH12712	ILLUMINA	data/SH12712.R1.fq.gz	data/SH12712.R2.fq.gz
SH12713	ILLUMINA	data/SH12713.R1.fq.gz	data/SH12713.R2.fq.gz
SH12714	ILLUMINA	data/SH12714.R1.fq.gz	data/SH12714.R2.fq.gz
SH12715	ILLUMINA	data/SH12715.R1.fq.gz	data/SH12715.R2.fq.gz
SH12716	ILLUMINA	data/SH12716.R1.fq.gz	data/SH12716.R2.fq.gz
SH12717	ILLUMINA	data/SH12717.R1.fq.gz	data/SH12717.R2.fq.gz
SH12718	ILLUMINA	data/SH12718.R1.fq.gz	data/SH12718.R2.fq.gz
SH12719	ILLUMINA	data/SH12719.R1.fq.gz	data/SH12719.R2.fq.gz
SH12721	ILLUMINA	data/SH12721.R1.fq.gz	data/SH12721.R2.fq.gz
SH12722	ILLUMINA	data/SH12722.R1.fq.gz	data/SH12722.R2.fq.gz
SH12723	ILLUMINA	data/SH12723.R1.fq.gz	data/SH12723.R2.fq.gz
SH12724	ILLUMINA	data/SH12724.R1.fq.gz	data/SH12724.R2.fq.gz
SH12725	ILLUMINA	data/SH12725.R1.fq.gz	data/SH12725.R2.fq.gz
SH12726	ILLUMINA	data/SH12726.R1.fq.gz	data/SH12726.R2.fq.gz
SH12728	ILLUMINA	data/SH12728.R1.fq.gz	data/SH12728.R2.fq.gz
SH12729	ILLUMINA	data/SH12729.R1.fq.gz	data/SH12729.R2.fq.gz
SH12730	ILLUMINA	data/SH12730.R1.fq.gz	data/SH12730.R2.fq.gz
SH12731	ILLUMINA	data/SH12731.R1.fq.gz	data/SH12731.R2.fq.gz
SH12732	ILLUMINA	data/SH12732.R1.fq.gz	data/SH12732.R2.fq.gz
SH12733	ILLUMINA	data/SH12733.R1.fq.gz	data/SH12733.R2.fq.gz
SH12734	ILLUMINA	data/SH12734.R1.fq.gz	data/SH12734.R2.fq.gz
SH12736	ILLUMINA	data/SH12736.R1.fq.gz	data/SH12736.R2.fq.gz
SH12737	ILLUMINA	data/SH12737.R1.fq.gz	data/SH12737.R2.fq.gz
SH12738	ILLUMINA	data/SH12738.R1.fq.gz	data/SH12738.R2.fq.gz
SH12739	ILLUMINA	data/SH12739.R1.fq.gz	data/SH12739.R2.fq.gz
SH12740	ILLUMINA	data/SH12740.R1.fq.gz	data/SH12740.R2.fq.gz
SH12742	ILLUMINA	data/SH12742.R1.fq.gz	data/SH12742.R2.fq.gz
SH12743	ILLUMINA	data/SH12743.R1.fq.gz	data/SH12743.R2.fq.gz
SH12744	ILLUMINA	data/SH12744.R1.fq.gz	data/SH12744.R2.fq.gz
SH12745	ILLUMINA	data/SH12745.R1.fq.gz	data/SH12745.R2.fq.gz
SH12746	ILLUMINA	data/SH12746.R1.fq.gz	data/SH12746.R2.fq.gz
SH12747	ILLUMINA	data/SH12747.R1.fq.gz	data/SH12747.R2.fq.gz
SH12748	ILLUMINA	data/SH12748.R1.fq.gz	data/SH12748.R2.fq.gz
SH12749	ILLUMINA	data/SH12749.R1.fq.gz	data/SH12749.R2.fq.gz
SH12751	ILLUMINA	data/SH12751.R1.fq.gz	data/SH12751.R2.fq.gz
SH12752	ILLUMINA	data/SH12752.R1.fq.gz	data/SH12752.R2.fq.gz
SH12753	ILLUMINA	data/SH12753.R1.fq.gz	data/SH12753.R2.fq.gz
SH12755	ILLUMINA	data/SH12755.R1.fq.gz	data/SH12755.R2.fq.gz
SH12756	ILLUMINA	data/SH12756.R1.fq.gz	data/SH12756.R2.fq.gz
SH12757	ILLUMINA	data/SH12757.R1.fq.gz	data/SH12757.R2.fq.gz
SH12758	ILLUMINA	data/SH12758.R1.fq.gz	data/SH12758.R2.fq.gz
SH12759	ILLUMINA	data/SH12759.R1.fq.gz	data/SH12759.R2.fq.gz
SH12760	ILLUMINA	data/SH12760.R1.fq.gz	data/SH12760.R2.fq.gz
SH12761	ILLUMINA	data/SH12761.R1.fq.gz	data/SH12761.R2.fq.gz
SH12762	ILLUMINA	data/SH12762.R1.fq.gz	data/SH12762.R2.fq.gz
SH12763	ILLUMINA	data/SH12763.R1.fq.gz	data/SH12763.R2.fq.gz
SH12765	ILLUMINA	data/SH12765.R1.fq.gz	data/SH12765.R2.fq.gz
SH12766	ILLUMINA	data/SH12766.R1.fq.gz	data/SH12766.R2.fq.gz
SH12767	ILLUMINA	data/SH12767.R1.fq.gz	data/SH12767.R2.fq.gz
SH12768	ILLUMINA	data/SH12768.R1.fq.gz	data/SH12768.R2.fq.gz
SH12769	ILLUMINA	data/SH12769.R1.fq.gz	data/SH12769.R2.fq.gz
SH12770	ILLUMINA	data/SH12770.R1.fq.gz	data/SH12770.R2.fq.gz
SH12771	ILLUMINA	data/SH12771.R1.fq.gz	data/SH12771.R2.fq.gz
SH12772	ILLUMINA	data/SH12772.R1.fq.gz	data/SH12772.R2.fq.gz
SH12773	ILLUMINA	data/SH12773.R1.fq.gz	data/SH12773.R2.fq.gz
SH12774	ILLUMINA	data/SH12774.R1.fq.gz	data/SH12774.R2.fq.gz
SH12775	ILLUMINA	data/SH12775.R1.fq.gz	data/SH12775.R2.fq.gz
SH12776	ILLUMINA	data/SH12776.R1.fq.gz	data/SH12776.R2.fq.gz
SH12777	ILLUMINA	data/SH12777.R1.fq.gz	data/SH12777.R2.fq.gz
SH12778	ILLUMINA	data/SH12778.R1.fq.gz	data/SH12778.R2.fq.gz
SH12779	ILLUMINA	data/SH12779.R1.fq.gz	data/SH12779.R2.fq.gz
SH12780	ILLUMINA	data/SH12780.R1.fq.gz	data/SH12780.R2.fq.gz
SH12782	ILLUMINA	data/SH12782.R1.fq.gz	data/SH12782.R2.fq.gz
SH12783	ILLUMINA	data/SH12783.R1.fq.gz	data/SH12783.R2.fq.gz
SH12784	ILLUMINA	data/SH12784.R1.fq.gz	data/SH12784.R2.fq.gz
SH12785	ILLUMINA	data/SH12785.R1.fq.gz	data/SH12785.R2.fq.gz
SH12786	ILLUMINA	data/SH12786.R1.fq.gz	data/SH12786.R2.fq.gz
SH12787	ILLUMINA	data/SH12787.R1.fq.gz	data/SH12787.R2.fq.gz
SH12788	ILLUMINA	data/SH12788.R1.fq.gz	data/SH12788.R2.fq.gz
SH12789	ILLUMINA	data/SH12789.R1.fq.gz	data/SH12789.R2.fq.gz
SH12790	ILLUMINA	data/SH12790.R1.fq.gz	data/SH12790.R2.fq.gz
SH12791	ILLUMINA	data/SH12791.R1.fq.gz	data/SH12791.R2.fq.gz
SH12792	ILLUMINA	data/SH12792.R1.fq.gz	data/SH12792.R2.fq.gz
SH12793	ILLUMINA	data/SH12793.R1.fq.gz	data/SH12793.R2.fq.gz
SH12794	ILLUMINA	data/SH12794.R1.fq.gz	data/SH12794.R2.fq.gz
SH12795	ILLUMINA	data/SH12795.R1.fq.gz	data/SH12795.R2.fq.gz
SH12796	ILLUMINA	data/SH12796.R1.fq.gz	data/SH12796.R2.fq.gz
SH12797	ILLUMINA	data/SH12797.R1.fq.gz	data/SH12797.R2.fq.gz
SH12798	ILLUMINA	data/SH12798.R1.fq.gz	data/SH12798.R2.fq.gz
SH12799	ILLUMINA	data/SH12799.R1.fq.gz	data/SH12799.R2.fq.gz
SH12800	ILLUMINA	data/SH12800.R1.fq.gz	data/SH12800.R2.fq.gz
SH12801	ILLUMINA	data/SH12801.R1.fq.gz	data/SH12801.R2.fq.gz
SH12802	ILLUMINA	data/SH12802.R1.fq.gz	data/SH12802.R2.fq.gz
SH12803	ILLUMINA	data/SH12803.R1.fq.gz	data/SH12803.R2.fq.gz
SH12806	ILLUMINA	data/SH12806.R1.fq.gz	data/SH12806.R2.fq.gz
SH12807	ILLUMINA	data/SH12807.R1.fq.gz	data/SH12807.R2.fq.gz
SH12808	ILLUMINA	data/SH12808.R1.fq.gz	data/SH12808.R2.fq.gz
SH12809	ILLUMINA	data/SH12809.R1.fq.gz	data/SH12809.R2.fq.gz
SH12810	ILLUMINA	data/SH12810.R1.fq.gz	data/SH12810.R2.fq.gz
SH12811	ILLUMINA	data/SH12811.R1.fq.gz	data/SH12811.R2.fq.gz
SH12812	ILLUMINA	data/SH12812.R1.fq.gz	data/SH12812.R2.fq.gz
SH12813	ILLUMINA	data/SH12813.R1.fq.gz	data/SH12813.R2.fq.gz
SH12814	ILLUMINA	data/SH12814.R1.fq.gz	data/SH12814.R2.fq.gz
SH12815	ILLUMINA	data/SH12815.R1.fq.gz	data/SH12815.R2.fq.gz
SH12816	ILLUMINA	data/SH12816.R1.fq.gz	data/SH12816.R2.fq.gz
SH12817	ILLUMINA	data/SH12817.R1.fq.gz	data/SH12817.R2.fq.gz
SH12819	ILLUMINA	data/SH12819.R1.fq.gz	data/SH12819.R2.fq.gz
SH12820	ILLUMINA	data/SH12820.R1.fq.gz	data/SH12820.R2.fq.gz
SH12821	ILLUMINA	data/SH12821.R1.fq.gz	data/SH12821.R2.fq.gz
SH12822	ILLUMINA	data/SH12822.R1.fq.gz	data/SH12822.R2.fq.gz
SH12823	ILLUMINA	data/SH12823.R1.fq.gz	data/SH12823.R2.fq.gz
SH12824	ILLUMINA	data/SH12824.R1.fq.gz	data/SH12824.R2.fq.gz
SH12825	ILLUMINA	data/SH12825.R1.fq.gz	data/SH12825.R2.fq.gz
SH12827	ILLUMINA	data/SH12827.R1.fq.gz	data/SH12827.R2.fq.gz
SH12828	ILLUMINA	data/SH12828.R1.fq.gz	data/SH12828.R2.fq.gz
SH12830	ILLUMINA	data/SH12830.R1.fq.gz	data/SH12830.R2.fq.gz
SH12831	ILLUMINA	data/SH12831.R1.fq.gz	data/SH12831.R2.fq.gz
SH12832	ILLUMINA	data/SH12832.R1.fq.gz	data/SH12832.R2.fq.gz
SH12833	ILLUMINA	data/SH12833.R1.fq.gz	data/SH12833.R2.fq.gz
SH12834	ILLUMINA	data/SH12834.R1.fq.gz	data/SH12834.R2.fq.gz
SH12835	ILLUMINA	data/SH12835.R1.fq.gz	data/SH12835.R2.fq.gz
SH12836	ILLUMINA	data/SH12836.R1.fq.gz	data/SH12836.R2.fq.gz
SH12837	ILLUMINA	data/SH12837.R1.fq.gz	data/SH12837.R2.fq.gz
SH12838	ILLUMINA	data/SH12838.R1.fq.gz	data/SH12838.R2.fq.gz
SH12839	ILLUMINA	data/SH12839.R1.fq.gz	data/SH12839.R2.fq.gz
SH12840	ILLUMINA	data/SH12840.R1.fq.gz	data/SH12840.R2.fq.gz
SH12841	ILLUMINA	data/SH12841.R1.fq.gz	data/SH12841.R2.fq.gz
SH12842	ILLUMINA	data/SH12842.R1.fq.gz	data/SH12842.R2.fq.gz
SH12843	ILLUMINA	data/SH12843.R1.fq.gz	data/SH12843.R2.fq.gz
SH12844	ILLUMINA	data/SH12844.R1.fq.gz	data/SH12844.R2.fq.gz
SH12845	ILLUMINA	data/SH12845.R1.fq.gz	data/SH12845.R2.fq.gz
SH12847	ILLUMINA	data/SH12847.R1.fq.gz	data/SH12847.R2.fq.gz
SH12848	ILLUMINA	data/SH12848.R1.fq.gz	data/SH12848.R2.fq.gz
SH12849	ILLUMINA	data/SH12849.R1.fq.gz	data/SH12849.R2.fq.gz
SH12851	ILLUMINA	data/SH12851.R1.fq.gz	data/SH12851.R2.fq.gz
SH12853	ILLUMINA	data/SH12853.R1.fq.gz	data/SH12853.R2.fq.gz
SH12855	ILLUMINA	data/SH12855.R1.fq.gz	data/SH12855.R2.fq.gz
SH12856	ILLUMINA	data/SH12856.R1.fq.gz	data/SH12856.R2.fq.gz
SH12857	ILLUMINA	data/SH12857.R1.fq.gz	data/SH12857.R2.fq.gz
SH12858	ILLUMINA	data/SH12858.R1.fq.gz	data/SH12858.R2.fq.gz
SH12859	ILLUMINA	data/SH12859.R1.fq.gz	data/SH12859.R2.fq.gz
SH12860	ILLUMINA	data/SH12860.R1.fq.gz	data/SH12860.R2.fq.gz
SH12862	ILLUMINA	data/SH12862.R1.fq.gz	data/SH12862.R2.fq.gz
SH12863	ILLUMINA	data/SH12863.R1.fq.gz	data/SH12863.R2.fq.gz
SH12864	ILLUMINA	data/SH12864.R1.fq.gz	data/SH12864.R2.fq.gz
SH12865	ILLUMINA	data/SH12865.R1.fq.gz	data/SH12865.R2.fq.gz
SH12866	ILLUMINA	data/SH12866.R1.fq.gz	data/SH12866.R2.fq.gz
SH12867	ILLUMINA	data/SH12867.R1.fq.gz	data/SH12867.R2.fq.gz
SH12868	ILLUMINA	data/SH12868.R1.fq.gz	data/SH12868.R2.fq.gz
SH12869	ILLUMINA	data/SH12869.R1.fq.gz	data/SH12869.R2.fq.gz
SH12870	ILLUMINA	data/SH12870.R1.fq.gz	data/SH12870.R2.fq.gz
SH12871	ILLUMINA	data/SH12871.R1.fq.gz	data/SH12871.R2.fq.gz
SH12872	ILLUMINA	data/SH12872.R1.fq.gz	data/SH12872.R2.fq.gz
SH12873	ILLUMINA	data/SH12873.R1.fq.gz	data/SH12873.R2.fq.gz
SH12874	ILLUMINA	data/SH12874.R1.fq.gz	data/SH12874.R2.fq.gz
SH12875	ILLUMINA	data/SH12875.R1.fq.gz	data/SH12875.R2.fq.gz
SH12876	ILLUMINA	data/SH12876.R1.fq.gz	data/SH12876.R2.fq.gz
SH12877	ILLUMINA	data/SH12877.R1.fq.gz	data/SH12877.R2.fq.gz
SH12878	ILLUMINA	data/SH12878.R1.fq.gz	data/SH12878.R2.fq.gz
SH12879	ILLUMINA	data/SH12879.R1.fq.gz	data/SH12879.R2.fq.gz
SH12880	ILLUMINA	data/SH12880.R1.fq.gz	data/SH12880.R2.fq.gz
SH12881	ILLUMINA	data/SH12881.R1.fq.gz	data/SH12881.R2.fq.gz
SH12882	ILLUMINA	data/SH12882.R1.fq.gz	data/SH12882.R2.fq.gz
SH12883	ILLUMINA	data/SH12883.R1.fq.gz	data/SH12883.R2.fq.gz
SH12884	ILLUMINA	data/SH12884.R1.fq.gz	data/SH12884.R2.fq.gz
SH12885	ILLUMINA	data/SH12885.R1.fq.gz	data/SH12885.R2.fq.gz
SH12886	ILLUMINA	data/SH12886.R1.fq.gz	data/SH12886.R2.fq.gz
SH12887	ILLUMINA	data/SH12887.R1.fq.gz	data/SH12887.R2.fq.gz
SH12888	ILLUMINA	data/SH12888.R1.fq.gz	data/SH12888.R2.fq.gz
SH12889	ILLUMINA	data/SH12889.R1.fq.gz	data/SH12889.R2.fq.gz
SH12890	ILLUMINA	data/SH12890.R1.fq.gz	data/SH12890.R2.fq.gz
SH12891	ILLUMINA	data/SH12891.R1.fq.gz	data/SH12891.R2.fq.gz
SH12892	ILLUMINA	data/SH12892.R1.fq.gz	data/SH12892.R2.fq.gz
SH12893	ILLUMINA	data/SH12893.R1.fq.gz	data/SH12893.R2.fq.gz
SH12894	ILLUMINA	data/SH12894.R1.fq.gz	data/SH12894.R2.fq.gz
SH12895	ILLUMINA	data/SH12895.R1.fq.gz	data/SH12895.R2.fq.gz
SH12896	ILLUMINA	data/SH12896.R1.fq.gz	data/SH12896.R2.fq.gz
SH12897	ILLUMINA	data/SH12897.R1.fq.gz	data/SH12897.R2.fq.gz
SH12899	ILLUMINA	data/SH12899.R1.fq.gz	data/SH12899.R2.fq.gz
SH12900	ILLUMINA	data/SH12900.R1.fq.gz	data/SH12900.R2.fq.gz
SH12901	ILLUMINA	data/SH12901.R1.fq.gz	data/SH12901.R2.fq.gz
SH12902	ILLUMINA	data/SH12902.R1.fq.gz	data/SH12902.R2.fq.gz
SH12903	ILLUMINA	data/SH12903.R1.fq.gz	data/SH12903.R2.fq.gz
SH12904	ILLUMINA	data/SH12904.R1.fq.gz	data/SH12904.R2.fq.gz
SH12905	ILLUMINA	data/SH12905.R1.fq.gz	data/SH12905.R2.fq.gz
SH12906	ILLUMINA	data/SH12906.R1.fq.gz	data/SH12906.R2.fq.gz
SH12907	ILLUMINA	data/SH12907.R1.fq.gz	data/SH12907.R2.fq.gz
SH12908	ILLUMINA	data/SH12908.R1.fq.gz	data/SH12908.R2.fq.gz
SH12909	ILLUMINA	data/SH12909.R1.fq.gz	data/SH12909.R2.fq.gz
SH12910	ILLUMINA	data/SH12910.R1.fq.gz	data/SH12910.R2.fq.gz
SH12911	ILLUMINA	data/SH12911.R1.fq.gz	data/SH12911.R2.fq.gz
SH12912	ILLUMINA	data/SH12912.R1.fq.gz	data/SH12912.R2.fq.gz
SH12913	ILLUMINA	data/SH12913.R1.fq.gz	data/SH12913.R2.fq.gz
SH12914	ILLUMINA	data/SH12914.R1.fq.gz	data/SH12914.R2.fq.gz
SH12915	ILLUMINA	data/SH12915.R1.fq.gz	data/SH12915.R2.fq.gz
SH12916	ILLUMINA	data/SH12916.R1.fq.gz	data/SH12916.R2.fq.gz
SH12919	ILLUMINA	data/SH12919.R1.fq.gz	data/SH12919.R2.fq.gz
SH12920	ILLUMINA	data/SH12920.R1.fq.gz	data/SH12920.R2.fq.gz
SH12921	ILLUMINA	data/SH12921.R1.fq.gz	data/SH12921.R2.fq.gz
SH12922	ILLUMINA	data/SH12922.R1.fq.gz	data/SH12922.R2.fq.gz
SH12925	ILLUMINA	data/SH12925.R1.fq.gz	data/SH12925.R2.fq.gz
SH12927	ILLUMINA	data/SH12927.R1.fq.gz	data/SH12927.R2.fq.gz
SH12928	ILLUMINA	data/SH12928.R1.fq.gz	data/SH12928.R2.fq.gz
SH12929	ILLUMINA	data/SH12929.R1.fq.gz	data/SH12929.R2.fq.gz
SH12931	ILLUMINA	data/SH12931.R1.fq.gz	data/SH12931.R2.fq.gz
SH12932	ILLUMINA	data/SH12932.R1.fq.gz	data/SH12932.R2.fq.gz
SH12933	ILLUMINA	data/SH12933.R1.fq.gz	data/SH12933.R2.fq.gz
SH12934	ILLUMINA	data/SH12934.R1.fq.gz	data/SH12934.R2.fq.gz
SH12935	ILLUMINA	data/SH12935.R1.fq.gz	data/SH12935.R2.fq.gz
SH12936	ILLUMINA	data/SH12936.R1.fq.gz	data/SH12936.R2.fq.gz
SH12937	ILLUMINA	data/SH12937.R1.fq.gz	data/SH12937.R2.fq.gz
SH12938	ILLUMINA	data/SH12938.R1.fq.gz	data/SH12938.R2.fq.gz
SH12939	ILLUMINA	data/SH12939.R1.fq.gz	data/SH12939.R2.fq.gz
SH12940	ILLUMINA	data/SH12940.R1.fq.gz	data/SH12940.R2.fq.gz
SH12941	ILLUMINA	data/SH12941.R1.fq.gz	data/SH12941.R2.fq.gz
SH12942	ILLUMINA	data/SH12942.R1.fq.gz	data/SH12942.R2.fq.gz
SH12943	ILLUMINA	data/SH12943.R1.fq.gz	data/SH12943.R2.fq.gz
SH12944	ILLUMINA	data/SH12944.R1.fq.gz	data/SH12944.R2.fq.gz
SH12946	ILLUMINA	data/SH12946.R1.fq.gz	data/SH12946.R2.fq.gz
SH12947	ILLUMINA	data/SH12947.R1.fq.gz	data/SH12947.R2.fq.gz
SH12948	ILLUMINA	data/SH12948.R1.fq.gz	data/SH12948.R2.fq.gz
SH12949	ILLUMINA	data/SH12949.R1.fq.gz	data/SH12949.R2.fq.gz
SH12950	ILLUMINA	data/SH12950.R1.fq.gz	data/SH12950.R2.fq.gz
SH12951	ILLUMINA	data/SH12951.R1.fq.gz	data/SH12951.R2.fq.gz
SH12952	ILLUMINA	data/SH12952.R1.fq.gz	data/SH12952.R2.fq.gz
SH12953	ILLUMINA	data/SH12953.R1.fq.gz	data/SH12953.R2.fq.gz
SH12954	ILLUMINA	data/SH12954.R1.fq.gz	data/SH12954.R2.fq.gz
SH12956	ILLUMINA	data/SH12956.R1.fq.gz	data/SH12956.R2.fq.gz
SH12957	ILLUMINA	data/SH12957.R1.fq.gz	data/SH12957.R2.fq.gz
SH12959	ILLUMINA	data/SH12959.R1.fq.gz	data/SH12959.R2.fq.gz
SH12963	ILLUMINA	data/SH12963.R1.fq.gz	data/SH12963.R2.fq.gz
SH12964	ILLUMINA	data/SH12964.R1.fq.gz	data/SH12964.R2.fq.gz
SH12965	ILLUMINA	data/SH12965.R1.fq.gz	data/SH12965.R2.fq.gz
SH12970	ILLUMINA	data/SH12970.R1.fq.gz	data/SH12970.R2.fq.gz
SH12971	ILLUMINA	data/SH12971.R1.fq.gz	data/SH12971.R2.fq.gz
SH12972	ILLUMINA	data/SH12972.R1.fq.gz	data/SH12972.R2.fq.gz
SH12974	ILLUMINA	data/SH12974.R1.fq.gz	data/SH12974.R2.fq.gz
SH12977	ILLUMINA	data/SH12977.R1.fq.gz	data/SH12977.R2.fq.gz
SH12978	ILLUMINA	data/SH12978.R1.fq.gz	data/SH12978.R2.fq.gz
SH12979	ILLUMINA	data/SH12979.R1.fq.gz	data/SH12979.R2.fq.gz
SH12980	ILLUMINA	data/SH12980.R1.fq.gz	data/SH12980.R2.fq.gz
SH12981	ILLUMINA	data/SH12981.R1.fq.gz	data/SH12981.R2.fq.gz
SH12982	ILLUMINA	data/SH12982.R1.fq.gz	data/SH12982.R2.fq.gz
SH12983	ILLUMINA	data/SH12983.R1.fq.gz	data/SH12983.R2.fq.gz
SH12984	ILLUMINA	data/SH12984.R1.fq.gz	data/SH12984.R2.fq.gz
SH12985	ILLUMINA	data/SH12985.R1.fq.gz	data/SH12985.R2.fq.gz
SH12986	ILLUMINA	data/SH12986.R1.fq.gz	data/SH12986.R2.fq.gz
SH12987	ILLUMINA	data/SH12987.R1.fq.gz	data/SH12987.R2.fq.gz
SH12988	ILLUMINA	data/SH12988.R1.fq.gz	data/SH12988.R2.fq.gz
SH12989	ILLUMINA	data/SH12989.R1.fq.gz	data/SH12989.R2.fq.gz
SH12990	ILLUMINA	data/SH12990.R1.fq.gz	data/SH12990.R2.fq.gz
SH12991	ILLUMINA	data/SH12991.R1.fq.gz	data/SH12991.R2.fq.gz
SH12993	ILLUMINA	data/SH12993.R1.fq.gz	data/SH12993.R2.fq.gz
SH12994	ILLUMINA	data/SH12994.R1.fq.gz	data/SH12994.R2.fq.gz
SH12996	ILLUMINA	data/SH12996.R1.fq.gz	data/SH12996.R2.fq.gz
SH12997	ILLUMINA	data/SH12997.R1.fq.gz	data/SH12997.R2.fq.gz
SH12998	ILLUMINA	data/SH12998.R1.fq.gz	data/SH12998.R2.fq.gz
SH13001	ILLUMINA	data/SH13001.R1.fq.gz	data/SH13001.R2.fq.gz
SH13002	ILLUMINA	data/SH13002.R1.fq.gz	data/SH13002.R2.fq.gz
SH13004	ILLUMINA	data/SH13004.R1.fq.gz	data/SH13004.R2.fq.gz
SH13005	ILLUMINA	data/SH13005.R1.fq.gz	data/SH13005.R2.fq.gz
SH13006	ILLUMINA	data/SH13006.R1.fq.gz	data/SH13006.R2.fq.gz
SH13007	ILLUMINA	data/SH13007.R1.fq.gz	data/SH13007.R2.fq.gz
SH13008	ILLUMINA	data/SH13008.R1.fq.gz	data/SH13008.R2.fq.gz
SH13009	ILLUMINA	data/SH13009.R1.fq.gz	data/SH13009.R2.fq.gz
SH13010	ILLUMINA	data/SH13010.R1.fq.gz	data/SH13010.R2.fq.gz
SH13011	ILLUMINA	data/SH13011.R1.fq.gz	data/SH13011.R2.fq.gz
SH13012	ILLUMINA	data/SH13012.R1.fq.gz	data/SH13012.R2.fq.gz
SH13013	ILLUMINA	data/SH13013.R1.fq.gz	data/SH13013.R2.fq.gz
SH13014	ILLUMINA	data/SH13014.R1.fq.gz	data/SH13014.R2.fq.gz
SH13015	ILLUMINA	data/SH13015.R1.fq.gz	data/SH13015.R2.fq.gz
SH13016	ILLUMINA	data/SH13016.R1.fq.gz	data/SH13016.R2.fq.gz
SH13017	ILLUMINA	data/SH13017.R1.fq.gz	data/SH13017.R2.fq.gz
SH13018	ILLUMINA	data/SH13018.R1.fq.gz	data/SH13018.R2.fq.gz
SH13019	ILLUMINA	data/SH13019.R1.fq.gz	data/SH13019.R2.fq.gz
SH13020	ILLUMINA	data/SH13020.R1.fq.gz	data/SH13020.R2.fq.gz
SH13021	ILLUMINA	data/SH13021.R1.fq.gz	data/SH13021.R2.fq.gz
SH13022	ILLUMINA	data/SH13022.R1.fq.gz	data/SH13022.R2.fq.gz
SH13023	ILLUMINA	data/SH13023.R1.fq.gz	data/SH13023.R2.fq.gz
SH13024	ILLUMINA	data/SH13024.R1.fq.gz	data/SH13024.R2.fq.gz
SH13025	ILLUMINA	data/SH13025.R1.fq.gz	data/SH13025.R2.fq.gz
SH13026	ILLUMINA	data/SH13026.R1.fq.gz	data/SH13026.R2.fq.gz
SH13027	ILLUMINA	data/SH13027.R1.fq.gz	data/SH13027.R2.fq.gz
SH13028	ILLUMINA	data/SH13028.R1.fq.gz	data/SH13028.R2.fq.gz
SH13029	ILLUMINA	data/SH13029.R1.fq.gz	data/SH13029.R2.fq.gz
SH13030	ILLUMINA	data/SH13030.R1.fq.gz	data/SH13030.R2.fq.gz
SH13031	ILLUMINA	data/SH13031.R1.fq.gz	data/SH13031.R2.fq.gz
SH13033	ILLUMINA	data/SH13033.R1.fq.gz	data/SH13033.R2.fq.gz
SH13034	ILLUMINA	data/SH13034.R1.fq.gz	data/SH13034.R2.fq.gz
SH13035	ILLUMINA	data/SH13035.R1.fq.gz	data/SH13035.R2.fq.gz
SH13037	ILLUMINA	data/SH13037.R1.fq.gz	data/SH13037.R2.fq.gz
SH13038	ILLUMINA	data/SH13038.R1.fq.gz	data/SH13038.R2.fq.gz
SH13039	ILLUMINA	data/SH13039.R1.fq.gz	data/SH13039.R2.fq.gz
SH13040	ILLUMINA	data/SH13040.R1.fq.gz	data/SH13040.R2.fq.gz
SH13041	ILLUMINA	data/SH13041.R1.fq.gz	data/SH13041.R2.fq.gz
SH13042	ILLUMINA	data/SH13042.R1.fq.gz	data/SH13042.R2.fq.gz
SH13043	ILLUMINA	data/SH13043.R1.fq.gz	data/SH13043.R2.fq.gz
SH13044	ILLUMINA	data/SH13044.R1.fq.gz	data/SH13044.R2.fq.gz
SH13045	ILLUMINA	data/SH13045.R1.fq.gz	data/SH13045.R2.fq.gz
SH13046	ILLUMINA	data/SH13046.R1.fq.gz	data/SH13046.R2.fq.gz
SH13047	ILLUMINA	data/SH13047.R1.fq.gz	data/SH13047.R2.fq.gz
SH13049	ILLUMINA	data/SH13049.R1.fq.gz	data/SH13049.R2.fq.gz
SH13050	ILLUMINA	data/SH13050.R1.fq.gz	data/SH13050.R2.fq.gz
SH13051	ILLUMINA	data/SH13051.R1.fq.gz	data/SH13051.R2.fq.gz
SH13052	ILLUMINA	data/SH13052.R1.fq.gz	data/SH13052.R2.fq.gz
SH13053	ILLUMINA	data/SH13053.R1.fq.gz	data/SH13053.R2.fq.gz
SH13056	ILLUMINA	data/SH13056.R1.fq.gz	data/SH13056.R2.fq.gz
SH13058	ILLUMINA	data/SH13058.R1.fq.gz	data/SH13058.R2.fq.gz
SH13059	ILLUMINA	data/SH13059.R1.fq.gz	data/SH13059.R2.fq.gz
SH13060	ILLUMINA	data/SH13060.R1.fq.gz	data/SH13060.R2.fq.gz
SH13061	ILLUMINA	data/SH13061.R1.fq.gz	data/SH13061.R2.fq.gz
SH13062	ILLUMINA	data/SH13062.R1.fq.gz	data/SH13062.R2.fq.gz
SH13063	ILLUMINA	data/SH13063.R1.fq.gz	data/SH13063.R2.fq.gz
SH13064	ILLUMINA	data/SH13064.R1.fq.gz	data/SH13064.R2.fq.gz
SH13065	ILLUMINA	data/SH13065.R1.fq.gz	data/SH13065.R2.fq.gz
SH13066	ILLUMINA	data/SH13066.R1.fq.gz	data/SH13066.R2.fq.gz
SH13067	ILLUMINA	data/SH13067.R1.fq.gz	data/SH13067.R2.fq.gz
SH13068	ILLUMINA	data/SH13068.R1.fq.gz	data/SH13068.R2.fq.gz
SH13069	ILLUMINA	data/SH13069.R1.fq.gz	data/SH13069.R2.fq.gz
SH13070	ILLUMINA	data/SH13070.R1.fq.gz	data/SH13070.R2.fq.gz
SH13071	ILLUMINA	data/SH13071.R1.fq.gz	data/SH13071.R2.fq.gz
SH13072	ILLUMINA	data/SH13072.R1.fq.gz	data/SH13072.R2.fq.gz
SH13074	ILLUMINA	data/SH13074.R1.fq.gz	data/SH13074.R2.fq.gz
SH13075	ILLUMINA	data/SH13075.R1.fq.gz	data/SH13075.R2.fq.gz
SH13076	ILLUMINA	data/SH13076.R1.fq.gz	data/SH13076.R2.fq.gz
SH13077	ILLUMINA	data/SH13077.R1.fq.gz	data/SH13077.R2.fq.gz
SH13078	ILLUMINA	data/SH13078.R1.fq.gz	data/SH13078.R2.fq.gz
SH13079	ILLUMINA	data/SH13079.R1.fq.gz	data/SH13079.R2.fq.gz
SH13080	ILLUMINA	data/SH13080.R1.fq.gz	data/SH13080.R2.fq.gz
SH13081	ILLUMINA	data/SH13081.R1.fq.gz	data/SH13081.R2.fq.gz
SH13082	ILLUMINA	data/SH13082.R1.fq.gz	data/SH13082.R2.fq.gz
SH13083	ILLUMINA	data/SH13083.R1.fq.gz	data/SH13083.R2.fq.gz
SH13084	ILLUMINA	data/SH13084.R1.fq.gz	data/SH13084.R2.fq.gz
SH13085	ILLUMINA	data/SH13085.R1.fq.gz	data/SH13085.R2.fq.gz
SH13086	ILLUMINA	data/SH13086.R1.fq.gz	data/SH13086.R2.fq.gz
SH13087	ILLUMINA	data/SH13087.R1.fq.gz	data/SH13087.R2.fq.gz
SH13088	ILLUMINA	data/SH13088.R1.fq.gz	data/SH13088.R2.fq.gz
SH13089	ILLUMINA	data/SH13089.R1.fq.gz	data/SH13089.R2.fq.gz
SH13091	ILLUMINA	data/SH13091.R1.fq.gz	data/SH13091.R2.fq.gz
SH13092	ILLUMINA	data/SH13092.R1.fq.gz	data/SH13092.R2.fq.gz
SH13093	ILLUMINA	data/SH13093.R1.fq.gz	data/SH13093.R2.fq.gz
SH13094	ILLUMINA	data/SH13094.R1.fq.gz	data/SH13094.R2.fq.gz
SH13095	ILLUMINA	data/SH13095.R1.fq.gz	data/SH13095.R2.fq.gz
SH13096	ILLUMINA	data/SH13096.R1.fq.gz	data/SH13096.R2.fq.gz
SH13097	ILLUMINA	data/SH13097.R1.fq.gz	data/SH13097.R2.fq.gz
SH13098	ILLUMINA	data/SH13098.R1.fq.gz	data/SH13098.R2.fq.gz
SH13099	ILLUMINA	data/SH13099.R1.fq.gz	data/SH13099.R2.fq.gz
SH13100	ILLUMINA	data/SH13100.R1.fq.gz	data/SH13100.R2.fq.gz
SH13101	ILLUMINA	data/SH13101.R1.fq.gz	data/SH13101.R2.fq.gz
SH13103	ILLUMINA	data/SH13103.R1.fq.gz	data/SH13103.R2.fq.gz
SH13104	ILLUMINA	data/SH13104.R1.fq.gz	data/SH13104.R2.fq.gz
SH13105	ILLUMINA	data/SH13105.R1.fq.gz	data/SH13105.R2.fq.gz
SH13106	ILLUMINA	data/SH13106.R1.fq.gz	data/SH13106.R2.fq.gz
SH13107	ILLUMINA	data/SH13107.R1.fq.gz	data/SH13107.R2.fq.gz
SH13108	ILLUMINA	data/SH13108.R1.fq.gz	data/SH13108.R2.fq.gz
SH13110	ILLUMINA	data/SH13110.R1.fq.gz	data/SH13110.R2.fq.gz
SH13111	ILLUMINA	data/SH13111.R1.fq.gz	data/SH13111.R2.fq.gz
SH13112	ILLUMINA	data/SH13112.R1.fq.gz	data/SH13112.R2.fq.gz
SH13113	ILLUMINA	data/SH13113.R1.fq.gz	data/SH13113.R2.fq.gz
SH13115	ILLUMINA	data/SH13115.R1.fq.gz	data/SH13115.R2.fq.gz
SH13117	ILLUMINA	data/SH13117.R1.fq.gz	data/SH13117.R2.fq.gz
SH13118	ILLUMINA	data/SH13118.R1.fq.gz	data/SH13118.R2.fq.gz
SH13119	ILLUMINA	data/SH13119.R1.fq.gz	data/SH13119.R2.fq.gz
SH13120	ILLUMINA	data/SH13120.R1.fq.gz	data/SH13120.R2.fq.gz
SH13121	ILLUMINA	data/SH13121.R1.fq.gz	data/SH13121.R2.fq.gz
SH13122	ILLUMINA	data/SH13122.R1.fq.gz	data/SH13122.R2.fq.gz
SH13123	ILLUMINA	data/SH13123.R1.fq.gz	data/SH13123.R2.fq.gz
SH13124	ILLUMINA	data/SH13124.R1.fq.gz	data/SH13124.R2.fq.gz
SH13125	ILLUMINA	data/SH13125.R1.fq.gz	data/SH13125.R2.fq.gz
SH13126	ILLUMINA	data/SH13126.R1.fq.gz	data/SH13126.R2.fq.gz
SH13127	ILLUMINA	data/SH13127.R1.fq.gz	data/SH13127.R2.fq.gz
SH13128	ILLUMINA	data/SH13128.R1.fq.gz	data/SH13128.R2.fq.gz
SH13129	ILLUMINA	data/SH13129.R1.fq.gz	data/SH13129.R2.fq.gz
SH13130	ILLUMINA	data/SH13130.R1.fq.gz	data/SH13130.R2.fq.gz
SH13131	ILLUMINA	data/SH13131.R1.fq.gz	data/SH13131.R2.fq.gz
SH13132	ILLUMINA	data/SH13132.R1.fq.gz	data/SH13132.R2.fq.gz
SH13133	ILLUMINA	data/SH13133.R1.fq.gz	data/SH13133.R2.fq.gz
SH13134	ILLUMINA	data/SH13134.R1.fq.gz	data/SH13134.R2.fq.gz
SH13135	ILLUMINA	data/SH13135.R1.fq.gz	data/SH13135.R2.fq.gz
SH13136	ILLUMINA	data/SH13136.R1.fq.gz	data/SH13136.R2.fq.gz
SH13137	ILLUMINA	data/SH13137.R1.fq.gz	data/SH13137.R2.fq.gz
SH13138	ILLUMINA	data/SH13138.R1.fq.gz	data/SH13138.R2.fq.gz
SH13139	ILLUMINA	data/SH13139.R1.fq.gz	data/SH13139.R2.fq.gz
SH13140	ILLUMINA	data/SH13140.R1.fq.gz	data/SH13140.R2.fq.gz
SH13141	ILLUMINA	data/SH13141.R1.fq.gz	data/SH13141.R2.fq.gz
SH13142	ILLUMINA	data/SH13142.R1.fq.gz	data/SH13142.R2.fq.gz
SH13143	ILLUMINA	data/SH13143.R1.fq.gz	data/SH13143.R2.fq.gz
SH13144	ILLUMINA	data/SH13144.R1.fq.gz	data/SH13144.R2.fq.gz
SH13145	ILLUMINA	data/SH13145.R1.fq.gz	data/SH13145.R2.fq.gz
SH13146	ILLUMINA	data/SH13146.R1.fq.gz	data/SH13146.R2.fq.gz
SH13147	ILLUMINA	data/SH13147.R1.fq.gz	data/SH13147.R2.fq.gz
SH13148	ILLUMINA	data/SH13148.R1.fq.gz	data/SH13148.R2.fq.gz
SH13149	ILLUMINA	data/SH13149.R1.fq.gz	data/SH13149.R2.fq.gz
SH13150	ILLUMINA	data/SH13150.R1.fq.gz	data/SH13150.R2.fq.gz
SH13151	ILLUMINA	data/SH13151.R1.fq.gz	data/SH13151.R2.fq.gz
SH13152	ILLUMINA	data/SH13152.R1.fq.gz	data/SH13152.R2.fq.gz
SH13153	ILLUMINA	data/SH13153.R1.fq.gz	data/SH13153.R2.fq.gz
SH13154	ILLUMINA	data/SH13154.R1.fq.gz	data/SH13154.R2.fq.gz
SH13155	ILLUMINA	data/SH13155.R1.fq.gz	data/SH13155.R2.fq.gz
SH13156	ILLUMINA	data/SH13156.R1.fq.gz	data/SH13156.R2.fq.gz
SH13157	ILLUMINA	data/SH13157.R1.fq.gz	data/SH13157.R2.fq.gz
SH13158	ILLUMINA	data/SH13158.R1.fq.gz	data/SH13158.R2.fq.gz
SH13159	ILLUMINA	data/SH13159.R1.fq.gz	data/SH13159.R2.fq.gz
SH13160	ILLUMINA	data/SH13160.R1.fq.gz	data/SH13160.R2.fq.gz
SH13161	ILLUMINA	data/SH13161.R1.fq.gz	data/SH13161.R2.fq.gz
SH13163	ILLUMINA	data/SH13163.R1.fq.gz	data/SH13163.R2.fq.gz
SH13164	ILLUMINA	data/SH13164.R1.fq.gz	data/SH13164.R2.fq.gz
SH13165	ILLUMINA	data/SH13165.R1.fq.gz	data/SH13165.R2.fq.gz
SH13166	ILLUMINA	data/SH13166.R1.fq.gz	data/SH13166.R2.fq.gz
SH13167	ILLUMINA	data/SH13167.R1.fq.gz	data/SH13167.R2.fq.gz
SH13168	ILLUMINA	data/SH13168.R1.fq.gz	data/SH13168.R2.fq.gz
SH13169	ILLUMINA	data/SH13169.R1.fq.gz	data/SH13169.R2.fq.gz
SH13170	ILLUMINA	data/SH13170.R1.fq.gz	data/SH13170.R2.fq.gz
SH13171	ILLUMINA	data/SH13171.R1.fq.gz	data/SH13171.R2.fq.gz
SH13172	ILLUMINA	data/SH13172.R1.fq.gz	data/SH13172.R2.fq.gz
SH13173	ILLUMINA	data/SH13173.R1.fq.gz	data/SH13173.R2.fq.gz
SH13174	ILLUMINA	data/SH13174.R1.fq.gz	data/SH13174.R2.fq.gz
SH13175	ILLUMINA	data/SH13175.R1.fq.gz	data/SH13175.R2.fq.gz
SH13176	ILLUMINA	data/SH13176.R1.fq.gz	data/SH13176.R2.fq.gz
SH13177	ILLUMINA	data/SH13177.R1.fq.gz	data/SH13177.R2.fq.gz
SH13178	ILLUMINA	data/SH13178.R1.fq.gz	data/SH13178.R2.fq.gz
SH13179	ILLUMINA	data/SH13179.R1.fq.gz	data/SH13179.R2.fq.gz
SH13180	ILLUMINA	data/SH13180.R1.fq.gz	data/SH13180.R2.fq.gz
SH13181	ILLUMINA	data/SH13181.R1.fq.gz	data/SH13181.R2.fq.gz
SH13182	ILLUMINA	data/SH13182.R1.fq.gz	data/SH13182.R2.fq.gz
SH13183	ILLUMINA	data/SH13183.R1.fq.gz	data/SH13183.R2.fq.gz
SH13184	ILLUMINA	data/SH13184.R1.fq.gz	data/SH13184.R2.fq.gz
SH13185	ILLUMINA	data/SH13185.R1.fq.gz	data/SH13185.R2.fq.gz
SH13186	ILLUMINA	data/SH13186.R1.fq.gz	data/SH13186.R2.fq.gz
SH13187	ILLUMINA	data/SH13187.R1.fq.gz	data/SH13187.R2.fq.gz
SH13188	ILLUMINA	data/SH13188.R1.fq.gz	data/SH13188.R2.fq.gz
SH13189	ILLUMINA	data/SH13189.R1.fq.gz	data/SH13189.R2.fq.gz
SH13191	ILLUMINA	data/SH13191.R1.fq.gz	data/SH13191.R2.fq.gz
SH13192	ILLUMINA	data/SH13192.R1.fq.gz	data/SH13192.R2.fq.gz
SH13193	ILLUMINA	data/SH13193.R1.fq.gz	data/SH13193.R2.fq.gz
SH13194	ILLUMINA	data/SH13194.R1.fq.gz	data/SH13194.R2.fq.gz
SH13195	ILLUMINA	data/SH13195.R1.fq.gz	data/SH13195.R2.fq.gz
SH13196	ILLUMINA	data/SH13196.R1.fq.gz	data/SH13196.R2.fq.gz
SH13197	ILLUMINA	data/SH13197.R1.fq.gz	data/SH13197.R2.fq.gz
SH13198	ILLUMINA	data/SH13198.R1.fq.gz	data/SH13198.R2.fq.gz
SH13199	ILLUMINA	data/SH13199.R1.fq.gz	data/SH13199.R2.fq.gz
SH13200	ILLUMINA	data/SH13200.R1.fq.gz	data/SH13200.R2.fq.gz
SH13201	ILLUMINA	data/SH13201.R1.fq.gz	data/SH13201.R2.fq.gz
SH13202	ILLUMINA	data/SH13202.R1.fq.gz	data/SH13202.R2.fq.gz
SH13203	ILLUMINA	data/SH13203.R1.fq.gz	data/SH13203.R2.fq.gz
SH13204	ILLUMINA	data/SH13204.R1.fq.gz	data/SH13204.R2.fq.gz
SH13205	ILLUMINA	data/SH13205.R1.fq.gz	data/SH13205.R2.fq.gz
SH13206	ILLUMINA	data/SH13206.R1.fq.gz	data/SH13206.R2.fq.gz
SH13207	ILLUMINA	data/SH13207.R1.fq.gz	data/SH13207.R2.fq.gz
SH13208	ILLUMINA	data/SH13208.R1.fq.gz	data/SH13208.R2.fq.gz
SH13209	ILLUMINA	data/SH13209.R1.fq.gz	data/SH13209.R2.fq.gz
SH13210	ILLUMINA	data/SH13210.R1.fq.gz	data/SH13210.R2.fq.gz
SH13211	ILLUMINA	data/SH13211.R1.fq.gz	data/SH13211.R2.fq.gz
SH13212	ILLUMINA	data/SH13212.R1.fq.gz	data/SH13212.R2.fq.gz
SH13213	ILLUMINA	data/SH13213.R1.fq.gz	data/SH13213.R2.fq.gz
SH13214	ILLUMINA	data/SH13214.R1.fq.gz	data/SH13214.R2.fq.gz
SH13216	ILLUMINA	data/SH13216.R1.fq.gz	data/SH13216.R2.fq.gz
SH13217	ILLUMINA	data/SH13217.R1.fq.gz	data/SH13217.R2.fq.gz
SH13218	ILLUMINA	data/SH13218.R1.fq.gz	data/SH13218.R2.fq.gz
SH13219	ILLUMINA	data/SH13219.R1.fq.gz	data/SH13219.R2.fq.gz
SH13221	ILLUMINA	data/SH13221.R1.fq.gz	data/SH13221.R2.fq.gz
SH13222	ILLUMINA	data/SH13222.R1.fq.gz	data/SH13222.R2.fq.gz
SH13224	ILLUMINA	data/SH13224.R1.fq.gz	data/SH13224.R2.fq.gz
SH13225	ILLUMINA	data/SH13225.R1.fq.gz	data/SH13225.R2.fq.gz
SH13226	ILLUMINA	data/SH13226.R1.fq.gz	data/SH13226.R2.fq.gz
SH13227	ILLUMINA	data/SH13227.R1.fq.gz	data/SH13227.R2.fq.gz
SH13228	ILLUMINA	data/SH13228.R1.fq.gz	data/SH13228.R2.fq.gz
SH13229	ILLUMINA	data/SH13229.R1.fq.gz	data/SH13229.R2.fq.gz
SH13230	ILLUMINA	data/SH13230.R1.fq.gz	data/SH13230.R2.fq.gz
SH13231	ILLUMINA	data/SH13231.R1.fq.gz	data/SH13231.R2.fq.gz
SH13232	ILLUMINA	data/SH13232.R1.fq.gz	data/SH13232.R2.fq.gz
SH13233	ILLUMINA	data/SH13233.R1.fq.gz	data/SH13233.R2.fq.gz
SH13234	ILLUMINA	data/SH13234.R1.fq.gz	data/SH13234.R2.fq.gz
SH13235	ILLUMINA	data/SH13235.R1.fq.gz	data/SH13235.R2.fq.gz
SH13236	ILLUMINA	data/SH13236.R1.fq.gz	data/SH13236.R2.fq.gz
SH13237	ILLUMINA	data/SH13237.R1.fq.gz	data/SH13237.R2.fq.gz
SH13238	ILLUMINA	data/SH13238.R1.fq.gz	data/SH13238.R2.fq.gz
SH13239	ILLUMINA	data/SH13239.R1.fq.gz	data/SH13239.R2.fq.gz
SH13240	ILLUMINA	data/SH13240.R1.fq.gz	data/SH13240.R2.fq.gz
SH13242	ILLUMINA	data/SH13242.R1.fq.gz	data/SH13242.R2.fq.gz
SH13243	ILLUMINA	data/SH13243.R1.fq.gz	data/SH13243.R2.fq.gz
SH13244	ILLUMINA	data/SH13244.R1.fq.gz	data/SH13244.R2.fq.gz
SH13245	ILLUMINA	data/SH13245.R1.fq.gz	data/SH13245.R2.fq.gz
SH13246	ILLUMINA	data/SH13246.R1.fq.gz	data/SH13246.R2.fq.gz
SH13247	ILLUMINA	data/SH13247.R1.fq.gz	data/SH13247.R2.fq.gz
SH13248	ILLUMINA	data/SH13248.R1.fq.gz	data/SH13248.R2.fq.gz
SH13249	ILLUMINA	data/SH13249.R1.fq.gz	data/SH13249.R2.fq.gz
SH13250	ILLUMINA	data/SH13250.R1.fq.gz	data/SH13250.R2.fq.gz
SH13251	ILLUMINA	data/SH13251.R1.fq.gz	data/SH13251.R2.fq.gz
SH13252	ILLUMINA	data/SH13252.R1.fq.gz	data/SH13252.R2.fq.gz
SH13253	ILLUMINA	data/SH13253.R1.fq.gz	data/SH13253.R2.fq.gz
SH13254	ILLUMINA	data/SH13254.R1.fq.gz	data/SH13254.R2.fq.gz
SH13255	ILLUMINA	data/SH13255.R1.fq.gz	data/SH13255.R2.fq.gz
SH13257	ILLUMINA	data/SH13257.R1.fq.gz	data/SH13257.R2.fq.gz
SH13258	ILLUMINA	data/SH13258.R1.fq.gz	data/SH13258.R2.fq.gz
SH13259	ILLUMINA	data/SH13259.R1.fq.gz	data/SH13259.R2.fq.gz
SH13260	ILLUMINA	data/SH13260.R1.fq.gz	data/SH13260.R2.fq.gz
SH13261	ILLUMINA	data/SH13261.R1.fq.gz	data/SH13261.R2.fq.gz
SH13262	ILLUMINA	data/SH13262.R1.fq.gz	data/SH13262.R2.fq.gz
SH13263	ILLUMINA	data/SH13263.R1.fq.gz	data/SH13263.R2.fq.gz
SH13264	ILLUMINA	data/SH13264.R1.fq.gz	data/SH13264.R2.fq.gz
SH13265	ILLUMINA	data/SH13265.R1.fq.gz	data/SH13265.R2.fq.gz
SH13266	ILLUMINA	data/SH13266.R1.fq.gz	data/SH13266.R2.fq.gz
SH13267	ILLUMINA	data/SH13267.R1.fq.gz	data/SH13267.R2.fq.gz
SH13268	ILLUMINA	data/SH13268.R1.fq.gz	data/SH13268.R2.fq.gz
SH13270	ILLUMINA	data/SH13270.R1.fq.gz	data/SH13270.R2.fq.gz
SH13271	ILLUMINA	data/SH13271.R1.fq.gz	data/SH13271.R2.fq.gz
SH13272	ILLUMINA	data/SH13272.R1.fq.gz	data/SH13272.R2.fq.gz
SH13273	ILLUMINA	data/SH13273.R1.fq.gz	data/SH13273.R2.fq.gz
SH13274	ILLUMINA	data/SH13274.R1.fq.gz	data/SH13274.R2.fq.gz
SH13275	ILLUMINA	data/SH13275.R1.fq.gz	data/SH13275.R2.fq.gz
SH13276	ILLUMINA	data/SH13276.R1.fq.gz	data/SH13276.R2.fq.gz
SH13277	ILLUMINA	data/SH13277.R1.fq.gz	data/SH13277.R2.fq.gz
SH13278	ILLUMINA	data/SH13278.R1.fq.gz	data/SH13278.R2.fq.gz
SH13280	ILLUMINA	data/SH13280.R1.fq.gz	data/SH13280.R2.fq.gz
SH13282	ILLUMINA	data/SH13282.R1.fq.gz	data/SH13282.R2.fq.gz
SH13283	ILLUMINA	data/SH13283.R1.fq.gz	data/SH13283.R2.fq.gz
SH13284	ILLUMINA	data/SH13284.R1.fq.gz	data/SH13284.R2.fq.gz
SH13285	ILLUMINA	data/SH13285.R1.fq.gz	data/SH13285.R2.fq.gz
SH13286	ILLUMINA	data/SH13286.R1.fq.gz	data/SH13286.R2.fq.gz
SH13287	ILLUMINA	data/SH13287.R1.fq.gz	data/SH13287.R2.fq.gz
SH13288	ILLUMINA	data/SH13288.R1.fq.gz	data/SH13288.R2.fq.gz
SH13290	ILLUMINA	data/SH13290.R1.fq.gz	data/SH13290.R2.fq.gz
SH13291	ILLUMINA	data/SH13291.R1.fq.gz	data/SH13291.R2.fq.gz
SH13292	ILLUMINA	data/SH13292.R1.fq.gz	data/SH13292.R2.fq.gz
SH13293	ILLUMINA	data/SH13293.R1.fq.gz	data/SH13293.R2.fq.gz
SH13294	ILLUMINA	data/SH13294.R1.fq.gz	data/SH13294.R2.fq.gz
SH13296	ILLUMINA	data/SH13296.R1.fq.gz	data/SH13296.R2.fq.gz
SH13297	ILLUMINA	data/SH13297.R1.fq.gz	data/SH13297.R2.fq.gz
SH13298	ILLUMINA	data/SH13298.R1.fq.gz	data/SH13298.R2.fq.gz
SH13300	ILLUMINA	data/SH13300.R1.fq.gz	data/SH13300.R2.fq.gz
SH13301	ILLUMINA	data/SH13301.R1.fq.gz	data/SH13301.R2.fq.gz
SH13302	ILLUMINA	data/SH13302.R1.fq.gz	data/SH13302.R2.fq.gz
SH13303	ILLUMINA	data/SH13303.R1.fq.gz	data/SH13303.R2.fq.gz
SH13305	ILLUMINA	data/SH13305.R1.fq.gz	data/SH13305.R2.fq.gz
SH13307	ILLUMINA	data/SH13307.R1.fq.gz	data/SH13307.R2.fq.gz
SH13308	ILLUMINA	data/SH13308.R1.fq.gz	data/SH13308.R2.fq.gz
SH13309	ILLUMINA	data/SH13309.R1.fq.gz	data/SH13309.R2.fq.gz
SH13310	ILLUMINA	data/SH13310.R1.fq.gz	data/SH13310.R2.fq.gz
SH13311	ILLUMINA	data/SH13311.R1.fq.gz	data/SH13311.R2.fq.gz
SH13314	ILLUMINA	data/SH13314.R1.fq.gz	data/SH13314.R2.fq.gz
SH13316	ILLUMINA	data/SH13316.R1.fq.gz	data/SH13316.R2.fq.gz
SH13317	ILLUMINA	data/SH13317.R1.fq.gz	data/SH13317.R2.fq.gz
SH13318	ILLUMINA	data/SH13318.R1.fq.gz	data/SH13318.R2.fq.gz
SH13319	ILLUMINA	data/SH13319.R1.fq.gz	data/SH13319.R2.fq.gz
SH13320	ILLUMINA	data/SH13320.R1.fq.gz	data/SH13320.R2.fq.gz
SH13322	ILLUMINA	data/SH13322.R1.fq.gz	data/SH13322.R2.fq.gz
SH13324	ILLUMINA	data/SH13324.R1.fq.gz	data/SH13324.R2.fq.gz
SH13325	ILLUMINA	data/SH13325.R1.fq.gz	data/SH13325.R2.fq.gz
SH13326	ILLUMINA	data/SH13326.R1.fq.gz	data/SH13326.R2.fq.gz
SH13327	ILLUMINA	data/SH13327.R1.fq.gz	data/SH13327.R2.fq.gz
SH13328	ILLUMINA	data/SH13328.R1.fq.gz	data/SH13328.R2.fq.gz
SH13329	ILLUMINA	data/SH13329.R1.fq.gz	data/SH13329.R2.fq.gz
SH13330	ILLUMINA	data/SH13330.R1.fq.gz	data/SH13330.R2.fq.gz
SH13331	ILLUMINA	data/SH13331.R1.fq.gz	data/SH13331.R2.fq.gz
SH13332	ILLUMINA	data/SH13332.R1.fq.gz	data/SH13332.R2.fq.gz
SH13333	ILLUMINA	data/SH13333.R1.fq.gz	data/SH13333.R2.fq.gz
SH13334	ILLUMINA	data/SH13334.R1.fq.gz	data/SH13334.R2.fq.gz
SH13335	ILLUMINA	data/SH13335.R1.fq.gz	data/SH13335.R2.fq.gz
SH13336	ILLUMINA	data/SH13336.R1.fq.gz	data/SH13336.R2.fq.gz
SH13338	ILLUMINA	data/SH13338.R1.fq.gz	data/SH13338.R2.fq.gz
SH13339	ILLUMINA	data/SH13339.R1.fq.gz	data/SH13339.R2.fq.gz
SH13340	ILLUMINA	data/SH13340.R1.fq.gz	data/SH13340.R2.fq.gz
SH13341	ILLUMINA	data/SH13341.R1.fq.gz	data/SH13341.R2.fq.gz
SH13342	ILLUMINA	data/SH13342.R1.fq.gz	data/SH13342.R2.fq.gz
SH13343	ILLUMINA	data/SH13343.R1.fq.gz	data/SH13343.R2.fq.gz
SH13344	ILLUMINA	data/SH13344.R1.fq.gz	data/SH13344.R2.fq.gz
SH13346	ILLUMINA	data/SH13346.R1.fq.gz	data/SH13346.R2.fq.gz
SH13348	ILLUMINA	data/SH13348.R1.fq.gz	data/SH13348.R2.fq.gz
SH13350	ILLUMINA	data/SH13350.R1.fq.gz	data/SH13350.R2.fq.gz
SH13351	ILLUMINA	data/SH13351.R1.fq.gz	data/SH13351.R2.fq.gz
SH13352	ILLUMINA	data/SH13352.R1.fq.gz	data/SH13352.R2.fq.gz
SH13353	ILLUMINA	data/SH13353.R1.fq.gz	data/SH13353.R2.fq.gz
SH13354	ILLUMINA	data/SH13354.R1.fq.gz	data/SH13354.R2.fq.gz
SH13355	ILLUMINA	data/SH13355.R1.fq.gz	data/SH13355.R2.fq.gz
SH13356	ILLUMINA	data/SH13356.R1.fq.gz	data/SH13356.R2.fq.gz
SH13357	ILLUMINA	data/SH13357.R1.fq.gz	data/SH13357.R2.fq.gz
SH13358	ILLUMINA	data/SH13358.R1.fq.gz	data/SH13358.R2.fq.gz
SH13359	ILLUMINA	data/SH13359.R1.fq.gz	data/SH13359.R2.fq.gz
SH13360	ILLUMINA	data/SH13360.R1.fq.gz	data/SH13360.R2.fq.gz
SH13362	ILLUMINA	data/SH13362.R1.fq.gz	data/SH13362.R2.fq.gz
SH13363	ILLUMINA	data/SH13363.R1.fq.gz	data/SH13363.R2.fq.gz
SH13364	ILLUMINA	data/SH13364.R1.fq.gz	data/SH13364.R2.fq.gz
SH13365	ILLUMINA	data/SH13365.R1.fq.gz	data/SH13365.R2.fq.gz
SH13366	ILLUMINA	data/SH13366.R1.fq.gz	data/SH13366.R2.fq.gz
SH13367	ILLUMINA	data/SH13367.R1.fq.gz	data/SH13367.R2.fq.gz
SH13368	ILLUMINA	data/SH13368.R1.fq.gz	data/SH13368.R2.fq.gz
SH13369	ILLUMINA	data/SH13369.R1.fq.gz	data/SH13369.R2.fq.gz
SH13370	ILLUMINA	data/SH13370.R1.fq.gz	data/SH13370.R2.fq.gz
SH13371	ILLUMINA	data/SH13371.R1.fq.gz	data/SH13371.R2.fq.gz
SH13372	ILLUMINA	data/SH13372.R1.fq.gz	data/SH13372.R2.fq.gz
SH13375	ILLUMINA	data/SH13375.R1.fq.gz	data/SH13375.R2.fq.gz
SH13376	ILLUMINA	data/SH13376.R1.fq.gz	data/SH13376.R2.fq.gz
SH13377	ILLUMINA	data/SH13377.R1.fq.gz	data/SH13377.R2.fq.gz
SH13378	ILLUMINA	data/SH13378.R1.fq.gz	data/SH13378.R2.fq.gz
SH13380	ILLUMINA	data/SH13380.R1.fq.gz	data/SH13380.R2.fq.gz
SH13381	ILLUMINA	data/SH13381.R1.fq.gz	data/SH13381.R2.fq.gz
SH13382	ILLUMINA	data/SH13382.R1.fq.gz	data/SH13382.R2.fq.gz
SH13383	ILLUMINA	data/SH13383.R1.fq.gz	data/SH13383.R2.fq.gz
SH13384	ILLUMINA	data/SH13384.R1.fq.gz	data/SH13384.R2.fq.gz
SH13385	ILLUMINA	data/SH13385.R1.fq.gz	data/SH13385.R2.fq.gz
SH13386	ILLUMINA	data/SH13386.R1.fq.gz	data/SH13386.R2.fq.gz
SH13387	ILLUMINA	data/SH13387.R1.fq.gz	data/SH13387.R2.fq.gz
SH13388	ILLUMINA	data/SH13388.R1.fq.gz	data/SH13388.R2.fq.gz
SH13389	ILLUMINA	data/SH13389.R1.fq.gz	data/SH13389.R2.fq.gz
SH13390	ILLUMINA	data/SH13390.R1.fq.gz	data/SH13390.R2.fq.gz
SH13391	ILLUMINA	data/SH13391.R1.fq.gz	data/SH13391.R2.fq.gz
SH13392	ILLUMINA	data/SH13392.R1.fq.gz	data/SH13392.R2.fq.gz
SH13393	ILLUMINA	data/SH13393.R1.fq.gz	data/SH13393.R2.fq.gz
SH13395	ILLUMINA	data/SH13395.R1.fq.gz	data/SH13395.R2.fq.gz
SH13396	ILLUMINA	data/SH13396.R1.fq.gz	data/SH13396.R2.fq.gz
SH13397	ILLUMINA	data/SH13397.R1.fq.gz	data/SH13397.R2.fq.gz
SH13398	ILLUMINA	data/SH13398.R1.fq.gz	data/SH13398.R2.fq.gz
SH13399	ILLUMINA	data/SH13399.R1.fq.gz	data/SH13399.R2.fq.gz
SH13400	ILLUMINA	data/SH13400.R1.fq.gz	data/SH13400.R2.fq.gz
SH13401	ILLUMINA	data/SH13401.R1.fq.gz	data/SH13401.R2.fq.gz
SH13402	ILLUMINA	data/SH13402.R1.fq.gz	data/SH13402.R2.fq.gz
SH13403	ILLUMINA	data/SH13403.R1.fq.gz	data/SH13403.R2.fq.gz
SH13404	ILLUMINA	data/SH13404.R1.fq.gz	data/SH13404.R2.fq.gz
SH13405	ILLUMINA	data/SH13405.R1.fq.gz	data/SH13405.R2.fq.gz
SH13406	ILLUMINA	data/SH13406.R1.fq.gz	data/SH13406.R2.fq.gz
SH13407	ILLUMINA	data/SH13407.R1.fq.gz	data/SH13407.R2.fq.gz
SH13408	ILLUMINA	data/SH13408.R1.fq.gz	data/SH13408.R2.fq.gz
SH13409	ILLUMINA	data/SH13409.R1.fq.gz	data/SH13409.R2.fq.gz
SH13410	ILLUMINA	data/SH13410.R1.fq.gz	data/SH13410.R2.fq.gz
SH13411	ILLUMINA	data/SH13411.R1.fq.gz	data/SH13411.R2.fq.gz
SH13413	ILLUMINA	data/SH13413.R1.fq.gz	data/SH13413.R2.fq.gz
SH13414	ILLUMINA	data/SH13414.R1.fq.gz	data/SH13414.R2.fq.gz
SH13415	ILLUMINA	data/SH13415.R1.fq.gz	data/SH13415.R2.fq.gz
SH13416	ILLUMINA	data/SH13416.R1.fq.gz	data/SH13416.R2.fq.gz
SH13417	ILLUMINA	data/SH13417.R1.fq.gz	data/SH13417.R2.fq.gz
SH13418	ILLUMINA	data/SH13418.R1.fq.gz	data/SH13418.R2.fq.gz
SH13420	ILLUMINA	data/SH13420.R1.fq.gz	data/SH13420.R2.fq.gz
SH13421	ILLUMINA	data/SH13421.R1.fq.gz	data/SH13421.R2.fq.gz
SH13422	ILLUMINA	data/SH13422.R1.fq.gz	data/SH13422.R2.fq.gz
SH13423	ILLUMINA	data/SH13423.R1.fq.gz	data/SH13423.R2.fq.gz
SH13424	ILLUMINA	data/SH13424.R1.fq.gz	data/SH13424.R2.fq.gz
SH13425	ILLUMINA	data/SH13425.R1.fq.gz	data/SH13425.R2.fq.gz
SH13426	ILLUMINA	data/SH13426.R1.fq.gz	data/SH13426.R2.fq.gz
SH13427	ILLUMINA	data/SH13427.R1.fq.gz	data/SH13427.R2.fq.gz
SH13428	ILLUMINA	data/SH13428.R1.fq.gz	data/SH13428.R2.fq.gz
SH13429	ILLUMINA	data/SH13429.R1.fq.gz	data/SH13429.R2.fq.gz
SH13430	ILLUMINA	data/SH13430.R1.fq.gz	data/SH13430.R2.fq.gz
SH13431	ILLUMINA	data/SH13431.R1.fq.gz	data/SH13431.R2.fq.gz
SH13432	ILLUMINA	data/SH13432.R1.fq.gz	data/SH13432.R2.fq.gz
SH13434	ILLUMINA	data/SH13434.R1.fq.gz	data/SH13434.R2.fq.gz
SH13435	ILLUMINA	data/SH13435.R1.fq.gz	data/SH13435.R2.fq.gz
SH13436	ILLUMINA	data/SH13436.R1.fq.gz	data/SH13436.R2.fq.gz
SH13437	ILLUMINA	data/SH13437.R1.fq.gz	data/SH13437.R2.fq.gz
SH13438	ILLUMINA	data/SH13438.R1.fq.gz	data/SH13438.R2.fq.gz
SH13439	ILLUMINA	data/SH13439.R1.fq.gz	data/SH13439.R2.fq.gz
SH13441	ILLUMINA	data/SH13441.R1.fq.gz	data/SH13441.R2.fq.gz
SH13442	ILLUMINA	data/SH13442.R1.fq.gz	data/SH13442.R2.fq.gz
SH13443	ILLUMINA	data/SH13443.R1.fq.gz	data/SH13443.R2.fq.gz
SH13444	ILLUMINA	data/SH13444.R1.fq.gz	data/SH13444.R2.fq.gz
SH13445	ILLUMINA	data/SH13445.R1.fq.gz	data/SH13445.R2.fq.gz
SH13446	ILLUMINA	data/SH13446.R1.fq.gz	data/SH13446.R2.fq.gz
SH13447	ILLUMINA	data/SH13447.R1.fq.gz	data/SH13447.R2.fq.gz
SH13448	ILLUMINA	data/SH13448.R1.fq.gz	data/SH13448.R2.fq.gz
SH13449	ILLUMINA	data/SH13449.R1.fq.gz	data/SH13449.R2.fq.gz
SH13451	ILLUMINA	data/SH13451.R1.fq.gz	data/SH13451.R2.fq.gz
SH13452	ILLUMINA	data/SH13452.R1.fq.gz	data/SH13452.R2.fq.gz
SH13453	ILLUMINA	data/SH13453.R1.fq.gz	data/SH13453.R2.fq.gz
SH13454	ILLUMINA	data/SH13454.R1.fq.gz	data/SH13454.R2.fq.gz
SH13455	ILLUMINA	data/SH13455.R1.fq.gz	data/SH13455.R2.fq.gz
SH13456	ILLUMINA	data/SH13456.R1.fq.gz	data/SH13456.R2.fq.gz
SH13457	ILLUMINA	data/SH13457.R1.fq.gz	data/SH13457.R2.fq.gz
SH13458	ILLUMINA	data/SH13458.R1.fq.gz	data/SH13458.R2.fq.gz
SH13459	ILLUMINA	data/SH13459.R1.fq.gz	data/SH13459.R2.fq.gz
SH13460	ILLUMINA	data/SH13460.R1.fq.gz	data/SH13460.R2.fq.gz
SH13461	ILLUMINA	data/SH13461.R1.fq.gz	data/SH13461.R2.fq.gz
SH13462	ILLUMINA	data/SH13462.R1.fq.gz	data/SH13462.R2.fq.gz
SH13463	ILLUMINA	data/SH13463.R1.fq.gz	data/SH13463.R2.fq.gz
SH13464	ILLUMINA	data/SH13464.R1.fq.gz	data/SH13464.R2.fq.gz
SH13466	ILLUMINA	data/SH13466.R1.fq.gz	data/SH13466.R2.fq.gz
SH13467	ILLUMINA	data/SH13467.R1.fq.gz	data/SH13467.R2.fq.gz
SH13468	ILLUMINA	data/SH13468.R1.fq.gz	data/SH13468.R2.fq.gz
SH13469	ILLUMINA	data/SH13469.R1.fq.gz	data/SH13469.R2.fq.gz
SH13470	ILLUMINA	data/SH13470.R1.fq.gz	data/SH13470.R2.fq.gz
SH13471	ILLUMINA	data/SH13471.R1.fq.gz	data/SH13471.R2.fq.gz
SH13473	ILLUMINA	data/SH13473.R1.fq.gz	data/SH13473.R2.fq.gz
SH13474	ILLUMINA	data/SH13474.R1.fq.gz	data/SH13474.R2.fq.gz
SH13475	ILLUMINA	data/SH13475.R1.fq.gz	data/SH13475.R2.fq.gz
SH13476	ILLUMINA	data/SH13476.R1.fq.gz	data/SH13476.R2.fq.gz
SH13477	ILLUMINA	data/SH13477.R1.fq.gz	data/SH13477.R2.fq.gz
SH13478	ILLUMINA	data/SH13478.R1.fq.gz	data/SH13478.R2.fq.gz
SH13479	ILLUMINA	data/SH13479.R1.fq.gz	data/SH13479.R2.fq.gz
SH13480	ILLUMINA	data/SH13480.R1.fq.gz	data/SH13480.R2.fq.gz
SH13481	ILLUMINA	data/SH13481.R1.fq.gz	data/SH13481.R2.fq.gz
SH13482	ILLUMINA	data/SH13482.R1.fq.gz	data/SH13482.R2.fq.gz
SH13483	ILLUMINA	data/SH13483.R1.fq.gz	data/SH13483.R2.fq.gz
SH13484	ILLUMINA	data/SH13484.R1.fq.gz	data/SH13484.R2.fq.gz
SH13485	ILLUMINA	data/SH13485.R1.fq.gz	data/SH13485.R2.fq.gz
SH13486	ILLUMINA	data/SH13486.R1.fq.gz	data/SH13486.R2.fq.gz
SH13487	ILLUMINA	data/SH13487.R1.fq.gz	data/SH13487.R2.fq.gz
SH13488	ILLUMINA	data/SH13488.R1.fq.gz	data/SH13488.R2.fq.gz
SH13489	ILLUMINA	data/SH13489.R1.fq.gz	data/SH13489.R2.fq.gz
SH13490	ILLUMINA	data/SH13490.R1.fq.gz	data/SH13490.R2.fq.gz
SH13491	ILLUMINA	data/SH13491.R1.fq.gz	data/SH13491.R2.fq.gz
SH13492	ILLUMINA	data/SH13492.R1.fq.gz	data/SH13492.R2.fq.gz
SH13493	ILLUMINA	data/SH13493.R1.fq.gz	data/SH13493.R2.fq.gz
SH13494	ILLUMINA	data/SH13494.R1.fq.gz	data/SH13494.R2.fq.gz
SH13497	ILLUMINA	data/SH13497.R1.fq.gz	data/SH13497.R2.fq.gz
SH13498	ILLUMINA	data/SH13498.R1.fq.gz	data/SH13498.R2.fq.gz
SH13499	ILLUMINA	data/SH13499.R1.fq.gz	data/SH13499.R2.fq.gz
SH13500	ILLUMINA	data/SH13500.R1.fq.gz	data/SH13500.R2.fq.gz
SH13501	ILLUMINA	data/SH13501.R1.fq.gz	data/SH13501.R2.fq.gz
SH13502	ILLUMINA	data/SH13502.R1.fq.gz	data/SH13502.R2.fq.gz
SH13503	ILLUMINA	data/SH13503.R1.fq.gz	data/SH13503.R2.fq.gz
SH13504	ILLUMINA	data/SH13504.R1.fq.gz	data/SH13504.R2.fq.gz
SH13505	ILLUMINA	data/SH13505.R1.fq.gz	data/SH13505.R2.fq.gz
SH13506	ILLUMINA	data/SH13506.R1.fq.gz	data/SH13506.R2.fq.gz
SH13507	ILLUMINA	data/SH13507.R1.fq.gz	data/SH13507.R2.fq.gz
SH13509	ILLUMINA	data/SH13509.R1.fq.gz	data/SH13509.R2.fq.gz
SH13511	ILLUMINA	data/SH13511.R1.fq.gz	data/SH13511.R2.fq.gz
SH13513	ILLUMINA	data/SH13513.R1.fq.gz	data/SH13513.R2.fq.gz
SH13514	ILLUMINA	data/SH13514.R1.fq.gz	data/SH13514.R2.fq.gz
SH13515	ILLUMINA	data/SH13515.R1.fq.gz	data/SH13515.R2.fq.gz
SH13516	ILLUMINA	data/SH13516.R1.fq.gz	data/SH13516.R2.fq.gz
SH13517	ILLUMINA	data/SH13517.R1.fq.gz	data/SH13517.R2.fq.gz
SH13520	ILLUMINA	data/SH13520.R1.fq.gz	data/SH13520.R2.fq.gz
SH13522	ILLUMINA	data/SH13522.R1.fq.gz	data/SH13522.R2.fq.gz
SH13523	ILLUMINA	data/SH13523.R1.fq.gz	data/SH13523.R2.fq.gz
SH13524	ILLUMINA	data/SH13524.R1.fq.gz	data/SH13524.R2.fq.gz
SH13525	ILLUMINA	data/SH13525.R1.fq.gz	data/SH13525.R2.fq.gz
SH13526	ILLUMINA	data/SH13526.R1.fq.gz	data/SH13526.R2.fq.gz
SH13527	ILLUMINA	data/SH13527.R1.fq.gz	data/SH13527.R2.fq.gz
SH13528	ILLUMINA	data/SH13528.R1.fq.gz	data/SH13528.R2.fq.gz
SH13529	ILLUMINA	data/SH13529.R1.fq.gz	data/SH13529.R2.fq.gz
SH13531	ILLUMINA	data/SH13531.R1.fq.gz	data/SH13531.R2.fq.gz
SH13532	ILLUMINA	data/SH13532.R1.fq.gz	data/SH13532.R2.fq.gz
SH13534	ILLUMINA	data/SH13534.R1.fq.gz	data/SH13534.R2.fq.gz
SH13535	ILLUMINA	data/SH13535.R1.fq.gz	data/SH13535.R2.fq.gz
SH13536	ILLUMINA	data/SH13536.R1.fq.gz	data/SH13536.R2.fq.gz
SH13537	ILLUMINA	data/SH13537.R1.fq.gz	data/SH13537.R2.fq.gz
SH13538	ILLUMINA	data/SH13538.R1.fq.gz	data/SH13538.R2.fq.gz
SH13539	ILLUMINA	data/SH13539.R1.fq.gz	data/SH13539.R2.fq.gz
SH13540	ILLUMINA	data/SH13540.R1.fq.gz	data/SH13540.R2.fq.gz
SH13542	ILLUMINA	data/SH13542.R1.fq.gz	data/SH13542.R2.fq.gz
SH13543	ILLUMINA	data/SH13543.R1.fq.gz	data/SH13543.R2.fq.gz
SH13544	ILLUMINA	data/SH13544.R1.fq.gz	data/SH13544.R2.fq.gz
SH13546	ILLUMINA	data/SH13546.R1.fq.gz	data/SH13546.R2.fq.gz
SH13547	ILLUMINA	data/SH13547.R1.fq.gz	data/SH13547.R2.fq.gz
SH13548	ILLUMINA	data/SH13548.R1.fq.gz	data/SH13548.R2.fq.gz
SH13549	ILLUMINA	data/SH13549.R1.fq.gz	data/SH13549.R2.fq.gz
SH13550	ILLUMINA	data/SH13550.R1.fq.gz	data/SH13550.R2.fq.gz
SH13551	ILLUMINA	data/SH13551.R1.fq.gz	data/SH13551.R2.fq.gz
SH13552	ILLUMINA	data/SH13552.R1.fq.gz	data/SH13552.R2.fq.gz
SH13554	ILLUMINA	data/SH13554.R1.fq.gz	data/SH13554.R2.fq.gz
SH13555	ILLUMINA	data/SH13555.R1.fq.gz	data/SH13555.R2.fq.gz
SH13556	ILLUMINA	data/SH13556.R1.fq.gz	data/SH13556.R2.fq.gz
SH13558	ILLUMINA	data/SH13558.R1.fq.gz	data/SH13558.R2.fq.gz
SH13559	ILLUMINA	data/SH13559.R1.fq.gz	data/SH13559.R2.fq.gz
SH13560	ILLUMINA	data/SH13560.R1.fq.gz	data/SH13560.R2.fq.gz
SH13561	ILLUMINA	data/SH13561.R1.fq.gz	data/SH13561.R2.fq.gz
SH13562	ILLUMINA	data/SH13562.R1.fq.gz	data/SH13562.R2.fq.gz
SH13563	ILLUMINA	data/SH13563.R1.fq.gz	data/SH13563.R2.fq.gz
SH13564	ILLUMINA	data/SH13564.R1.fq.gz	data/SH13564.R2.fq.gz
SH13565	ILLUMINA	data/SH13565.R1.fq.gz	data/SH13565.R2.fq.gz
SH13566	ILLUMINA	data/SH13566.R1.fq.gz	data/SH13566.R2.fq.gz
SH13568	ILLUMINA	data/SH13568.R1.fq.gz	data/SH13568.R2.fq.gz
SH13570	ILLUMINA	data/SH13570.R1.fq.gz	data/SH13570.R2.fq.gz
SH13571	ILLUMINA	data/SH13571.R1.fq.gz	data/SH13571.R2.fq.gz
SH13573	ILLUMINA	data/SH13573.R1.fq.gz	data/SH13573.R2.fq.gz
SH13574	ILLUMINA	data/SH13574.R1.fq.gz	data/SH13574.R2.fq.gz
SH13577	ILLUMINA	data/SH13577.R1.fq.gz	data/SH13577.R2.fq.gz
SH13578	ILLUMINA	data/SH13578.R1.fq.gz	data/SH13578.R2.fq.gz
SH13579	ILLUMINA	data/SH13579.R1.fq.gz	data/SH13579.R2.fq.gz
SH13580	ILLUMINA	data/SH13580.R1.fq.gz	data/SH13580.R2.fq.gz
SH13582	ILLUMINA	data/SH13582.R1.fq.gz	data/SH13582.R2.fq.gz
SH13583	ILLUMINA	data/SH13583.R1.fq.gz	data/SH13583.R2.fq.gz
SH13584	ILLUMINA	data/SH13584.R1.fq.gz	data/SH13584.R2.fq.gz
SH13586	ILLUMINA	data/SH13586.R1.fq.gz	data/SH13586.R2.fq.gz
SH13588	ILLUMINA	data/SH13588.R1.fq.gz	data/SH13588.R2.fq.gz
SH13589	ILLUMINA	data/SH13589.R1.fq.gz	data/SH13589.R2.fq.gz
SH13591	ILLUMINA	data/SH13591.R1.fq.gz	data/SH13591.R2.fq.gz
SH13592	ILLUMINA	data/SH13592.R1.fq.gz	data/SH13592.R2.fq.gz
SH13593	ILLUMINA	data/SH13593.R1.fq.gz	data/SH13593.R2.fq.gz
SH13594	ILLUMINA	data/SH13594.R1.fq.gz	data/SH13594.R2.fq.gz
SH13595	ILLUMINA	data/SH13595.R1.fq.gz	data/SH13595.R2.fq.gz
SH13596	ILLUMINA	data/SH13596.R1.fq.gz	data/SH13596.R2.fq.gz
SH13597	ILLUMINA	data/SH13597.R1.fq.gz	data/SH13597.R2.fq.gz
SH13598	ILLUMINA	data/SH13598.R1.fq.gz	data/SH13598.R2.fq.gz
SH13599	ILLUMINA	data/SH13599.R1.fq.gz	data/SH13599.R2.fq.gz
SH13600	ILLUMINA	data/SH13600.R1.fq.gz	data/SH13600.R2.fq.gz
SH13601	ILLUMINA	data/SH13601.R1.fq.gz	data/SH13601.R2.fq.gz
SH13602	ILLUMINA	data/SH13602.R1.fq.gz	data/SH13602.R2.fq.gz
SH13603	ILLUMINA	data/SH13603.R1.fq.gz	data/SH13603.R2.fq.gz
SH13604	ILLUMINA	data/SH13604.R1.fq.gz	data/SH13604.R2.fq.gz
SH13606	ILLUMINA	data/SH13606.R1.fq.gz	data/SH13606.R2.fq.gz
SH13607	ILLUMINA	data/SH13607.R1.fq.gz	data/SH13607.R2.fq.gz
SH13608	ILLUMINA	data/SH13608.R1.fq.gz	data/SH13608.R2.fq.gz
SH13609	ILLUMINA	data/SH13609.R1.fq.gz	data/SH13609.R2.fq.gz
SH13610	ILLUMINA	data/SH13610.R1.fq.gz	data/SH13610.R2.fq.gz
SH13611	ILLUMINA	data/SH13611.R1.fq.gz	data/SH13611.R2.fq.gz
SH13612	ILLUMINA	data/SH13612.R1.fq.gz	data/SH13612.R2.fq.gz
SH13613	ILLUMINA	data/SH13613.R1.fq.gz	data/SH13613.R2.fq.gz
SH13614	ILLUMINA	data/SH13614.R1.fq.gz	data/SH13614.R2.fq.gz
SH13615	ILLUMINA	data/SH13615.R1.fq.gz	data/SH13615.R2.fq.gz
SH13616	ILLUMINA	data/SH13616.R1.fq.gz	data/SH13616.R2.fq.gz
SH13617	ILLUMINA	data/SH13617.R1.fq.gz	data/SH13617.R2.fq.gz
SH13618	ILLUMINA	data/SH13618.R1.fq.gz	data/SH13618.R2.fq.gz
SH13619	ILLUMINA	data/SH13619.R1.fq.gz	data/SH13619.R2.fq.gz
SH13620	ILLUMINA	data/SH13620.R1.fq.gz	data/SH13620.R2.fq.gz
SH13621	ILLUMINA	data/SH13621.R1.fq.gz	data/SH13621.R2.fq.gz
SH13622	ILLUMINA	data/SH13622.R1.fq.gz	data/SH13622.R2.fq.gz
SH13623	ILLUMINA	data/SH13623.R1.fq.gz	data/SH13623.R2.fq.gz
SH13624	ILLUMINA	data/SH13624.R1.fq.gz	data/SH13624.R2.fq.gz
SH13625	ILLUMINA	data/SH13625.R1.fq.gz	data/SH13625.R2.fq.gz
SH13626	ILLUMINA	data/SH13626.R1.fq.gz	data/SH13626.R2.fq.gz
SH13627	ILLUMINA	data/SH13627.R1.fq.gz	data/SH13627.R2.fq.gz
SH13628	ILLUMINA	data/SH13628.R1.fq.gz	data/SH13628.R2.fq.gz
SH13629	ILLUMINA	data/SH13629.R1.fq.gz	data/SH13629.R2.fq.gz
SH13630	ILLUMINA	data/SH13630.R1.fq.gz	data/SH13630.R2.fq.gz
SH13631	ILLUMINA	data/SH13631.R1.fq.gz	data/SH13631.R2.fq.gz
SH13633	ILLUMINA	data/SH13633.R1.fq.gz	data/SH13633.R2.fq.gz
SH13634	ILLUMINA	data/SH13634.R1.fq.gz	data/SH13634.R2.fq.gz
SH13635	ILLUMINA	data/SH13635.R1.fq.gz	data/SH13635.R2.fq.gz
SH13636	ILLUMINA	data/SH13636.R1.fq.gz	data/SH13636.R2.fq.gz
SH13637	ILLUMINA	data/SH13637.R1.fq.gz	data/SH13637.R2.fq.gz
SH13638	ILLUMINA	data/SH13638.R1.fq.gz	data/SH13638.R2.fq.gz
SH13639	ILLUMINA	data/SH13639.R1.fq.gz	data/SH13639.R2.fq.gz
SH13640	ILLUMINA	data/SH13640.R1.fq.gz	data/SH13640.R2.fq.gz
SH13641	ILLUMINA	data/SH13641.R1.fq.gz	data/SH13641.R2.fq.gz
SH13642	ILLUMINA	data/SH13642.R1.fq.gz	data/SH13642.R2.fq.gz
SH13643	ILLUMINA	data/SH13643.R1.fq.gz	data/SH13643.R2.fq.gz
SH13644	ILLUMINA	data/SH13644.R1.fq.gz	data/SH13644.R2.fq.gz
SH13645	ILLUMINA	data/SH13645.R1.fq.gz	data/SH13645.R2.fq.gz
SH13646	ILLUMINA	data/SH13646.R1.fq.gz	data/SH13646.R2.fq.gz
SH13647	ILLUMINA	data/SH13647.R1.fq.gz	data/SH13647.R2.fq.gz
SH13648	ILLUMINA	data/SH13648.R1.fq.gz	data/SH13648.R2.fq.gz
SH13649	ILLUMINA	data/SH13649.R1.fq.gz	data/SH13649.R2.fq.gz
SH13650	ILLUMINA	data/SH13650.R1.fq.gz	data/SH13650.R2.fq.gz
SH13651	ILLUMINA	data/SH13651.R1.fq.gz	data/SH13651.R2.fq.gz
SH13652	ILLUMINA	data/SH13652.R1.fq.gz	data/SH13652.R2.fq.gz
SH13653	ILLUMINA	data/SH13653.R1.fq.gz	data/SH13653.R2.fq.gz
SH13654	ILLUMINA	data/SH13654.R1.fq.gz	data/SH13654.R2.fq.gz
SH13655	ILLUMINA	data/SH13655.R1.fq.gz	data/SH13655.R2.fq.gz
SH13656	ILLUMINA	data/SH13656.R1.fq.gz	data/SH13656.R2.fq.gz
SH13657	ILLUMINA	data/SH13657.R1.fq.gz	data/SH13657.R2.fq.gz
SH13658	ILLUMINA	data/SH13658.R1.fq.gz	data/SH13658.R2.fq.gz
SH13659	ILLUMINA	data/SH13659.R1.fq.gz	data/SH13659.R2.fq.gz
SH13660	ILLUMINA	data/SH13660.R1.fq.gz	data/SH13660.R2.fq.gz
SH13661	ILLUMINA	data/SH13661.R1.fq.gz	data/SH13661.R2.fq.gz
SH13662	ILLUMINA	data/SH13662.R1.fq.gz	data/SH13662.R2.fq.gz
SH13663	ILLUMINA	data/SH13663.R1.fq.gz	data/SH13663.R2.fq.gz
SH13665	ILLUMINA	data/SH13665.R1.fq.gz	data/SH13665.R2.fq.gz
SH13666	ILLUMINA	data/SH13666.R1.fq.gz	data/SH13666.R2.fq.gz
SH13667	ILLUMINA	data/SH13667.R1.fq.gz	data/SH13667.R2.fq.gz
SH13668	ILLUMINA	data/SH13668.R1.fq.gz	data/SH13668.R2.fq.gz
SH13669	ILLUMINA	data/SH13669.R1.fq.gz	data/SH13669.R2.fq.gz
SH13670	ILLUMINA	data/SH13670.R1.fq.gz	data/SH13670.R2.fq.gz
SH13671	ILLUMINA	data/SH13671.R1.fq.gz	data/SH13671.R2.fq.gz
SH13672	ILLUMINA	data/SH13672.R1.fq.gz	data/SH13672.R2.fq.gz
SH13673	ILLUMINA	data/SH13673.R1.fq.gz	data/SH13673.R2.fq.gz
SH13674	ILLUMINA	data/SH13674.R1.fq.gz	data/SH13674.R2.fq.gz
SH13675	ILLUMINA	data/SH13675.R1.fq.gz	data/SH13675.R2.fq.gz
SH13677	ILLUMINA	data/SH13677.R1.fq.gz	data/SH13677.R2.fq.gz
SH13678	ILLUMINA	data/SH13678.R1.fq.gz	data/SH13678.R2.fq.gz
SH13679	ILLUMINA	data/SH13679.R1.fq.gz	data/SH13679.R2.fq.gz
SH13680	ILLUMINA	data/SH13680.R1.fq.gz	data/SH13680.R2.fq.gz
SH13681	ILLUMINA	data/SH13681.R1.fq.gz	data/SH13681.R2.fq.gz
SH13682	ILLUMINA	data/SH13682.R1.fq.gz	data/SH13682.R2.fq.gz
SH13683	ILLUMINA	data/SH13683.R1.fq.gz	data/SH13683.R2.fq.gz
SH13684	ILLUMINA	data/SH13684.R1.fq.gz	data/SH13684.R2.fq.gz
SH13685	ILLUMINA	data/SH13685.R1.fq.gz	data/SH13685.R2.fq.gz
SH13686	ILLUMINA	data/SH13686.R1.fq.gz	data/SH13686.R2.fq.gz
SH00772	ILLUMINA	data/SH00772.R1.fq.gz	data/SH00772.R2.fq.gz
SH00773	ILLUMINA	data/SH00773.R1.fq.gz	data/SH00773.R2.fq.gz
SH00774	ILLUMINA	data/SH00774.R1.fq.gz	data/SH00774.R2.fq.gz
SH00775	ILLUMINA	data/SH00775.R1.fq.gz	data/SH00775.R2.fq.gz
SH00776	ILLUMINA	data/SH00776.R1.fq.gz	data/SH00776.R2.fq.gz
SH00777	ILLUMINA	data/SH00777.R1.fq.gz	data/SH00777.R2.fq.gz
SH00778	ILLUMINA	data/SH00778.R1.fq.gz	data/SH00778.R2.fq.gz
SH00779	ILLUMINA	data/SH00779.R1.fq.gz	data/SH00779.R2.fq.gz
SH00780	ILLUMINA	data/SH00780.R1.fq.gz	data/SH00780.R2.fq.gz
SH00781	ILLUMINA	data/SH00781.R1.fq.gz	data/SH00781.R2.fq.gz
SH00782	ILLUMINA	data/SH00782.R1.fq.gz	data/SH00782.R2.fq.gz
SH00783	ILLUMINA	data/SH00783.R1.fq.gz	data/SH00783.R2.fq.gz
SH00784	ILLUMINA	data/SH00784.R1.fq.gz	data/SH00784.R2.fq.gz
SH00786	ILLUMINA	data/SH00786.R1.fq.gz	data/SH00786.R2.fq.gz
SH00787	ILLUMINA	data/SH00787.R1.fq.gz	data/SH00787.R2.fq.gz
SH00788	ILLUMINA	data/SH00788.R1.fq.gz	data/SH00788.R2.fq.gz
SH00789	ILLUMINA	data/SH00789.R1.fq.gz	data/SH00789.R2.fq.gz
SH00790	ILLUMINA	data/SH00790.R1.fq.gz	data/SH00790.R2.fq.gz
SH00791	ILLUMINA	data/SH00791.R1.fq.gz	data/SH00791.R2.fq.gz
SH00792	ILLUMINA	data/SH00792.R1.fq.gz	data/SH00792.R2.fq.gz
SH00793	ILLUMINA	data/SH00793.R1.fq.gz	data/SH00793.R2.fq.gz
SH00794	ILLUMINA	data/SH00794.R1.fq.gz	data/SH00794.R2.fq.gz
SH00795	ILLUMINA	data/SH00795.R1.fq.gz	data/SH00795.R2.fq.gz
SH00796	ILLUMINA	data/SH00796.R1.fq.gz	data/SH00796.R2.fq.gz
SH00797	ILLUMINA	data/SH00797.R1.fq.gz	data/SH00797.R2.fq.gz
SH00798	ILLUMINA	data/SH00798.R1.fq.gz	data/SH00798.R2.fq.gz
SH00799	ILLUMINA	data/SH00799.R1.fq.gz	data/SH00799.R2.fq.gz
SH00800	ILLUMINA	data/SH00800.R1.fq.gz	data/SH00800.R2.fq.gz
SH00801	ILLUMINA	data/SH00801.R1.fq.gz	data/SH00801.R2.fq.gz
SH00803	ILLUMINA	data/SH00803.R1.fq.gz	data/SH00803.R2.fq.gz
SH00804	ILLUMINA	data/SH00804.R1.fq.gz	data/SH00804.R2.fq.gz
SH00805	ILLUMINA	data/SH00805.R1.fq.gz	data/SH00805.R2.fq.gz
SH00806	ILLUMINA	data/SH00806.R1.fq.gz	data/SH00806.R2.fq.gz
SH00807	ILLUMINA	data/SH00807.R1.fq.gz	data/SH00807.R2.fq.gz
SH00808	ILLUMINA	data/SH00808.R1.fq.gz	data/SH00808.R2.fq.gz
SH00809	ILLUMINA	data/SH00809.R1.fq.gz	data/SH00809.R2.fq.gz
SH00810	ILLUMINA	data/SH00810.R1.fq.gz	data/SH00810.R2.fq.gz
SH00812	ILLUMINA	data/SH00812.R1.fq.gz	data/SH00812.R2.fq.gz
SH00813	ILLUMINA	data/SH00813.R1.fq.gz	data/SH00813.R2.fq.gz
SH00814	ILLUMINA	data/SH00814.R1.fq.gz	data/SH00814.R2.fq.gz
SH00815	ILLUMINA	data/SH00815.R1.fq.gz	data/SH00815.R2.fq.gz
SH00816	ILLUMINA	data/SH00816.R1.fq.gz	data/SH00816.R2.fq.gz
SH00818	ILLUMINA	data/SH00818.R1.fq.gz	data/SH00818.R2.fq.gz
SH00819	ILLUMINA	data/SH00819.R1.fq.gz	data/SH00819.R2.fq.gz
SH00821	ILLUMINA	data/SH00821.R1.fq.gz	data/SH00821.R2.fq.gz
SH00822	ILLUMINA	data/SH00822.R1.fq.gz	data/SH00822.R2.fq.gz
SH00823	ILLUMINA	data/SH00823.R1.fq.gz	data/SH00823.R2.fq.gz
SH00824	ILLUMINA	data/SH00824.R1.fq.gz	data/SH00824.R2.fq.gz
SH00825	ILLUMINA	data/SH00825.R1.fq.gz	data/SH00825.R2.fq.gz
SH00826	ILLUMINA	data/SH00826.R1.fq.gz	data/SH00826.R2.fq.gz
SH00827	ILLUMINA	data/SH00827.R1.fq.gz	data/SH00827.R2.fq.gz
SH00828	ILLUMINA	data/SH00828.R1.fq.gz	data/SH00828.R2.fq.gz
SH00829	ILLUMINA	data/SH00829.R1.fq.gz	data/SH00829.R2.fq.gz
SH00830	ILLUMINA	data/SH00830.R1.fq.gz	data/SH00830.R2.fq.gz
SH00831	ILLUMINA	data/SH00831.R1.fq.gz	data/SH00831.R2.fq.gz
SH00833	ILLUMINA	data/SH00833.R1.fq.gz	data/SH00833.R2.fq.gz
SH00835	ILLUMINA	data/SH00835.R1.fq.gz	data/SH00835.R2.fq.gz
SH00836	ILLUMINA	data/SH00836.R1.fq.gz	data/SH00836.R2.fq.gz
SH00837	ILLUMINA	data/SH00837.R1.fq.gz	data/SH00837.R2.fq.gz
SH00838	ILLUMINA	data/SH00838.R1.fq.gz	data/SH00838.R2.fq.gz
SH00839	ILLUMINA	data/SH00839.R1.fq.gz	data/SH00839.R2.fq.gz
SH00840	ILLUMINA	data/SH00840.R1.fq.gz	data/SH00840.R2.fq.gz
SH00841	ILLUMINA	data/SH00841.R1.fq.gz	data/SH00841.R2.fq.gz
SH00842	ILLUMINA	data/SH00842.R1.fq.gz	data/SH00842.R2.fq.gz
SH00843	ILLUMINA	data/SH00843.R1.fq.gz	data/SH00843.R2.fq.gz
SH00844	ILLUMINA	data/SH00844.R1.fq.gz	data/SH00844.R2.fq.gz
SH00845	ILLUMINA	data/SH00845.R1.fq.gz	data/SH00845.R2.fq.gz
SH00847	ILLUMINA	data/SH00847.R1.fq.gz	data/SH00847.R2.fq.gz
SH00848	ILLUMINA	data/SH00848.R1.fq.gz	data/SH00848.R2.fq.gz
SH00849	ILLUMINA	data/SH00849.R1.fq.gz	data/SH00849.R2.fq.gz
SH00850	ILLUMINA	data/SH00850.R1.fq.gz	data/SH00850.R2.fq.gz
SH00851	ILLUMINA	data/SH00851.R1.fq.gz	data/SH00851.R2.fq.gz
SH00852	ILLUMINA	data/SH00852.R1.fq.gz	data/SH00852.R2.fq.gz
SH00853	ILLUMINA	data/SH00853.R1.fq.gz	data/SH00853.R2.fq.gz
SH00854	ILLUMINA	data/SH00854.R1.fq.gz	data/SH00854.R2.fq.gz
SH00855	ILLUMINA	data/SH00855.R1.fq.gz	data/SH00855.R2.fq.gz
SH00856	ILLUMINA	data/SH00856.R1.fq.gz	data/SH00856.R2.fq.gz
SH00857	ILLUMINA	data/SH00857.R1.fq.gz	data/SH00857.R2.fq.gz
SH00858	ILLUMINA	data/SH00858.R1.fq.gz	data/SH00858.R2.fq.gz
SH00859	ILLUMINA	data/SH00859.R1.fq.gz	data/SH00859.R2.fq.gz
SH00860	ILLUMINA	data/SH00860.R1.fq.gz	data/SH00860.R2.fq.gz
SH00861	ILLUMINA	data/SH00861.R1.fq.gz	data/SH00861.R2.fq.gz
SH00862	ILLUMINA	data/SH00862.R1.fq.gz	data/SH00862.R2.fq.gz
SH00863	ILLUMINA	data/SH00863.R1.fq.gz	data/SH00863.R2.fq.gz
SH00864	ILLUMINA	data/SH00864.R1.fq.gz	data/SH00864.R2.fq.gz
SH00865	ILLUMINA	data/SH00865.R1.fq.gz	data/SH00865.R2.fq.gz
SH00866	ILLUMINA	data/SH00866.R1.fq.gz	data/SH00866.R2.fq.gz
SH00867	ILLUMINA	data/SH00867.R1.fq.gz	data/SH00867.R2.fq.gz
SH00868	ILLUMINA	data/SH00868.R1.fq.gz	data/SH00868.R2.fq.gz
SH00869	ILLUMINA	data/SH00869.R1.fq.gz	data/SH00869.R2.fq.gz
SH00870	ILLUMINA	data/SH00870.R1.fq.gz	data/SH00870.R2.fq.gz
SH00871	ILLUMINA	data/SH00871.R1.fq.gz	data/SH00871.R2.fq.gz
SH00872	ILLUMINA	data/SH00872.R1.fq.gz	data/SH00872.R2.fq.gz
SH00873	ILLUMINA	data/SH00873.R1.fq.gz	data/SH00873.R2.fq.gz
SH00874	ILLUMINA	data/SH00874.R1.fq.gz	data/SH00874.R2.fq.gz
SH00875	ILLUMINA	data/SH00875.R1.fq.gz	data/SH00875.R2.fq.gz
SH00876	ILLUMINA	data/SH00876.R1.fq.gz	data/SH00876.R2.fq.gz
SH00877	ILLUMINA	data/SH00877.R1.fq.gz	data/SH00877.R2.fq.gz
SH00878	ILLUMINA	data/SH00878.R1.fq.gz	data/SH00878.R2.fq.gz
SH00879	ILLUMINA	data/SH00879.R1.fq.gz	data/SH00879.R2.fq.gz
SH00880	ILLUMINA	data/SH00880.R1.fq.gz	data/SH00880.R2.fq.gz
SH00881	ILLUMINA	data/SH00881.R1.fq.gz	data/SH00881.R2.fq.gz
SH00882	ILLUMINA	data/SH00882.R1.fq.gz	data/SH00882.R2.fq.gz
SH00883	ILLUMINA	data/SH00883.R1.fq.gz	data/SH00883.R2.fq.gz
SH00884	ILLUMINA	data/SH00884.R1.fq.gz	data/SH00884.R2.fq.gz
SH00885	ILLUMINA	data/SH00885.R1.fq.gz	data/SH00885.R2.fq.gz
SH00886	ILLUMINA	data/SH00886.R1.fq.gz	data/SH00886.R2.fq.gz
SH00887	ILLUMINA	data/SH00887.R1.fq.gz	data/SH00887.R2.fq.gz
SH00888	ILLUMINA	data/SH00888.R1.fq.gz	data/SH00888.R2.fq.gz
SH00889	ILLUMINA	data/SH00889.R1.fq.gz	data/SH00889.R2.fq.gz
SH00890	ILLUMINA	data/SH00890.R1.fq.gz	data/SH00890.R2.fq.gz
SH00891	ILLUMINA	data/SH00891.R1.fq.gz	data/SH00891.R2.fq.gz
SH00892	ILLUMINA	data/SH00892.R1.fq.gz	data/SH00892.R2.fq.gz
SH00893	ILLUMINA	data/SH00893.R1.fq.gz	data/SH00893.R2.fq.gz
SH00894	ILLUMINA	data/SH00894.R1.fq.gz	data/SH00894.R2.fq.gz
SH00895	ILLUMINA	data/SH00895.R1.fq.gz	data/SH00895.R2.fq.gz
SH00896	ILLUMINA	data/SH00896.R1.fq.gz	data/SH00896.R2.fq.gz
SH00897	ILLUMINA	data/SH00897.R1.fq.gz	data/SH00897.R2.fq.gz
SH00898	ILLUMINA	data/SH00898.R1.fq.gz	data/SH00898.R2.fq.gz
SH00899	ILLUMINA	data/SH00899.R1.fq.gz	data/SH00899.R2.fq.gz
SH00900	ILLUMINA	data/SH00900.R1.fq.gz	data/SH00900.R2.fq.gz
SH00901	ILLUMINA	data/SH00901.R1.fq.gz	data/SH00901.R2.fq.gz
SH00902	ILLUMINA	data/SH00902.R1.fq.gz	data/SH00902.R2.fq.gz
SH00903	ILLUMINA	data/SH00903.R1.fq.gz	data/SH00903.R2.fq.gz
SH00904	ILLUMINA	data/SH00904.R1.fq.gz	data/SH00904.R2.fq.gz
SH00905	ILLUMINA	data/SH00905.R1.fq.gz	data/SH00905.R2.fq.gz
SH00906	ILLUMINA	data/SH00906.R1.fq.gz	data/SH00906.R2.fq.gz
SH00907	ILLUMINA	data/SH00907.R1.fq.gz	data/SH00907.R2.fq.gz
SH00908	ILLUMINA	data/SH00908.R1.fq.gz	data/SH00908.R2.fq.gz
SH00909	ILLUMINA	data/SH00909.R1.fq.gz	data/SH00909.R2.fq.gz
SH00910	ILLUMINA	data/SH00910.R1.fq.gz	data/SH00910.R2.fq.gz
SH00911	ILLUMINA	data/SH00911.R1.fq.gz	data/SH00911.R2.fq.gz
SH00912	ILLUMINA	data/SH00912.R1.fq.gz	data/SH00912.R2.fq.gz
SH00913	ILLUMINA	data/SH00913.R1.fq.gz	data/SH00913.R2.fq.gz
SH00914	ILLUMINA	data/SH00914.R1.fq.gz	data/SH00914.R2.fq.gz
SH00915	ILLUMINA	data/SH00915.R1.fq.gz	data/SH00915.R2.fq.gz
SH00916	ILLUMINA	data/SH00916.R1.fq.gz	data/SH00916.R2.fq.gz
SH00917	ILLUMINA	data/SH00917.R1.fq.gz	data/SH00917.R2.fq.gz
SH00918	ILLUMINA	data/SH00918.R1.fq.gz	data/SH00918.R2.fq.gz
SH00943	ILLUMINA	data/SH00943.R1.fq.gz	data/SH00943.R2.fq.gz
SH00944	ILLUMINA	data/SH00944.R1.fq.gz	data/SH00944.R2.fq.gz
SH00945	ILLUMINA	data/SH00945.R1.fq.gz	data/SH00945.R2.fq.gz
SH00946	ILLUMINA	data/SH00946.R1.fq.gz	data/SH00946.R2.fq.gz
SH00947	ILLUMINA	data/SH00947.R1.fq.gz	data/SH00947.R2.fq.gz
SH00948	ILLUMINA	data/SH00948.R1.fq.gz	data/SH00948.R2.fq.gz
SH00949	ILLUMINA	data/SH00949.R1.fq.gz	data/SH00949.R2.fq.gz
SH00950	ILLUMINA	data/SH00950.R1.fq.gz	data/SH00950.R2.fq.gz
SH00951	ILLUMINA	data/SH00951.R1.fq.gz	data/SH00951.R2.fq.gz
SH00952	ILLUMINA	data/SH00952.R1.fq.gz	data/SH00952.R2.fq.gz
SH00954	ILLUMINA	data/SH00954.R1.fq.gz	data/SH00954.R2.fq.gz
SH00955	ILLUMINA	data/SH00955.R1.fq.gz	data/SH00955.R2.fq.gz
SH00956	ILLUMINA	data/SH00956.R1.fq.gz	data/SH00956.R2.fq.gz
SH00957	ILLUMINA	data/SH00957.R1.fq.gz	data/SH00957.R2.fq.gz
SH00958	ILLUMINA	data/SH00958.R1.fq.gz	data/SH00958.R2.fq.gz
SH00959	ILLUMINA	data/SH00959.R1.fq.gz	data/SH00959.R2.fq.gz
SH00960	ILLUMINA	data/SH00960.R1.fq.gz	data/SH00960.R2.fq.gz
SH00961	ILLUMINA	data/SH00961.R1.fq.gz	data/SH00961.R2.fq.gz
SH00962	ILLUMINA	data/SH00962.R1.fq.gz	data/SH00962.R2.fq.gz
SH00963	ILLUMINA	data/SH00963.R1.fq.gz	data/SH00963.R2.fq.gz
SH00964	ILLUMINA	data/SH00964.R1.fq.gz	data/SH00964.R2.fq.gz
SH00965	ILLUMINA	data/SH00965.R1.fq.gz	data/SH00965.R2.fq.gz
SH00966	ILLUMINA	data/SH00966.R1.fq.gz	data/SH00966.R2.fq.gz
SH00967	ILLUMINA	data/SH00967.R1.fq.gz	data/SH00967.R2.fq.gz
SH00968	ILLUMINA	data/SH00968.R1.fq.gz	data/SH00968.R2.fq.gz
SH00969	ILLUMINA	data/SH00969.R1.fq.gz	data/SH00969.R2.fq.gz
SH00971	ILLUMINA	data/SH00971.R1.fq.gz	data/SH00971.R2.fq.gz
SH00972	ILLUMINA	data/SH00972.R1.fq.gz	data/SH00972.R2.fq.gz
SH00973	ILLUMINA	data/SH00973.R1.fq.gz	data/SH00973.R2.fq.gz
SH00975	ILLUMINA	data/SH00975.R1.fq.gz	data/SH00975.R2.fq.gz
SH00976	ILLUMINA	data/SH00976.R1.fq.gz	data/SH00976.R2.fq.gz
SH00977	ILLUMINA	data/SH00977.R1.fq.gz	data/SH00977.R2.fq.gz
SH00978	ILLUMINA	data/SH00978.R1.fq.gz	data/SH00978.R2.fq.gz
SH00980	ILLUMINA	data/SH00980.R1.fq.gz	data/SH00980.R2.fq.gz
SH00981	ILLUMINA	data/SH00981.R1.fq.gz	data/SH00981.R2.fq.gz
SH00982	ILLUMINA	data/SH00982.R1.fq.gz	data/SH00982.R2.fq.gz
SH00983	ILLUMINA	data/SH00983.R1.fq.gz	data/SH00983.R2.fq.gz
SH00984	ILLUMINA	data/SH00984.R1.fq.gz	data/SH00984.R2.fq.gz
SH00985	ILLUMINA	data/SH00985.R1.fq.gz	data/SH00985.R2.fq.gz
SH00986	ILLUMINA	data/SH00986.R1.fq.gz	data/SH00986.R2.fq.gz
SH00987	ILLUMINA	data/SH00987.R1.fq.gz	data/SH00987.R2.fq.gz
SH00989	ILLUMINA	data/SH00989.R1.fq.gz	data/SH00989.R2.fq.gz
SH00990	ILLUMINA	data/SH00990.R1.fq.gz	data/SH00990.R2.fq.gz
SH00991	ILLUMINA	data/SH00991.R1.fq.gz	data/SH00991.R2.fq.gz
SH00992	ILLUMINA	data/SH00992.R1.fq.gz	data/SH00992.R2.fq.gz
SH00993	ILLUMINA	data/SH00993.R1.fq.gz	data/SH00993.R2.fq.gz
SH00994	ILLUMINA	data/SH00994.R1.fq.gz	data/SH00994.R2.fq.gz
SH00995	ILLUMINA	data/SH00995.R1.fq.gz	data/SH00995.R2.fq.gz
SH00996	ILLUMINA	data/SH00996.R1.fq.gz	data/SH00996.R2.fq.gz
SH00997	ILLUMINA	data/SH00997.R1.fq.gz	data/SH00997.R2.fq.gz
SH00998	ILLUMINA	data/SH00998.R1.fq.gz	data/SH00998.R2.fq.gz
SH00999	ILLUMINA	data/SH00999.R1.fq.gz	data/SH00999.R2.fq.gz
SH01000	ILLUMINA	data/SH01000.R1.fq.gz	data/SH01000.R2.fq.gz
SH01001	ILLUMINA	data/SH01001.R1.fq.gz	data/SH01001.R2.fq.gz
SH01002	ILLUMINA	data/SH01002.R1.fq.gz	data/SH01002.R2.fq.gz
SH01003	ILLUMINA	data/SH01003.R1.fq.gz	data/SH01003.R2.fq.gz
SH01004	ILLUMINA	data/SH01004.R1.fq.gz	data/SH01004.R2.fq.gz
SH01005	ILLUMINA	data/SH01005.R1.fq.gz	data/SH01005.R2.fq.gz
SH01006	ILLUMINA	data/SH01006.R1.fq.gz	data/SH01006.R2.fq.gz
SH01008	ILLUMINA	data/SH01008.R1.fq.gz	data/SH01008.R2.fq.gz
SH01009	ILLUMINA	data/SH01009.R1.fq.gz	data/SH01009.R2.fq.gz
SH01010	ILLUMINA	data/SH01010.R1.fq.gz	data/SH01010.R2.fq.gz
SH01011	ILLUMINA	data/SH01011.R1.fq.gz	data/SH01011.R2.fq.gz
SH01012	ILLUMINA	data/SH01012.R1.fq.gz	data/SH01012.R2.fq.gz
SH01013	ILLUMINA	data/SH01013.R1.fq.gz	data/SH01013.R2.fq.gz
SH01014	ILLUMINA	data/SH01014.R1.fq.gz	data/SH01014.R2.fq.gz
SH01015	ILLUMINA	data/SH01015.R1.fq.gz	data/SH01015.R2.fq.gz
SH01016	ILLUMINA	data/SH01016.R1.fq.gz	data/SH01016.R2.fq.gz
SH01017	ILLUMINA	data/SH01017.R1.fq.gz	data/SH01017.R2.fq.gz
SH01018	ILLUMINA	data/SH01018.R1.fq.gz	data/SH01018.R2.fq.gz
SH01020	ILLUMINA	data/SH01020.R1.fq.gz	data/SH01020.R2.fq.gz
SH01021	ILLUMINA	data/SH01021.R1.fq.gz	data/SH01021.R2.fq.gz
SH01023	ILLUMINA	data/SH01023.R1.fq.gz	data/SH01023.R2.fq.gz
SH01024	ILLUMINA	data/SH01024.R1.fq.gz	data/SH01024.R2.fq.gz
SH01025	ILLUMINA	data/SH01025.R1.fq.gz	data/SH01025.R2.fq.gz
SH01027	ILLUMINA	data/SH01027.R1.fq.gz	data/SH01027.R2.fq.gz
SH01028	ILLUMINA	data/SH01028.R1.fq.gz	data/SH01028.R2.fq.gz
SH01029	ILLUMINA	data/SH01029.R1.fq.gz	data/SH01029.R2.fq.gz
SH01030	ILLUMINA	data/SH01030.R1.fq.gz	data/SH01030.R2.fq.gz
SH01031	ILLUMINA	data/SH01031.R1.fq.gz	data/SH01031.R2.fq.gz
SH01213	ILLUMINA	data/SH01213.R1.fq.gz	data/SH01213.R2.fq.gz
SH01214	ILLUMINA	data/SH01214.R1.fq.gz	data/SH01214.R2.fq.gz
SH01215	ILLUMINA	data/SH01215.R1.fq.gz	data/SH01215.R2.fq.gz
SH01216	ILLUMINA	data/SH01216.R1.fq.gz	data/SH01216.R2.fq.gz
SH01353	ILLUMINA	data/SH01353.R1.fq.gz	data/SH01353.R2.fq.gz
SH01354	ILLUMINA	data/SH01354.R1.fq.gz	data/SH01354.R2.fq.gz
SH01355	ILLUMINA	data/SH01355.R1.fq.gz	data/SH01355.R2.fq.gz
SH01356	ILLUMINA	data/SH01356.R1.fq.gz	data/SH01356.R2.fq.gz
SH01357	ILLUMINA	data/SH01357.R1.fq.gz	data/SH01357.R2.fq.gz
SH01358	ILLUMINA	data/SH01358.R1.fq.gz	data/SH01358.R2.fq.gz
SH01359	ILLUMINA	data/SH01359.R1.fq.gz	data/SH01359.R2.fq.gz
SH01360	ILLUMINA	data/SH01360.R1.fq.gz	data/SH01360.R2.fq.gz
SH01361	ILLUMINA	data/SH01361.R1.fq.gz	data/SH01361.R2.fq.gz
SH01362	ILLUMINA	data/SH01362.R1.fq.gz	data/SH01362.R2.fq.gz
SH01363	ILLUMINA	data/SH01363.R1.fq.gz	data/SH01363.R2.fq.gz
SH01364	ILLUMINA	data/SH01364.R1.fq.gz	data/SH01364.R2.fq.gz
SH01365	ILLUMINA	data/SH01365.R1.fq.gz	data/SH01365.R2.fq.gz
SH01366	ILLUMINA	data/SH01366.R1.fq.gz	data/SH01366.R2.fq.gz
SH01367	ILLUMINA	data/SH01367.R1.fq.gz	data/SH01367.R2.fq.gz
SH01368	ILLUMINA	data/SH01368.R1.fq.gz	data/SH01368.R2.fq.gz
SH01369	ILLUMINA	data/SH01369.R1.fq.gz	data/SH01369.R2.fq.gz
SH01370	ILLUMINA	data/SH01370.R1.fq.gz	data/SH01370.R2.fq.gz
SH01371	ILLUMINA	data/SH01371.R1.fq.gz	data/SH01371.R2.fq.gz
SH01372	ILLUMINA	data/SH01372.R1.fq.gz	data/SH01372.R2.fq.gz
SH01373	ILLUMINA	data/SH01373.R1.fq.gz	data/SH01373.R2.fq.gz
SH01375	ILLUMINA	data/SH01375.R1.fq.gz	data/SH01375.R2.fq.gz
SH01376	ILLUMINA	data/SH01376.R1.fq.gz	data/SH01376.R2.fq.gz
SH01377	ILLUMINA	data/SH01377.R1.fq.gz	data/SH01377.R2.fq.gz
SH01378	ILLUMINA	data/SH01378.R1.fq.gz	data/SH01378.R2.fq.gz
SH01379	ILLUMINA	data/SH01379.R1.fq.gz	data/SH01379.R2.fq.gz
SH01380	ILLUMINA	data/SH01380.R1.fq.gz	data/SH01380.R2.fq.gz
SH01381	ILLUMINA	data/SH01381.R1.fq.gz	data/SH01381.R2.fq.gz
SH01382	ILLUMINA	data/SH01382.R1.fq.gz	data/SH01382.R2.fq.gz
SH01383	ILLUMINA	data/SH01383.R1.fq.gz	data/SH01383.R2.fq.gz
SH01384	ILLUMINA	data/SH01384.R1.fq.gz	data/SH01384.R2.fq.gz
SH01385	ILLUMINA	data/SH01385.R1.fq.gz	data/SH01385.R2.fq.gz
SH01386	ILLUMINA	data/SH01386.R1.fq.gz	data/SH01386.R2.fq.gz
SH01387	ILLUMINA	data/SH01387.R1.fq.gz	data/SH01387.R2.fq.gz
SH01388	ILLUMINA	data/SH01388.R1.fq.gz	data/SH01388.R2.fq.gz
SH01389	ILLUMINA	data/SH01389.R1.fq.gz	data/SH01389.R2.fq.gz
SH01390	ILLUMINA	data/SH01390.R1.fq.gz	data/SH01390.R2.fq.gz
SH01391	ILLUMINA	data/SH01391.R1.fq.gz	data/SH01391.R2.fq.gz
SH01392	ILLUMINA	data/SH01392.R1.fq.gz	data/SH01392.R2.fq.gz
SH01393	ILLUMINA	data/SH01393.R1.fq.gz	data/SH01393.R2.fq.gz
SH01394	ILLUMINA	data/SH01394.R1.fq.gz	data/SH01394.R2.fq.gz
SH01395	ILLUMINA	data/SH01395.R1.fq.gz	data/SH01395.R2.fq.gz
SH01396	ILLUMINA	data/SH01396.R1.fq.gz	data/SH01396.R2.fq.gz
SH01398	ILLUMINA	data/SH01398.R1.fq.gz	data/SH01398.R2.fq.gz
SH01399	ILLUMINA	data/SH01399.R1.fq.gz	data/SH01399.R2.fq.gz
SH01400	ILLUMINA	data/SH01400.R1.fq.gz	data/SH01400.R2.fq.gz
SH01401	ILLUMINA	data/SH01401.R1.fq.gz	data/SH01401.R2.fq.gz
SH01402	ILLUMINA	data/SH01402.R1.fq.gz	data/SH01402.R2.fq.gz
SH01403	ILLUMINA	data/SH01403.R1.fq.gz	data/SH01403.R2.fq.gz
SH01404	ILLUMINA	data/SH01404.R1.fq.gz	data/SH01404.R2.fq.gz
SH01405	ILLUMINA	data/SH01405.R1.fq.gz	data/SH01405.R2.fq.gz
SH01406	ILLUMINA	data/SH01406.R1.fq.gz	data/SH01406.R2.fq.gz
SH01407	ILLUMINA	data/SH01407.R1.fq.gz	data/SH01407.R2.fq.gz
SH01408	ILLUMINA	data/SH01408.R1.fq.gz	data/SH01408.R2.fq.gz
SH01409	ILLUMINA	data/SH01409.R1.fq.gz	data/SH01409.R2.fq.gz
SH01410	ILLUMINA	data/SH01410.R1.fq.gz	data/SH01410.R2.fq.gz
SH01411	ILLUMINA	data/SH01411.R1.fq.gz	data/SH01411.R2.fq.gz
SH01412	ILLUMINA	data/SH01412.R1.fq.gz	data/SH01412.R2.fq.gz
SH01413	ILLUMINA	data/SH01413.R1.fq.gz	data/SH01413.R2.fq.gz
SH01414	ILLUMINA	data/SH01414.R1.fq.gz	data/SH01414.R2.fq.gz
SH01415	ILLUMINA	data/SH01415.R1.fq.gz	data/SH01415.R2.fq.gz
SH01416	ILLUMINA	data/SH01416.R1.fq.gz	data/SH01416.R2.fq.gz
SH01417	ILLUMINA	data/SH01417.R1.fq.gz	data/SH01417.R2.fq.gz
SH01418	ILLUMINA	data/SH01418.R1.fq.gz	data/SH01418.R2.fq.gz
SH01420	ILLUMINA	data/SH01420.R1.fq.gz	data/SH01420.R2.fq.gz
SH01421	ILLUMINA	data/SH01421.R1.fq.gz	data/SH01421.R2.fq.gz
SH01422	ILLUMINA	data/SH01422.R1.fq.gz	data/SH01422.R2.fq.gz
SH01423	ILLUMINA	data/SH01423.R1.fq.gz	data/SH01423.R2.fq.gz
SH01425	ILLUMINA	data/SH01425.R1.fq.gz	data/SH01425.R2.fq.gz
SH01426	ILLUMINA	data/SH01426.R1.fq.gz	data/SH01426.R2.fq.gz
SH01427	ILLUMINA	data/SH01427.R1.fq.gz	data/SH01427.R2.fq.gz
SH01428	ILLUMINA	data/SH01428.R1.fq.gz	data/SH01428.R2.fq.gz
SH01429	ILLUMINA	data/SH01429.R1.fq.gz	data/SH01429.R2.fq.gz
SH01430	ILLUMINA	data/SH01430.R1.fq.gz	data/SH01430.R2.fq.gz
SH01431	ILLUMINA	data/SH01431.R1.fq.gz	data/SH01431.R2.fq.gz
SH01432	ILLUMINA	data/SH01432.R1.fq.gz	data/SH01432.R2.fq.gz
SH01433	ILLUMINA	data/SH01433.R1.fq.gz	data/SH01433.R2.fq.gz
SH01434	ILLUMINA	data/SH01434.R1.fq.gz	data/SH01434.R2.fq.gz
SH01435	ILLUMINA	data/SH01435.R1.fq.gz	data/SH01435.R2.fq.gz
SH01436	ILLUMINA	data/SH01436.R1.fq.gz	data/SH01436.R2.fq.gz
SH01437	ILLUMINA	data/SH01437.R1.fq.gz	data/SH01437.R2.fq.gz
SH01438	ILLUMINA	data/SH01438.R1.fq.gz	data/SH01438.R2.fq.gz
SH01439	ILLUMINA	data/SH01439.R1.fq.gz	data/SH01439.R2.fq.gz
SH01440	ILLUMINA	data/SH01440.R1.fq.gz	data/SH01440.R2.fq.gz
SH01441	ILLUMINA	data/SH01441.R1.fq.gz	data/SH01441.R2.fq.gz
SH01442	ILLUMINA	data/SH01442.R1.fq.gz	data/SH01442.R2.fq.gz
SH01443	ILLUMINA	data/SH01443.R1.fq.gz	data/SH01443.R2.fq.gz
SH01444	ILLUMINA	data/SH01444.R1.fq.gz	data/SH01444.R2.fq.gz
SH01445	ILLUMINA	data/SH01445.R1.fq.gz	data/SH01445.R2.fq.gz
SH01446	ILLUMINA	data/SH01446.R1.fq.gz	data/SH01446.R2.fq.gz
SH01447	ILLUMINA	data/SH01447.R1.fq.gz	data/SH01447.R2.fq.gz
SH01448	ILLUMINA	data/SH01448.R1.fq.gz	data/SH01448.R2.fq.gz
SH01449	ILLUMINA	data/SH01449.R1.fq.gz	data/SH01449.R2.fq.gz
SH01450	ILLUMINA	data/SH01450.R1.fq.gz	data/SH01450.R2.fq.gz
SH01451	ILLUMINA	data/SH01451.R1.fq.gz	data/SH01451.R2.fq.gz
SH01452	ILLUMINA	data/SH01452.R1.fq.gz	data/SH01452.R2.fq.gz
SH01453	ILLUMINA	data/SH01453.R1.fq.gz	data/SH01453.R2.fq.gz
SH01454	ILLUMINA	data/SH01454.R1.fq.gz	data/SH01454.R2.fq.gz
SH01455	ILLUMINA	data/SH01455.R1.fq.gz	data/SH01455.R2.fq.gz
SH01456	ILLUMINA	data/SH01456.R1.fq.gz	data/SH01456.R2.fq.gz
SH01457	ILLUMINA	data/SH01457.R1.fq.gz	data/SH01457.R2.fq.gz
SH01458	ILLUMINA	data/SH01458.R1.fq.gz	data/SH01458.R2.fq.gz
SH01459	ILLUMINA	data/SH01459.R1.fq.gz	data/SH01459.R2.fq.gz
SH01460	ILLUMINA	data/SH01460.R1.fq.gz	data/SH01460.R2.fq.gz
SH01461	ILLUMINA	data/SH01461.R1.fq.gz	data/SH01461.R2.fq.gz
SH01462	ILLUMINA	data/SH01462.R1.fq.gz	data/SH01462.R2.fq.gz
SH01463	ILLUMINA	data/SH01463.R1.fq.gz	data/SH01463.R2.fq.gz
SH01464	ILLUMINA	data/SH01464.R1.fq.gz	data/SH01464.R2.fq.gz
SH01465	ILLUMINA	data/SH01465.R1.fq.gz	data/SH01465.R2.fq.gz
SH01466	ILLUMINA	data/SH01466.R1.fq.gz	data/SH01466.R2.fq.gz
SH01467	ILLUMINA	data/SH01467.R1.fq.gz	data/SH01467.R2.fq.gz
SH01468	ILLUMINA	data/SH01468.R1.fq.gz	data/SH01468.R2.fq.gz
SH01469	ILLUMINA	data/SH01469.R1.fq.gz	data/SH01469.R2.fq.gz
SH01470	ILLUMINA	data/SH01470.R1.fq.gz	data/SH01470.R2.fq.gz
SH01471	ILLUMINA	data/SH01471.R1.fq.gz	data/SH01471.R2.fq.gz
SH01472	ILLUMINA	data/SH01472.R1.fq.gz	data/SH01472.R2.fq.gz
SH01473	ILLUMINA	data/SH01473.R1.fq.gz	data/SH01473.R2.fq.gz
SH01474	ILLUMINA	data/SH01474.R1.fq.gz	data/SH01474.R2.fq.gz
SH01475	ILLUMINA	data/SH01475.R1.fq.gz	data/SH01475.R2.fq.gz
SH01476	ILLUMINA	data/SH01476.R1.fq.gz	data/SH01476.R2.fq.gz
SH01477	ILLUMINA	data/SH01477.R1.fq.gz	data/SH01477.R2.fq.gz
SH01478	ILLUMINA	data/SH01478.R1.fq.gz	data/SH01478.R2.fq.gz
SH01479	ILLUMINA	data/SH01479.R1.fq.gz	data/SH01479.R2.fq.gz
SH01480	ILLUMINA	data/SH01480.R1.fq.gz	data/SH01480.R2.fq.gz
SH01481	ILLUMINA	data/SH01481.R1.fq.gz	data/SH01481.R2.fq.gz
SH01482	ILLUMINA	data/SH01482.R1.fq.gz	data/SH01482.R2.fq.gz
SH01483	ILLUMINA	data/SH01483.R1.fq.gz	data/SH01483.R2.fq.gz
SH01484	ILLUMINA	data/SH01484.R1.fq.gz	data/SH01484.R2.fq.gz
SH01485	ILLUMINA	data/SH01485.R1.fq.gz	data/SH01485.R2.fq.gz
SH01487	ILLUMINA	data/SH01487.R1.fq.gz	data/SH01487.R2.fq.gz
SH01488	ILLUMINA	data/SH01488.R1.fq.gz	data/SH01488.R2.fq.gz
SH01489	ILLUMINA	data/SH01489.R1.fq.gz	data/SH01489.R2.fq.gz
SH01490	ILLUMINA	data/SH01490.R1.fq.gz	data/SH01490.R2.fq.gz
SH01491	ILLUMINA	data/SH01491.R1.fq.gz	data/SH01491.R2.fq.gz
SH01492	ILLUMINA	data/SH01492.R1.fq.gz	data/SH01492.R2.fq.gz
SH01493	ILLUMINA	data/SH01493.R1.fq.gz	data/SH01493.R2.fq.gz
SH01494	ILLUMINA	data/SH01494.R1.fq.gz	data/SH01494.R2.fq.gz
SH01495	ILLUMINA	data/SH01495.R1.fq.gz	data/SH01495.R2.fq.gz
SH01496	ILLUMINA	data/SH01496.R1.fq.gz	data/SH01496.R2.fq.gz
SH01497	ILLUMINA	data/SH01497.R1.fq.gz	data/SH01497.R2.fq.gz
SH01498	ILLUMINA	data/SH01498.R1.fq.gz	data/SH01498.R2.fq.gz
SH01499	ILLUMINA	data/SH01499.R1.fq.gz	data/SH01499.R2.fq.gz
SH01500	ILLUMINA	data/SH01500.R1.fq.gz	data/SH01500.R2.fq.gz
SH01501	ILLUMINA	data/SH01501.R1.fq.gz	data/SH01501.R2.fq.gz
SH01502	ILLUMINA	data/SH01502.R1.fq.gz	data/SH01502.R2.fq.gz
SH01503	ILLUMINA	data/SH01503.R1.fq.gz	data/SH01503.R2.fq.gz
SH01504	ILLUMINA	data/SH01504.R1.fq.gz	data/SH01504.R2.fq.gz
SH01505	ILLUMINA	data/SH01505.R1.fq.gz	data/SH01505.R2.fq.gz
SH01506	ILLUMINA	data/SH01506.R1.fq.gz	data/SH01506.R2.fq.gz
SH01507	ILLUMINA	data/SH01507.R1.fq.gz	data/SH01507.R2.fq.gz
SH01508	ILLUMINA	data/SH01508.R1.fq.gz	data/SH01508.R2.fq.gz
SH01509	ILLUMINA	data/SH01509.R1.fq.gz	data/SH01509.R2.fq.gz
SH01511	ILLUMINA	data/SH01511.R1.fq.gz	data/SH01511.R2.fq.gz
SH01513	ILLUMINA	data/SH01513.R1.fq.gz	data/SH01513.R2.fq.gz
SH01514	ILLUMINA	data/SH01514.R1.fq.gz	data/SH01514.R2.fq.gz
SH01515	ILLUMINA	data/SH01515.R1.fq.gz	data/SH01515.R2.fq.gz
SH01516	ILLUMINA	data/SH01516.R1.fq.gz	data/SH01516.R2.fq.gz
SH01517	ILLUMINA	data/SH01517.R1.fq.gz	data/SH01517.R2.fq.gz
SH01519	ILLUMINA	data/SH01519.R1.fq.gz	data/SH01519.R2.fq.gz
SH01520	ILLUMINA	data/SH01520.R1.fq.gz	data/SH01520.R2.fq.gz
SH01521	ILLUMINA	data/SH01521.R1.fq.gz	data/SH01521.R2.fq.gz
SH01522	ILLUMINA	data/SH01522.R1.fq.gz	data/SH01522.R2.fq.gz
SH01523	ILLUMINA	data/SH01523.R1.fq.gz	data/SH01523.R2.fq.gz
SH01524	ILLUMINA	data/SH01524.R1.fq.gz	data/SH01524.R2.fq.gz
SH01525	ILLUMINA	data/SH01525.R1.fq.gz	data/SH01525.R2.fq.gz
SH01526	ILLUMINA	data/SH01526.R1.fq.gz	data/SH01526.R2.fq.gz
SH01527	ILLUMINA	data/SH01527.R1.fq.gz	data/SH01527.R2.fq.gz
SH01528	ILLUMINA	data/SH01528.R1.fq.gz	data/SH01528.R2.fq.gz
SH01529	ILLUMINA	data/SH01529.R1.fq.gz	data/SH01529.R2.fq.gz
SH01530	ILLUMINA	data/SH01530.R1.fq.gz	data/SH01530.R2.fq.gz
SH01532	ILLUMINA	data/SH01532.R1.fq.gz	data/SH01532.R2.fq.gz
SH01533	ILLUMINA	data/SH01533.R1.fq.gz	data/SH01533.R2.fq.gz
SH01534	ILLUMINA	data/SH01534.R1.fq.gz	data/SH01534.R2.fq.gz
SH01535	ILLUMINA	data/SH01535.R1.fq.gz	data/SH01535.R2.fq.gz
SH01536	ILLUMINA	data/SH01536.R1.fq.gz	data/SH01536.R2.fq.gz
SH01537	ILLUMINA	data/SH01537.R1.fq.gz	data/SH01537.R2.fq.gz
SH01538	ILLUMINA	data/SH01538.R1.fq.gz	data/SH01538.R2.fq.gz
SH01539	ILLUMINA	data/SH01539.R1.fq.gz	data/SH01539.R2.fq.gz
SH01540	ILLUMINA	data/SH01540.R1.fq.gz	data/SH01540.R2.fq.gz
SH01541	ILLUMINA	data/SH01541.R1.fq.gz	data/SH01541.R2.fq.gz
SH01542	ILLUMINA	data/SH01542.R1.fq.gz	data/SH01542.R2.fq.gz
SH01543	ILLUMINA	data/SH01543.R1.fq.gz	data/SH01543.R2.fq.gz
SH01544	ILLUMINA	data/SH01544.R1.fq.gz	data/SH01544.R2.fq.gz
SH01545	ILLUMINA	data/SH01545.R1.fq.gz	data/SH01545.R2.fq.gz
SH01546	ILLUMINA	data/SH01546.R1.fq.gz	data/SH01546.R2.fq.gz
SH01547	ILLUMINA	data/SH01547.R1.fq.gz	data/SH01547.R2.fq.gz
SH01548	ILLUMINA	data/SH01548.R1.fq.gz	data/SH01548.R2.fq.gz
SH01549	ILLUMINA	data/SH01549.R1.fq.gz	data/SH01549.R2.fq.gz
SH01550	ILLUMINA	data/SH01550.R1.fq.gz	data/SH01550.R2.fq.gz
SH01551	ILLUMINA	data/SH01551.R1.fq.gz	data/SH01551.R2.fq.gz
SH01552	ILLUMINA	data/SH01552.R1.fq.gz	data/SH01552.R2.fq.gz
SH01553	ILLUMINA	data/SH01553.R1.fq.gz	data/SH01553.R2.fq.gz
SH01554	ILLUMINA	data/SH01554.R1.fq.gz	data/SH01554.R2.fq.gz
SH01555	ILLUMINA	data/SH01555.R1.fq.gz	data/SH01555.R2.fq.gz
SH01556	ILLUMINA	data/SH01556.R1.fq.gz	data/SH01556.R2.fq.gz
SH01557	ILLUMINA	data/SH01557.R1.fq.gz	data/SH01557.R2.fq.gz
SH01558	ILLUMINA	data/SH01558.R1.fq.gz	data/SH01558.R2.fq.gz
SH01559	ILLUMINA	data/SH01559.R1.fq.gz	data/SH01559.R2.fq.gz
SH01560	ILLUMINA	data/SH01560.R1.fq.gz	data/SH01560.R2.fq.gz
SH01561	ILLUMINA	data/SH01561.R1.fq.gz	data/SH01561.R2.fq.gz
SH01562	ILLUMINA	data/SH01562.R1.fq.gz	data/SH01562.R2.fq.gz
SH01563	ILLUMINA	data/SH01563.R1.fq.gz	data/SH01563.R2.fq.gz
SH01564	ILLUMINA	data/SH01564.R1.fq.gz	data/SH01564.R2.fq.gz
SH01565	ILLUMINA	data/SH01565.R1.fq.gz	data/SH01565.R2.fq.gz
SH01566	ILLUMINA	data/SH01566.R1.fq.gz	data/SH01566.R2.fq.gz
SH01567	ILLUMINA	data/SH01567.R1.fq.gz	data/SH01567.R2.fq.gz
SH01568	ILLUMINA	data/SH01568.R1.fq.gz	data/SH01568.R2.fq.gz
SH01569	ILLUMINA	data/SH01569.R1.fq.gz	data/SH01569.R2.fq.gz
SH01570	ILLUMINA	data/SH01570.R1.fq.gz	data/SH01570.R2.fq.gz
SH01571	ILLUMINA	data/SH01571.R1.fq.gz	data/SH01571.R2.fq.gz
SH01572	ILLUMINA	data/SH01572.R1.fq.gz	data/SH01572.R2.fq.gz
SH01573	ILLUMINA	data/SH01573.R1.fq.gz	data/SH01573.R2.fq.gz
SH01574	ILLUMINA	data/SH01574.R1.fq.gz	data/SH01574.R2.fq.gz
SH01575	ILLUMINA	data/SH01575.R1.fq.gz	data/SH01575.R2.fq.gz
SH01576	ILLUMINA	data/SH01576.R1.fq.gz	data/SH01576.R2.fq.gz
SH01577	ILLUMINA	data/SH01577.R1.fq.gz	data/SH01577.R2.fq.gz
SH01578	ILLUMINA	data/SH01578.R1.fq.gz	data/SH01578.R2.fq.gz
SH01579	ILLUMINA	data/SH01579.R1.fq.gz	data/SH01579.R2.fq.gz
SH01580	ILLUMINA	data/SH01580.R1.fq.gz	data/SH01580.R2.fq.gz
SH01581	ILLUMINA	data/SH01581.R1.fq.gz	data/SH01581.R2.fq.gz
SH01582	ILLUMINA	data/SH01582.R1.fq.gz	data/SH01582.R2.fq.gz
SH01583	ILLUMINA	data/SH01583.R1.fq.gz	data/SH01583.R2.fq.gz
SH01584	ILLUMINA	data/SH01584.R1.fq.gz	data/SH01584.R2.fq.gz
SH01585	ILLUMINA	data/SH01585.R1.fq.gz	data/SH01585.R2.fq.gz
SH01586	ILLUMINA	data/SH01586.R1.fq.gz	data/SH01586.R2.fq.gz
SH01587	ILLUMINA	data/SH01587.R1.fq.gz	data/SH01587.R2.fq.gz
SH01588	ILLUMINA	data/SH01588.R1.fq.gz	data/SH01588.R2.fq.gz
SH01589	ILLUMINA	data/SH01589.R1.fq.gz	data/SH01589.R2.fq.gz
SH01590	ILLUMINA	data/SH01590.R1.fq.gz	data/SH01590.R2.fq.gz
SH01591	ILLUMINA	data/SH01591.R1.fq.gz	data/SH01591.R2.fq.gz
SH01592	ILLUMINA	data/SH01592.R1.fq.gz	data/SH01592.R2.fq.gz
SH01593	ILLUMINA	data/SH01593.R1.fq.gz	data/SH01593.R2.fq.gz
SH01594	ILLUMINA	data/SH01594.R1.fq.gz	data/SH01594.R2.fq.gz
SH01595	ILLUMINA	data/SH01595.R1.fq.gz	data/SH01595.R2.fq.gz
SH01596	ILLUMINA	data/SH01596.R1.fq.gz	data/SH01596.R2.fq.gz
SH01597	ILLUMINA	data/SH01597.R1.fq.gz	data/SH01597.R2.fq.gz
SH01598	ILLUMINA	data/SH01598.R1.fq.gz	data/SH01598.R2.fq.gz
SH01600	ILLUMINA	data/SH01600.R1.fq.gz	data/SH01600.R2.fq.gz
SH01601	ILLUMINA	data/SH01601.R1.fq.gz	data/SH01601.R2.fq.gz
SH01602	ILLUMINA	data/SH01602.R1.fq.gz	data/SH01602.R2.fq.gz
SH01603	ILLUMINA	data/SH01603.R1.fq.gz	data/SH01603.R2.fq.gz
SH01604	ILLUMINA	data/SH01604.R1.fq.gz	data/SH01604.R2.fq.gz
SH01605	ILLUMINA	data/SH01605.R1.fq.gz	data/SH01605.R2.fq.gz
SH01606	ILLUMINA	data/SH01606.R1.fq.gz	data/SH01606.R2.fq.gz
SH01607	ILLUMINA	data/SH01607.R1.fq.gz	data/SH01607.R2.fq.gz
SH01608	ILLUMINA	data/SH01608.R1.fq.gz	data/SH01608.R2.fq.gz
SH01609	ILLUMINA	data/SH01609.R1.fq.gz	data/SH01609.R2.fq.gz
SH01610	ILLUMINA	data/SH01610.R1.fq.gz	data/SH01610.R2.fq.gz
SH01611	ILLUMINA	data/SH01611.R1.fq.gz	data/SH01611.R2.fq.gz
SH01612	ILLUMINA	data/SH01612.R1.fq.gz	data/SH01612.R2.fq.gz
SH01613	ILLUMINA	data/SH01613.R1.fq.gz	data/SH01613.R2.fq.gz
SH01614	ILLUMINA	data/SH01614.R1.fq.gz	data/SH01614.R2.fq.gz
SH01615	ILLUMINA	data/SH01615.R1.fq.gz	data/SH01615.R2.fq.gz
SH01616	ILLUMINA	data/SH01616.R1.fq.gz	data/SH01616.R2.fq.gz
SH01617	ILLUMINA	data/SH01617.R1.fq.gz	data/SH01617.R2.fq.gz
SH01618	ILLUMINA	data/SH01618.R1.fq.gz	data/SH01618.R2.fq.gz
SH01619	ILLUMINA	data/SH01619.R1.fq.gz	data/SH01619.R2.fq.gz
SH01620	ILLUMINA	data/SH01620.R1.fq.gz	data/SH01620.R2.fq.gz
SH01621	ILLUMINA	data/SH01621.R1.fq.gz	data/SH01621.R2.fq.gz
SH01622	ILLUMINA	data/SH01622.R1.fq.gz	data/SH01622.R2.fq.gz
SH01623	ILLUMINA	data/SH01623.R1.fq.gz	data/SH01623.R2.fq.gz
SH01624	ILLUMINA	data/SH01624.R1.fq.gz	data/SH01624.R2.fq.gz
SH01625	ILLUMINA	data/SH01625.R1.fq.gz	data/SH01625.R2.fq.gz
SH01626	ILLUMINA	data/SH01626.R1.fq.gz	data/SH01626.R2.fq.gz
SH01627	ILLUMINA	data/SH01627.R1.fq.gz	data/SH01627.R2.fq.gz
SH01628	ILLUMINA	data/SH01628.R1.fq.gz	data/SH01628.R2.fq.gz
SH01629	ILLUMINA	data/SH01629.R1.fq.gz	data/SH01629.R2.fq.gz
SH01630	ILLUMINA	data/SH01630.R1.fq.gz	data/SH01630.R2.fq.gz
SH01631	ILLUMINA	data/SH01631.R1.fq.gz	data/SH01631.R2.fq.gz
SH01632	ILLUMINA	data/SH01632.R1.fq.gz	data/SH01632.R2.fq.gz
SH01633	ILLUMINA	data/SH01633.R1.fq.gz	data/SH01633.R2.fq.gz
SH01644	ILLUMINA	data/SH01644.R1.fq.gz	data/SH01644.R2.fq.gz
SH01656	ILLUMINA	data/SH01656.R1.fq.gz	data/SH01656.R2.fq.gz
SH01667	ILLUMINA	data/SH01667.R1.fq.gz	data/SH01667.R2.fq.gz
SH01690	ILLUMINA	data/SH01690.R1.fq.gz	data/SH01690.R2.fq.gz
SH01767	ILLUMINA	data/SH01767.R1.fq.gz	data/SH01767.R2.fq.gz
SH01768	ILLUMINA	data/SH01768.R1.fq.gz	data/SH01768.R2.fq.gz
SH01769	ILLUMINA	data/SH01769.R1.fq.gz	data/SH01769.R2.fq.gz
SH01770	ILLUMINA	data/SH01770.R1.fq.gz	data/SH01770.R2.fq.gz
SH01771	ILLUMINA	data/SH01771.R1.fq.gz	data/SH01771.R2.fq.gz
SH01772	ILLUMINA	data/SH01772.R1.fq.gz	data/SH01772.R2.fq.gz
SH01773	ILLUMINA	data/SH01773.R1.fq.gz	data/SH01773.R2.fq.gz
SH01774	ILLUMINA	data/SH01774.R1.fq.gz	data/SH01774.R2.fq.gz
SH01775	ILLUMINA	data/SH01775.R1.fq.gz	data/SH01775.R2.fq.gz
SH01776	ILLUMINA	data/SH01776.R1.fq.gz	data/SH01776.R2.fq.gz
SH01777	ILLUMINA	data/SH01777.R1.fq.gz	data/SH01777.R2.fq.gz
SH01778	ILLUMINA	data/SH01778.R1.fq.gz	data/SH01778.R2.fq.gz
SH01779	ILLUMINA	data/SH01779.R1.fq.gz	data/SH01779.R2.fq.gz
SH01780	ILLUMINA	data/SH01780.R1.fq.gz	data/SH01780.R2.fq.gz
SH01781	ILLUMINA	data/SH01781.R1.fq.gz	data/SH01781.R2.fq.gz
SH01782	ILLUMINA	data/SH01782.R1.fq.gz	data/SH01782.R2.fq.gz
SH01783	ILLUMINA	data/SH01783.R1.fq.gz	data/SH01783.R2.fq.gz
SH01784	ILLUMINA	data/SH01784.R1.fq.gz	data/SH01784.R2.fq.gz
SH01785	ILLUMINA	data/SH01785.R1.fq.gz	data/SH01785.R2.fq.gz
SH01786	ILLUMINA	data/SH01786.R1.fq.gz	data/SH01786.R2.fq.gz
SH01787	ILLUMINA	data/SH01787.R1.fq.gz	data/SH01787.R2.fq.gz
SH01788	ILLUMINA	data/SH01788.R1.fq.gz	data/SH01788.R2.fq.gz
SH01789	ILLUMINA	data/SH01789.R1.fq.gz	data/SH01789.R2.fq.gz
SH01790	ILLUMINA	data/SH01790.R1.fq.gz	data/SH01790.R2.fq.gz
SH01791	ILLUMINA	data/SH01791.R1.fq.gz	data/SH01791.R2.fq.gz
SH01792	ILLUMINA	data/SH01792.R1.fq.gz	data/SH01792.R2.fq.gz
SH01793	ILLUMINA	data/SH01793.R1.fq.gz	data/SH01793.R2.fq.gz
SH01794	ILLUMINA	data/SH01794.R1.fq.gz	data/SH01794.R2.fq.gz
SH01795	ILLUMINA	data/SH01795.R1.fq.gz	data/SH01795.R2.fq.gz
SH01796	ILLUMINA	data/SH01796.R1.fq.gz	data/SH01796.R2.fq.gz
SH01797	ILLUMINA	data/SH01797.R1.fq.gz	data/SH01797.R2.fq.gz
SH01798	ILLUMINA	data/SH01798.R1.fq.gz	data/SH01798.R2.fq.gz
SH01799	ILLUMINA	data/SH01799.R1.fq.gz	data/SH01799.R2.fq.gz
SH01800	ILLUMINA	data/SH01800.R1.fq.gz	data/SH01800.R2.fq.gz
SH01801	ILLUMINA	data/SH01801.R1.fq.gz	data/SH01801.R2.fq.gz
SH01802	ILLUMINA	data/SH01802.R1.fq.gz	data/SH01802.R2.fq.gz
SH01803	ILLUMINA	data/SH01803.R1.fq.gz	data/SH01803.R2.fq.gz
SH01804	ILLUMINA	data/SH01804.R1.fq.gz	data/SH01804.R2.fq.gz
SH01805	ILLUMINA	data/SH01805.R1.fq.gz	data/SH01805.R2.fq.gz
SH01806	ILLUMINA	data/SH01806.R1.fq.gz	data/SH01806.R2.fq.gz
SH01807	ILLUMINA	data/SH01807.R1.fq.gz	data/SH01807.R2.fq.gz
SH01808	ILLUMINA	data/SH01808.R1.fq.gz	data/SH01808.R2.fq.gz
SH01809	ILLUMINA	data/SH01809.R1.fq.gz	data/SH01809.R2.fq.gz
SH01810	ILLUMINA	data/SH01810.R1.fq.gz	data/SH01810.R2.fq.gz
SH01811	ILLUMINA	data/SH01811.R1.fq.gz	data/SH01811.R2.fq.gz
SH01812	ILLUMINA	data/SH01812.R1.fq.gz	data/SH01812.R2.fq.gz
SH01813	ILLUMINA	data/SH01813.R1.fq.gz	data/SH01813.R2.fq.gz
SH01814	ILLUMINA	data/SH01814.R1.fq.gz	data/SH01814.R2.fq.gz
SH01815	ILLUMINA	data/SH01815.R1.fq.gz	data/SH01815.R2.fq.gz
SH01816	ILLUMINA	data/SH01816.R1.fq.gz	data/SH01816.R2.fq.gz
SH01817	ILLUMINA	data/SH01817.R1.fq.gz	data/SH01817.R2.fq.gz
SH01818	ILLUMINA	data/SH01818.R1.fq.gz	data/SH01818.R2.fq.gz
SH01819	ILLUMINA	data/SH01819.R1.fq.gz	data/SH01819.R2.fq.gz
SH01820	ILLUMINA	data/SH01820.R1.fq.gz	data/SH01820.R2.fq.gz
SH01821	ILLUMINA	data/SH01821.R1.fq.gz	data/SH01821.R2.fq.gz
SH01825	ILLUMINA	data/SH01825.R1.fq.gz	data/SH01825.R2.fq.gz
SH01826	ILLUMINA	data/SH01826.R1.fq.gz	data/SH01826.R2.fq.gz
SH01827	ILLUMINA	data/SH01827.R1.fq.gz	data/SH01827.R2.fq.gz
SH01828	ILLUMINA	data/SH01828.R1.fq.gz	data/SH01828.R2.fq.gz
SH01829	ILLUMINA	data/SH01829.R1.fq.gz	data/SH01829.R2.fq.gz
SH01830	ILLUMINA	data/SH01830.R1.fq.gz	data/SH01830.R2.fq.gz
SH01831	ILLUMINA	data/SH01831.R1.fq.gz	data/SH01831.R2.fq.gz
SH01832	ILLUMINA	data/SH01832.R1.fq.gz	data/SH01832.R2.fq.gz
SH01833	ILLUMINA	data/SH01833.R1.fq.gz	data/SH01833.R2.fq.gz
SH01834	ILLUMINA	data/SH01834.R1.fq.gz	data/SH01834.R2.fq.gz
SH01835	ILLUMINA	data/SH01835.R1.fq.gz	data/SH01835.R2.fq.gz
SH01836	ILLUMINA	data/SH01836.R1.fq.gz	data/SH01836.R2.fq.gz
SH01837	ILLUMINA	data/SH01837.R1.fq.gz	data/SH01837.R2.fq.gz
SH01838	ILLUMINA	data/SH01838.R1.fq.gz	data/SH01838.R2.fq.gz
SH01839	ILLUMINA	data/SH01839.R1.fq.gz	data/SH01839.R2.fq.gz
SH01840	ILLUMINA	data/SH01840.R1.fq.gz	data/SH01840.R2.fq.gz
SH01841	ILLUMINA	data/SH01841.R1.fq.gz	data/SH01841.R2.fq.gz
SH01842	ILLUMINA	data/SH01842.R1.fq.gz	data/SH01842.R2.fq.gz
SH01843	ILLUMINA	data/SH01843.R1.fq.gz	data/SH01843.R2.fq.gz
SH01844	ILLUMINA	data/SH01844.R1.fq.gz	data/SH01844.R2.fq.gz
SH01845	ILLUMINA	data/SH01845.R1.fq.gz	data/SH01845.R2.fq.gz
SH01846	ILLUMINA	data/SH01846.R1.fq.gz	data/SH01846.R2.fq.gz
SH01847	ILLUMINA	data/SH01847.R1.fq.gz	data/SH01847.R2.fq.gz
SH01848	ILLUMINA	data/SH01848.R1.fq.gz	data/SH01848.R2.fq.gz
SH01849	ILLUMINA	data/SH01849.R1.fq.gz	data/SH01849.R2.fq.gz
SH01850	ILLUMINA	data/SH01850.R1.fq.gz	data/SH01850.R2.fq.gz
SH01851	ILLUMINA	data/SH01851.R1.fq.gz	data/SH01851.R2.fq.gz
SH01852	ILLUMINA	data/SH01852.R1.fq.gz	data/SH01852.R2.fq.gz
SH01853	ILLUMINA	data/SH01853.R1.fq.gz	data/SH01853.R2.fq.gz
SH01854	ILLUMINA	data/SH01854.R1.fq.gz	data/SH01854.R2.fq.gz
SH01855	ILLUMINA	data/SH01855.R1.fq.gz	data/SH01855.R2.fq.gz
SH01856	ILLUMINA	data/SH01856.R1.fq.gz	data/SH01856.R2.fq.gz
SH01857	ILLUMINA	data/SH01857.R1.fq.gz	data/SH01857.R2.fq.gz
SH01858	ILLUMINA	data/SH01858.R1.fq.gz	data/SH01858.R2.fq.gz
SH01859	ILLUMINA	data/SH01859.R1.fq.gz	data/SH01859.R2.fq.gz
SH01860	ILLUMINA	data/SH01860.R1.fq.gz	data/SH01860.R2.fq.gz
SH01861	ILLUMINA	data/SH01861.R1.fq.gz	data/SH01861.R2.fq.gz
SH01862	ILLUMINA	data/SH01862.R1.fq.gz	data/SH01862.R2.fq.gz
SH01863	ILLUMINA	data/SH01863.R1.fq.gz	data/SH01863.R2.fq.gz
SH01864	ILLUMINA	data/SH01864.R1.fq.gz	data/SH01864.R2.fq.gz
SH01865	ILLUMINA	data/SH01865.R1.fq.gz	data/SH01865.R2.fq.gz
SH01866	ILLUMINA	data/SH01866.R1.fq.gz	data/SH01866.R2.fq.gz
SH01867	ILLUMINA	data/SH01867.R1.fq.gz	data/SH01867.R2.fq.gz
SH01868	ILLUMINA	data/SH01868.R1.fq.gz	data/SH01868.R2.fq.gz
SH01869	ILLUMINA	data/SH01869.R1.fq.gz	data/SH01869.R2.fq.gz
SH01870	ILLUMINA	data/SH01870.R1.fq.gz	data/SH01870.R2.fq.gz
SH01871	ILLUMINA	data/SH01871.R1.fq.gz	data/SH01871.R2.fq.gz
SH01872	ILLUMINA	data/SH01872.R1.fq.gz	data/SH01872.R2.fq.gz
SH01873	ILLUMINA	data/SH01873.R1.fq.gz	data/SH01873.R2.fq.gz
SH01874	ILLUMINA	data/SH01874.R1.fq.gz	data/SH01874.R2.fq.gz
SH01875	ILLUMINA	data/SH01875.R1.fq.gz	data/SH01875.R2.fq.gz
SH01876	ILLUMINA	data/SH01876.R1.fq.gz	data/SH01876.R2.fq.gz
SH01877	ILLUMINA	data/SH01877.R1.fq.gz	data/SH01877.R2.fq.gz
SH01878	ILLUMINA	data/SH01878.R1.fq.gz	data/SH01878.R2.fq.gz
SH01879	ILLUMINA	data/SH01879.R1.fq.gz	data/SH01879.R2.fq.gz
SH01880	ILLUMINA	data/SH01880.R1.fq.gz	data/SH01880.R2.fq.gz
SH01881	ILLUMINA	data/SH01881.R1.fq.gz	data/SH01881.R2.fq.gz
SH01882	ILLUMINA	data/SH01882.R1.fq.gz	data/SH01882.R2.fq.gz
SH01883	ILLUMINA	data/SH01883.R1.fq.gz	data/SH01883.R2.fq.gz
SH01884	ILLUMINA	data/SH01884.R1.fq.gz	data/SH01884.R2.fq.gz
SH01885	ILLUMINA	data/SH01885.R1.fq.gz	data/SH01885.R2.fq.gz
SH01886	ILLUMINA	data/SH01886.R1.fq.gz	data/SH01886.R2.fq.gz
SH01887	ILLUMINA	data/SH01887.R1.fq.gz	data/SH01887.R2.fq.gz
SH01888	ILLUMINA	data/SH01888.R1.fq.gz	data/SH01888.R2.fq.gz
SH01889	ILLUMINA	data/SH01889.R1.fq.gz	data/SH01889.R2.fq.gz
SH01890	ILLUMINA	data/SH01890.R1.fq.gz	data/SH01890.R2.fq.gz
SH01891	ILLUMINA	data/SH01891.R1.fq.gz	data/SH01891.R2.fq.gz
SH01892	ILLUMINA	data/SH01892.R1.fq.gz	data/SH01892.R2.fq.gz
SH01893	ILLUMINA	data/SH01893.R1.fq.gz	data/SH01893.R2.fq.gz
SH01894	ILLUMINA	data/SH01894.R1.fq.gz	data/SH01894.R2.fq.gz
SH01895	ILLUMINA	data/SH01895.R1.fq.gz	data/SH01895.R2.fq.gz
SH01896	ILLUMINA	data/SH01896.R1.fq.gz	data/SH01896.R2.fq.gz
SH01897	ILLUMINA	data/SH01897.R1.fq.gz	data/SH01897.R2.fq.gz
SH01898	ILLUMINA	data/SH01898.R1.fq.gz	data/SH01898.R2.fq.gz
SH01899	ILLUMINA	data/SH01899.R1.fq.gz	data/SH01899.R2.fq.gz
SH01901	ILLUMINA	data/SH01901.R1.fq.gz	data/SH01901.R2.fq.gz
SH01902	ILLUMINA	data/SH01902.R1.fq.gz	data/SH01902.R2.fq.gz
SH01903	ILLUMINA	data/SH01903.R1.fq.gz	data/SH01903.R2.fq.gz
SH01904	ILLUMINA	data/SH01904.R1.fq.gz	data/SH01904.R2.fq.gz
SH01906	ILLUMINA	data/SH01906.R1.fq.gz	data/SH01906.R2.fq.gz
SH01907	ILLUMINA	data/SH01907.R1.fq.gz	data/SH01907.R2.fq.gz
SH01908	ILLUMINA	data/SH01908.R1.fq.gz	data/SH01908.R2.fq.gz
SH01909	ILLUMINA	data/SH01909.R1.fq.gz	data/SH01909.R2.fq.gz
SH01910	ILLUMINA	data/SH01910.R1.fq.gz	data/SH01910.R2.fq.gz
SH01911	ILLUMINA	data/SH01911.R1.fq.gz	data/SH01911.R2.fq.gz
SH01912	ILLUMINA	data/SH01912.R1.fq.gz	data/SH01912.R2.fq.gz
SH01913	ILLUMINA	data/SH01913.R1.fq.gz	data/SH01913.R2.fq.gz
SH01914	ILLUMINA	data/SH01914.R1.fq.gz	data/SH01914.R2.fq.gz
SH01915	ILLUMINA	data/SH01915.R1.fq.gz	data/SH01915.R2.fq.gz
SH01917	ILLUMINA	data/SH01917.R1.fq.gz	data/SH01917.R2.fq.gz
SH01918	ILLUMINA	data/SH01918.R1.fq.gz	data/SH01918.R2.fq.gz
SH01919	ILLUMINA	data/SH01919.R1.fq.gz	data/SH01919.R2.fq.gz
SH01920	ILLUMINA	data/SH01920.R1.fq.gz	data/SH01920.R2.fq.gz
SH01921	ILLUMINA	data/SH01921.R1.fq.gz	data/SH01921.R2.fq.gz
SH01922	ILLUMINA	data/SH01922.R1.fq.gz	data/SH01922.R2.fq.gz
SH01923	ILLUMINA	data/SH01923.R1.fq.gz	data/SH01923.R2.fq.gz
SH01924	ILLUMINA	data/SH01924.R1.fq.gz	data/SH01924.R2.fq.gz
SH01926	ILLUMINA	data/SH01926.R1.fq.gz	data/SH01926.R2.fq.gz
SH01927	ILLUMINA	data/SH01927.R1.fq.gz	data/SH01927.R2.fq.gz
SH01929	ILLUMINA	data/SH01929.R1.fq.gz	data/SH01929.R2.fq.gz
SH01931	ILLUMINA	data/SH01931.R1.fq.gz	data/SH01931.R2.fq.gz
SH01932	ILLUMINA	data/SH01932.R1.fq.gz	data/SH01932.R2.fq.gz
SH01933	ILLUMINA	data/SH01933.R1.fq.gz	data/SH01933.R2.fq.gz
SH01934	ILLUMINA	data/SH01934.R1.fq.gz	data/SH01934.R2.fq.gz
SH01935	ILLUMINA	data/SH01935.R1.fq.gz	data/SH01935.R2.fq.gz
SH01938	ILLUMINA	data/SH01938.R1.fq.gz	data/SH01938.R2.fq.gz
SH01939	ILLUMINA	data/SH01939.R1.fq.gz	data/SH01939.R2.fq.gz
SH01940	ILLUMINA	data/SH01940.R1.fq.gz	data/SH01940.R2.fq.gz
SH01942	ILLUMINA	data/SH01942.R1.fq.gz	data/SH01942.R2.fq.gz
SH01943	ILLUMINA	data/SH01943.R1.fq.gz	data/SH01943.R2.fq.gz
SH01944	ILLUMINA	data/SH01944.R1.fq.gz	data/SH01944.R2.fq.gz
SH01945	ILLUMINA	data/SH01945.R1.fq.gz	data/SH01945.R2.fq.gz
SH01946	ILLUMINA	data/SH01946.R1.fq.gz	data/SH01946.R2.fq.gz
SH01947	ILLUMINA	data/SH01947.R1.fq.gz	data/SH01947.R2.fq.gz
SH01948	ILLUMINA	data/SH01948.R1.fq.gz	data/SH01948.R2.fq.gz
SH01949	ILLUMINA	data/SH01949.R1.fq.gz	data/SH01949.R2.fq.gz
SH01951	ILLUMINA	data/SH01951.R1.fq.gz	data/SH01951.R2.fq.gz
SH01952	ILLUMINA	data/SH01952.R1.fq.gz	data/SH01952.R2.fq.gz
SH01953	ILLUMINA	data/SH01953.R1.fq.gz	data/SH01953.R2.fq.gz
SH01954	ILLUMINA	data/SH01954.R1.fq.gz	data/SH01954.R2.fq.gz
SH01955	ILLUMINA	data/SH01955.R1.fq.gz	data/SH01955.R2.fq.gz
SH01956	ILLUMINA	data/SH01956.R1.fq.gz	data/SH01956.R2.fq.gz
SH01957	ILLUMINA	data/SH01957.R1.fq.gz	data/SH01957.R2.fq.gz
SH01958	ILLUMINA	data/SH01958.R1.fq.gz	data/SH01958.R2.fq.gz
SH01959	ILLUMINA	data/SH01959.R1.fq.gz	data/SH01959.R2.fq.gz
SH01960	ILLUMINA	data/SH01960.R1.fq.gz	data/SH01960.R2.fq.gz
SH01961	ILLUMINA	data/SH01961.R1.fq.gz	data/SH01961.R2.fq.gz
SH01962	ILLUMINA	data/SH01962.R1.fq.gz	data/SH01962.R2.fq.gz
SH01963	ILLUMINA	data/SH01963.R1.fq.gz	data/SH01963.R2.fq.gz
SH01964	ILLUMINA	data/SH01964.R1.fq.gz	data/SH01964.R2.fq.gz
SH01965	ILLUMINA	data/SH01965.R1.fq.gz	data/SH01965.R2.fq.gz
SH01966	ILLUMINA	data/SH01966.R1.fq.gz	data/SH01966.R2.fq.gz
SH01967	ILLUMINA	data/SH01967.R1.fq.gz	data/SH01967.R2.fq.gz
SH01969	ILLUMINA	data/SH01969.R1.fq.gz	data/SH01969.R2.fq.gz
SH01970	ILLUMINA	data/SH01970.R1.fq.gz	data/SH01970.R2.fq.gz
SH01971	ILLUMINA	data/SH01971.R1.fq.gz	data/SH01971.R2.fq.gz
SH01972	ILLUMINA	data/SH01972.R1.fq.gz	data/SH01972.R2.fq.gz
SH01973	ILLUMINA	data/SH01973.R1.fq.gz	data/SH01973.R2.fq.gz
SH01974	ILLUMINA	data/SH01974.R1.fq.gz	data/SH01974.R2.fq.gz
SH01975	ILLUMINA	data/SH01975.R1.fq.gz	data/SH01975.R2.fq.gz
SH01976	ILLUMINA	data/SH01976.R1.fq.gz	data/SH01976.R2.fq.gz
SH01977	ILLUMINA	data/SH01977.R1.fq.gz	data/SH01977.R2.fq.gz
SH01978	ILLUMINA	data/SH01978.R1.fq.gz	data/SH01978.R2.fq.gz
SH01979	ILLUMINA	data/SH01979.R1.fq.gz	data/SH01979.R2.fq.gz
SH01980	ILLUMINA	data/SH01980.R1.fq.gz	data/SH01980.R2.fq.gz
SH01981	ILLUMINA	data/SH01981.R1.fq.gz	data/SH01981.R2.fq.gz
SH01982	ILLUMINA	data/SH01982.R1.fq.gz	data/SH01982.R2.fq.gz
SH01983	ILLUMINA	data/SH01983.R1.fq.gz	data/SH01983.R2.fq.gz
SH01984	ILLUMINA	data/SH01984.R1.fq.gz	data/SH01984.R2.fq.gz
SH01985	ILLUMINA	data/SH01985.R1.fq.gz	data/SH01985.R2.fq.gz
SH01986	ILLUMINA	data/SH01986.R1.fq.gz	data/SH01986.R2.fq.gz
SH01987	ILLUMINA	data/SH01987.R1.fq.gz	data/SH01987.R2.fq.gz
SH01988	ILLUMINA	data/SH01988.R1.fq.gz	data/SH01988.R2.fq.gz
SH01989	ILLUMINA	data/SH01989.R1.fq.gz	data/SH01989.R2.fq.gz
SH01990	ILLUMINA	data/SH01990.R1.fq.gz	data/SH01990.R2.fq.gz
SH01991	ILLUMINA	data/SH01991.R1.fq.gz	data/SH01991.R2.fq.gz
SH01992	ILLUMINA	data/SH01992.R1.fq.gz	data/SH01992.R2.fq.gz
SH01993	ILLUMINA	data/SH01993.R1.fq.gz	data/SH01993.R2.fq.gz
SH01994	ILLUMINA	data/SH01994.R1.fq.gz	data/SH01994.R2.fq.gz
SH01995	ILLUMINA	data/SH01995.R1.fq.gz	data/SH01995.R2.fq.gz
SH01996	ILLUMINA	data/SH01996.R1.fq.gz	data/SH01996.R2.fq.gz
SH01997	ILLUMINA	data/SH01997.R1.fq.gz	data/SH01997.R2.fq.gz
SH01998	ILLUMINA	data/SH01998.R1.fq.gz	data/SH01998.R2.fq.gz
SH01999	ILLUMINA	data/SH01999.R1.fq.gz	data/SH01999.R2.fq.gz
SH02000	ILLUMINA	data/SH02000.R1.fq.gz	data/SH02000.R2.fq.gz
SH02001	ILLUMINA	data/SH02001.R1.fq.gz	data/SH02001.R2.fq.gz
SH02002	ILLUMINA	data/SH02002.R1.fq.gz	data/SH02002.R2.fq.gz
SH02003	ILLUMINA	data/SH02003.R1.fq.gz	data/SH02003.R2.fq.gz
SH02005	ILLUMINA	data/SH02005.R1.fq.gz	data/SH02005.R2.fq.gz
SH02006	ILLUMINA	data/SH02006.R1.fq.gz	data/SH02006.R2.fq.gz
SH02007	ILLUMINA	data/SH02007.R1.fq.gz	data/SH02007.R2.fq.gz
SH02008	ILLUMINA	data/SH02008.R1.fq.gz	data/SH02008.R2.fq.gz
SH02009	ILLUMINA	data/SH02009.R1.fq.gz	data/SH02009.R2.fq.gz
SH02010	ILLUMINA	data/SH02010.R1.fq.gz	data/SH02010.R2.fq.gz
SH02011	ILLUMINA	data/SH02011.R1.fq.gz	data/SH02011.R2.fq.gz
SH02012	ILLUMINA	data/SH02012.R1.fq.gz	data/SH02012.R2.fq.gz
SH02013	ILLUMINA	data/SH02013.R1.fq.gz	data/SH02013.R2.fq.gz
SH02014	ILLUMINA	data/SH02014.R1.fq.gz	data/SH02014.R2.fq.gz
SH02015	ILLUMINA	data/SH02015.R1.fq.gz	data/SH02015.R2.fq.gz
SH02016	ILLUMINA	data/SH02016.R1.fq.gz	data/SH02016.R2.fq.gz
SH02017	ILLUMINA	data/SH02017.R1.fq.gz	data/SH02017.R2.fq.gz
SH02018	ILLUMINA	data/SH02018.R1.fq.gz	data/SH02018.R2.fq.gz
SH02019	ILLUMINA	data/SH02019.R1.fq.gz	data/SH02019.R2.fq.gz
SH02020	ILLUMINA	data/SH02020.R1.fq.gz	data/SH02020.R2.fq.gz
SH02021	ILLUMINA	data/SH02021.R1.fq.gz	data/SH02021.R2.fq.gz
SH02022	ILLUMINA	data/SH02022.R1.fq.gz	data/SH02022.R2.fq.gz
SH02023	ILLUMINA	data/SH02023.R1.fq.gz	data/SH02023.R2.fq.gz
SH02024	ILLUMINA	data/SH02024.R1.fq.gz	data/SH02024.R2.fq.gz
SH02025	ILLUMINA	data/SH02025.R1.fq.gz	data/SH02025.R2.fq.gz
SH02026	ILLUMINA	data/SH02026.R1.fq.gz	data/SH02026.R2.fq.gz
SH02028	ILLUMINA	data/SH02028.R1.fq.gz	data/SH02028.R2.fq.gz
SH02029	ILLUMINA	data/SH02029.R1.fq.gz	data/SH02029.R2.fq.gz
SH02030	ILLUMINA	data/SH02030.R1.fq.gz	data/SH02030.R2.fq.gz
SH02031	ILLUMINA	data/SH02031.R1.fq.gz	data/SH02031.R2.fq.gz
SH02032	ILLUMINA	data/SH02032.R1.fq.gz	data/SH02032.R2.fq.gz
SH02033	ILLUMINA	data/SH02033.R1.fq.gz	data/SH02033.R2.fq.gz
SH02034	ILLUMINA	data/SH02034.R1.fq.gz	data/SH02034.R2.fq.gz
SH02035	ILLUMINA	data/SH02035.R1.fq.gz	data/SH02035.R2.fq.gz
SH02036	ILLUMINA	data/SH02036.R1.fq.gz	data/SH02036.R2.fq.gz
SH02037	ILLUMINA	data/SH02037.R1.fq.gz	data/SH02037.R2.fq.gz
SH02039	ILLUMINA	data/SH02039.R1.fq.gz	data/SH02039.R2.fq.gz
SH02041	ILLUMINA	data/SH02041.R1.fq.gz	data/SH02041.R2.fq.gz
SH02042	ILLUMINA	data/SH02042.R1.fq.gz	data/SH02042.R2.fq.gz
SH02043	ILLUMINA	data/SH02043.R1.fq.gz	data/SH02043.R2.fq.gz
SH02044	ILLUMINA	data/SH02044.R1.fq.gz	data/SH02044.R2.fq.gz
SH12297	ILLUMINA	data/SH12297.R1.fq.gz	data/SH12297.R2.fq.gz
SH12309	ILLUMINA	data/SH12309.R1.fq.gz	data/SH12309.R2.fq.gz
SH12333	ILLUMINA	data/SH12333.R1.fq.gz	data/SH12333.R2.fq.gz
SH12363	ILLUMINA	data/SH12363.R1.fq.gz	data/SH12363.R2.fq.gz
SH13688	ILLUMINA	data/SH13688.R1.fq.gz	data/SH13688.R2.fq.gz
SH13689	ILLUMINA	data/SH13689.R1.fq.gz	data/SH13689.R2.fq.gz
SH13690	ILLUMINA	data/SH13690.R1.fq.gz	data/SH13690.R2.fq.gz
SH13691	ILLUMINA	data/SH13691.R1.fq.gz	data/SH13691.R2.fq.gz
SH13692	ILLUMINA	data/SH13692.R1.fq.gz	data/SH13692.R2.fq.gz
SH13695	ILLUMINA	data/SH13695.R1.fq.gz	data/SH13695.R2.fq.gz
SH13697	ILLUMINA	data/SH13697.R1.fq.gz	data/SH13697.R2.fq.gz
SH13699	ILLUMINA	data/SH13699.R1.fq.gz	data/SH13699.R2.fq.gz
SH13701	ILLUMINA	data/SH13701.R1.fq.gz	data/SH13701.R2.fq.gz
SH13702	ILLUMINA	data/SH13702.R1.fq.gz	data/SH13702.R2.fq.gz
SH13703	ILLUMINA	data/SH13703.R1.fq.gz	data/SH13703.R2.fq.gz
SH13705	ILLUMINA	data/SH13705.R1.fq.gz	data/SH13705.R2.fq.gz
SH13707	ILLUMINA	data/SH13707.R1.fq.gz	data/SH13707.R2.fq.gz
SH13709	ILLUMINA	data/SH13709.R1.fq.gz	data/SH13709.R2.fq.gz
SH13710	ILLUMINA	data/SH13710.R1.fq.gz	data/SH13710.R2.fq.gz
SH13712	ILLUMINA	data/SH13712.R1.fq.gz	data/SH13712.R2.fq.gz
SH13713	ILLUMINA	data/SH13713.R1.fq.gz	data/SH13713.R2.fq.gz
SH13714	ILLUMINA	data/SH13714.R1.fq.gz	data/SH13714.R2.fq.gz
SH13717	ILLUMINA	data/SH13717.R1.fq.gz	data/SH13717.R2.fq.gz
SH13718	ILLUMINA	data/SH13718.R1.fq.gz	data/SH13718.R2.fq.gz
SH13720	ILLUMINA	data/SH13720.R1.fq.gz	data/SH13720.R2.fq.gz
SH13721	ILLUMINA	data/SH13721.R1.fq.gz	data/SH13721.R2.fq.gz
SH13722	ILLUMINA	data/SH13722.R1.fq.gz	data/SH13722.R2.fq.gz
SH13723	ILLUMINA	data/SH13723.R1.fq.gz	data/SH13723.R2.fq.gz
SH13724	ILLUMINA	data/SH13724.R1.fq.gz	data/SH13724.R2.fq.gz
SH13725	ILLUMINA	data/SH13725.R1.fq.gz	data/SH13725.R2.fq.gz
SH13726	ILLUMINA	data/SH13726.R1.fq.gz	data/SH13726.R2.fq.gz
SH13727	ILLUMINA	data/SH13727.R1.fq.gz	data/SH13727.R2.fq.gz
SH13728	ILLUMINA	data/SH13728.R1.fq.gz	data/SH13728.R2.fq.gz
SH13729	ILLUMINA	data/SH13729.R1.fq.gz	data/SH13729.R2.fq.gz
SH13730	ILLUMINA	data/SH13730.R1.fq.gz	data/SH13730.R2.fq.gz
SH13731	ILLUMINA	data/SH13731.R1.fq.gz	data/SH13731.R2.fq.gz
SH13732	ILLUMINA	data/SH13732.R1.fq.gz	data/SH13732.R2.fq.gz
SH13734	ILLUMINA	data/SH13734.R1.fq.gz	data/SH13734.R2.fq.gz
SH13735	ILLUMINA	data/SH13735.R1.fq.gz	data/SH13735.R2.fq.gz
SH13736	ILLUMINA	data/SH13736.R1.fq.gz	data/SH13736.R2.fq.gz
SH13737	ILLUMINA	data/SH13737.R1.fq.gz	data/SH13737.R2.fq.gz
SH13738	ILLUMINA	data/SH13738.R1.fq.gz	data/SH13738.R2.fq.gz
SH13741	ILLUMINA	data/SH13741.R1.fq.gz	data/SH13741.R2.fq.gz
SH13742	ILLUMINA	data/SH13742.R1.fq.gz	data/SH13742.R2.fq.gz
SH13743	ILLUMINA	data/SH13743.R1.fq.gz	data/SH13743.R2.fq.gz
SH13744	ILLUMINA	data/SH13744.R1.fq.gz	data/SH13744.R2.fq.gz
SH13745	ILLUMINA	data/SH13745.R1.fq.gz	data/SH13745.R2.fq.gz
SH13746	ILLUMINA	data/SH13746.R1.fq.gz	data/SH13746.R2.fq.gz
SH13747	ILLUMINA	data/SH13747.R1.fq.gz	data/SH13747.R2.fq.gz
SH13748	ILLUMINA	data/SH13748.R1.fq.gz	data/SH13748.R2.fq.gz
SH13749	ILLUMINA	data/SH13749.R1.fq.gz	data/SH13749.R2.fq.gz
SH13750	ILLUMINA	data/SH13750.R1.fq.gz	data/SH13750.R2.fq.gz
SH13751	ILLUMINA	data/SH13751.R1.fq.gz	data/SH13751.R2.fq.gz
SH13752	ILLUMINA	data/SH13752.R1.fq.gz	data/SH13752.R2.fq.gz
SH13753	ILLUMINA	data/SH13753.R1.fq.gz	data/SH13753.R2.fq.gz
SH13754	ILLUMINA	data/SH13754.R1.fq.gz	data/SH13754.R2.fq.gz
SH13755	ILLUMINA	data/SH13755.R1.fq.gz	data/SH13755.R2.fq.gz
SH13756	ILLUMINA	data/SH13756.R1.fq.gz	data/SH13756.R2.fq.gz
SH13758	ILLUMINA	data/SH13758.R1.fq.gz	data/SH13758.R2.fq.gz
SH13759	ILLUMINA	data/SH13759.R1.fq.gz	data/SH13759.R2.fq.gz
SH13760	ILLUMINA	data/SH13760.R1.fq.gz	data/SH13760.R2.fq.gz
SH13786	ILLUMINA	data/SH13786.R1.fq.gz	data/SH13786.R2.fq.gz
SH13787	ILLUMINA	data/SH13787.R1.fq.gz	data/SH13787.R2.fq.gz
SH13788	ILLUMINA	data/SH13788.R1.fq.gz	data/SH13788.R2.fq.gz
SH13789	ILLUMINA	data/SH13789.R1.fq.gz	data/SH13789.R2.fq.gz
SH13790	ILLUMINA	data/SH13790.R1.fq.gz	data/SH13790.R2.fq.gz
SH13791	ILLUMINA	data/SH13791.R1.fq.gz	data/SH13791.R2.fq.gz
SH13792	ILLUMINA	data/SH13792.R1.fq.gz	data/SH13792.R2.fq.gz
SH13793	ILLUMINA	data/SH13793.R1.fq.gz	data/SH13793.R2.fq.gz
SH13794	ILLUMINA	data/SH13794.R1.fq.gz	data/SH13794.R2.fq.gz
SH13795	ILLUMINA	data/SH13795.R1.fq.gz	data/SH13795.R2.fq.gz
SH13796	ILLUMINA	data/SH13796.R1.fq.gz	data/SH13796.R2.fq.gz
SH13797	ILLUMINA	data/SH13797.R1.fq.gz	data/SH13797.R2.fq.gz
SH13798	ILLUMINA	data/SH13798.R1.fq.gz	data/SH13798.R2.fq.gz
SH13799	ILLUMINA	data/SH13799.R1.fq.gz	data/SH13799.R2.fq.gz
SH13800	ILLUMINA	data/SH13800.R1.fq.gz	data/SH13800.R2.fq.gz
SH13801	ILLUMINA	data/SH13801.R1.fq.gz	data/SH13801.R2.fq.gz
SH13802	ILLUMINA	data/SH13802.R1.fq.gz	data/SH13802.R2.fq.gz
SH13803	ILLUMINA	data/SH13803.R1.fq.gz	data/SH13803.R2.fq.gz
SH13804	ILLUMINA	data/SH13804.R1.fq.gz	data/SH13804.R2.fq.gz
SH13805	ILLUMINA	data/SH13805.R1.fq.gz	data/SH13805.R2.fq.gz
SH13806	ILLUMINA	data/SH13806.R1.fq.gz	data/SH13806.R2.fq.gz
SH13807	ILLUMINA	data/SH13807.R1.fq.gz	data/SH13807.R2.fq.gz
SH13808	ILLUMINA	data/SH13808.R1.fq.gz	data/SH13808.R2.fq.gz
SH13809	ILLUMINA	data/SH13809.R1.fq.gz	data/SH13809.R2.fq.gz
SH13810	ILLUMINA	data/SH13810.R1.fq.gz	data/SH13810.R2.fq.gz
SH13811	ILLUMINA	data/SH13811.R1.fq.gz	data/SH13811.R2.fq.gz
SH13812	ILLUMINA	data/SH13812.R1.fq.gz	data/SH13812.R2.fq.gz
SH13813	ILLUMINA	data/SH13813.R1.fq.gz	data/SH13813.R2.fq.gz
SH13814	ILLUMINA	data/SH13814.R1.fq.gz	data/SH13814.R2.fq.gz
SH13815	ILLUMINA	data/SH13815.R1.fq.gz	data/SH13815.R2.fq.gz
SH13816	ILLUMINA	data/SH13816.R1.fq.gz	data/SH13816.R2.fq.gz
SH13817	ILLUMINA	data/SH13817.R1.fq.gz	data/SH13817.R2.fq.gz
SH13818	ILLUMINA	data/SH13818.R1.fq.gz	data/SH13818.R2.fq.gz
SH13819	ILLUMINA	data/SH13819.R1.fq.gz	data/SH13819.R2.fq.gz
SH13820	ILLUMINA	data/SH13820.R1.fq.gz	data/SH13820.R2.fq.gz
SH13821	ILLUMINA	data/SH13821.R1.fq.gz	data/SH13821.R2.fq.gz
SH13822	ILLUMINA	data/SH13822.R1.fq.gz	data/SH13822.R2.fq.gz
SH13823	ILLUMINA	data/SH13823.R1.fq.gz	data/SH13823.R2.fq.gz
SH13824	ILLUMINA	data/SH13824.R1.fq.gz	data/SH13824.R2.fq.gz
SH13825	ILLUMINA	data/SH13825.R1.fq.gz	data/SH13825.R2.fq.gz
SH13826	ILLUMINA	data/SH13826.R1.fq.gz	data/SH13826.R2.fq.gz
SH13827	ILLUMINA	data/SH13827.R1.fq.gz	data/SH13827.R2.fq.gz
SH13828	ILLUMINA	data/SH13828.R1.fq.gz	data/SH13828.R2.fq.gz
SH13829	ILLUMINA	data/SH13829.R1.fq.gz	data/SH13829.R2.fq.gz
SH13830	ILLUMINA	data/SH13830.R1.fq.gz	data/SH13830.R2.fq.gz
SH13831	ILLUMINA	data/SH13831.R1.fq.gz	data/SH13831.R2.fq.gz
SH13832	ILLUMINA	data/SH13832.R1.fq.gz	data/SH13832.R2.fq.gz
SH13833	ILLUMINA	data/SH13833.R1.fq.gz	data/SH13833.R2.fq.gz
SH13834	ILLUMINA	data/SH13834.R1.fq.gz	data/SH13834.R2.fq.gz
SH13835	ILLUMINA	data/SH13835.R1.fq.gz	data/SH13835.R2.fq.gz
SH13836	ILLUMINA	data/SH13836.R1.fq.gz	data/SH13836.R2.fq.gz
SH13837	ILLUMINA	data/SH13837.R1.fq.gz	data/SH13837.R2.fq.gz
SH13838	ILLUMINA	data/SH13838.R1.fq.gz	data/SH13838.R2.fq.gz
SH13839	ILLUMINA	data/SH13839.R1.fq.gz	data/SH13839.R2.fq.gz
SH13840	ILLUMINA	data/SH13840.R1.fq.gz	data/SH13840.R2.fq.gz
SH13841	ILLUMINA	data/SH13841.R1.fq.gz	data/SH13841.R2.fq.gz
SH13842	ILLUMINA	data/SH13842.R1.fq.gz	data/SH13842.R2.fq.gz
SH13843	ILLUMINA	data/SH13843.R1.fq.gz	data/SH13843.R2.fq.gz
SH13844	ILLUMINA	data/SH13844.R1.fq.gz	data/SH13844.R2.fq.gz
SH13845	ILLUMINA	data/SH13845.R1.fq.gz	data/SH13845.R2.fq.gz
SH13846	ILLUMINA	data/SH13846.R1.fq.gz	data/SH13846.R2.fq.gz
SH13847	ILLUMINA	data/SH13847.R1.fq.gz	data/SH13847.R2.fq.gz
SH13848	ILLUMINA	data/SH13848.R1.fq.gz	data/SH13848.R2.fq.gz
SH13849	ILLUMINA	data/SH13849.R1.fq.gz	data/SH13849.R2.fq.gz
SH13850	ILLUMINA	data/SH13850.R1.fq.gz	data/SH13850.R2.fq.gz
SH13851	ILLUMINA	data/SH13851.R1.fq.gz	data/SH13851.R2.fq.gz
SH13852	ILLUMINA	data/SH13852.R1.fq.gz	data/SH13852.R2.fq.gz
SH13853	ILLUMINA	data/SH13853.R1.fq.gz	data/SH13853.R2.fq.gz
SH13854	ILLUMINA	data/SH13854.R1.fq.gz	data/SH13854.R2.fq.gz
SH13855	ILLUMINA	data/SH13855.R1.fq.gz	data/SH13855.R2.fq.gz
SH13856	ILLUMINA	data/SH13856.R1.fq.gz	data/SH13856.R2.fq.gz
SH13857	ILLUMINA	data/SH13857.R1.fq.gz	data/SH13857.R2.fq.gz
SH13858	ILLUMINA	data/SH13858.R1.fq.gz	data/SH13858.R2.fq.gz
SH13859	ILLUMINA	data/SH13859.R1.fq.gz	data/SH13859.R2.fq.gz
SH13861	ILLUMINA	data/SH13861.R1.fq.gz	data/SH13861.R2.fq.gz
SH13862	ILLUMINA	data/SH13862.R1.fq.gz	data/SH13862.R2.fq.gz
SH13863	ILLUMINA	data/SH13863.R1.fq.gz	data/SH13863.R2.fq.gz
SH13864	ILLUMINA	data/SH13864.R1.fq.gz	data/SH13864.R2.fq.gz
SH13865	ILLUMINA	data/SH13865.R1.fq.gz	data/SH13865.R2.fq.gz
SH13866	ILLUMINA	data/SH13866.R1.fq.gz	data/SH13866.R2.fq.gz
SH13867	ILLUMINA	data/SH13867.R1.fq.gz	data/SH13867.R2.fq.gz
SH13868	ILLUMINA	data/SH13868.R1.fq.gz	data/SH13868.R2.fq.gz
SH13869	ILLUMINA	data/SH13869.R1.fq.gz	data/SH13869.R2.fq.gz
SH13870	ILLUMINA	data/SH13870.R1.fq.gz	data/SH13870.R2.fq.gz
SH13871	ILLUMINA	data/SH13871.R1.fq.gz	data/SH13871.R2.fq.gz
SH13872	ILLUMINA	data/SH13872.R1.fq.gz	data/SH13872.R2.fq.gz
SH13873	ILLUMINA	data/SH13873.R1.fq.gz	data/SH13873.R2.fq.gz
SH13874	ILLUMINA	data/SH13874.R1.fq.gz	data/SH13874.R2.fq.gz
SH13875	ILLUMINA	data/SH13875.R1.fq.gz	data/SH13875.R2.fq.gz
SH13876	ILLUMINA	data/SH13876.R1.fq.gz	data/SH13876.R2.fq.gz
SH13877	ILLUMINA	data/SH13877.R1.fq.gz	data/SH13877.R2.fq.gz
SH13878	ILLUMINA	data/SH13878.R1.fq.gz	data/SH13878.R2.fq.gz
SH13879	ILLUMINA	data/SH13879.R1.fq.gz	data/SH13879.R2.fq.gz
SH13880	ILLUMINA	data/SH13880.R1.fq.gz	data/SH13880.R2.fq.gz
SH13881	ILLUMINA	data/SH13881.R1.fq.gz	data/SH13881.R2.fq.gz
SH13882	ILLUMINA	data/SH13882.R1.fq.gz	data/SH13882.R2.fq.gz
SH13883	ILLUMINA	data/SH13883.R1.fq.gz	data/SH13883.R2.fq.gz
SH13884	ILLUMINA	data/SH13884.R1.fq.gz	data/SH13884.R2.fq.gz
SH13885	ILLUMINA	data/SH13885.R1.fq.gz	data/SH13885.R2.fq.gz
SH13886	ILLUMINA	data/SH13886.R1.fq.gz	data/SH13886.R2.fq.gz
SH13887	ILLUMINA	data/SH13887.R1.fq.gz	data/SH13887.R2.fq.gz
SH13888	ILLUMINA	data/SH13888.R1.fq.gz	data/SH13888.R2.fq.gz
SH13889	ILLUMINA	data/SH13889.R1.fq.gz	data/SH13889.R2.fq.gz
SH13891	ILLUMINA	data/SH13891.R1.fq.gz	data/SH13891.R2.fq.gz
SH13892	ILLUMINA	data/SH13892.R1.fq.gz	data/SH13892.R2.fq.gz
SH13893	ILLUMINA	data/SH13893.R1.fq.gz	data/SH13893.R2.fq.gz
SH13894	ILLUMINA	data/SH13894.R1.fq.gz	data/SH13894.R2.fq.gz
SH13895	ILLUMINA	data/SH13895.R1.fq.gz	data/SH13895.R2.fq.gz
SH13896	ILLUMINA	data/SH13896.R1.fq.gz	data/SH13896.R2.fq.gz
SH13897	ILLUMINA	data/SH13897.R1.fq.gz	data/SH13897.R2.fq.gz
SH13898	ILLUMINA	data/SH13898.R1.fq.gz	data/SH13898.R2.fq.gz
SH13899	ILLUMINA	data/SH13899.R1.fq.gz	data/SH13899.R2.fq.gz
SH13900	ILLUMINA	data/SH13900.R1.fq.gz	data/SH13900.R2.fq.gz
SH13901	ILLUMINA	data/SH13901.R1.fq.gz	data/SH13901.R2.fq.gz
SH13902	ILLUMINA	data/SH13902.R1.fq.gz	data/SH13902.R2.fq.gz
SH13904	ILLUMINA	data/SH13904.R1.fq.gz	data/SH13904.R2.fq.gz
SH13905	ILLUMINA	data/SH13905.R1.fq.gz	data/SH13905.R2.fq.gz
SH13906	ILLUMINA	data/SH13906.R1.fq.gz	data/SH13906.R2.fq.gz
SH13907	ILLUMINA	data/SH13907.R1.fq.gz	data/SH13907.R2.fq.gz
SH13908	ILLUMINA	data/SH13908.R1.fq.gz	data/SH13908.R2.fq.gz
SH13909	ILLUMINA	data/SH13909.R1.fq.gz	data/SH13909.R2.fq.gz
SH13910	ILLUMINA	data/SH13910.R1.fq.gz	data/SH13910.R2.fq.gz
SH13911	ILLUMINA	data/SH13911.R1.fq.gz	data/SH13911.R2.fq.gz
SH13912	ILLUMINA	data/SH13912.R1.fq.gz	data/SH13912.R2.fq.gz
SH13913	ILLUMINA	data/SH13913.R1.fq.gz	data/SH13913.R2.fq.gz
SH13914	ILLUMINA	data/SH13914.R1.fq.gz	data/SH13914.R2.fq.gz
SH13915	ILLUMINA	data/SH13915.R1.fq.gz	data/SH13915.R2.fq.gz
SH13916	ILLUMINA	data/SH13916.R1.fq.gz	data/SH13916.R2.fq.gz
SH13917	ILLUMINA	data/SH13917.R1.fq.gz	data/SH13917.R2.fq.gz
SH13918	ILLUMINA	data/SH13918.R1.fq.gz	data/SH13918.R2.fq.gz
SH13919	ILLUMINA	data/SH13919.R1.fq.gz	data/SH13919.R2.fq.gz
SH13920	ILLUMINA	data/SH13920.R1.fq.gz	data/SH13920.R2.fq.gz
SH13921	ILLUMINA	data/SH13921.R1.fq.gz	data/SH13921.R2.fq.gz
SH13922	ILLUMINA	data/SH13922.R1.fq.gz	data/SH13922.R2.fq.gz
SH13923	ILLUMINA	data/SH13923.R1.fq.gz	data/SH13923.R2.fq.gz
SH13924	ILLUMINA	data/SH13924.R1.fq.gz	data/SH13924.R2.fq.gz
SH13925	ILLUMINA	data/SH13925.R1.fq.gz	data/SH13925.R2.fq.gz
SH13927	ILLUMINA	data/SH13927.R1.fq.gz	data/SH13927.R2.fq.gz
SH13928	ILLUMINA	data/SH13928.R1.fq.gz	data/SH13928.R2.fq.gz
SH13930	ILLUMINA	data/SH13930.R1.fq.gz	data/SH13930.R2.fq.gz
SH13931	ILLUMINA	data/SH13931.R1.fq.gz	data/SH13931.R2.fq.gz
SH13932	ILLUMINA	data/SH13932.R1.fq.gz	data/SH13932.R2.fq.gz
SH13933	ILLUMINA	data/SH13933.R1.fq.gz	data/SH13933.R2.fq.gz
SH13934	ILLUMINA	data/SH13934.R1.fq.gz	data/SH13934.R2.fq.gz
SH13935	ILLUMINA	data/SH13935.R1.fq.gz	data/SH13935.R2.fq.gz
SH13936	ILLUMINA	data/SH13936.R1.fq.gz	data/SH13936.R2.fq.gz
SH13937	ILLUMINA	data/SH13937.R1.fq.gz	data/SH13937.R2.fq.gz
SH13938	ILLUMINA	data/SH13938.R1.fq.gz	data/SH13938.R2.fq.gz
SH13939	ILLUMINA	data/SH13939.R1.fq.gz	data/SH13939.R2.fq.gz
SH13940	ILLUMINA	data/SH13940.R1.fq.gz	data/SH13940.R2.fq.gz
SH13941	ILLUMINA	data/SH13941.R1.fq.gz	data/SH13941.R2.fq.gz
SH13942	ILLUMINA	data/SH13942.R1.fq.gz	data/SH13942.R2.fq.gz
SH13943	ILLUMINA	data/SH13943.R1.fq.gz	data/SH13943.R2.fq.gz
SH13944	ILLUMINA	data/SH13944.R1.fq.gz	data/SH13944.R2.fq.gz
SH13945	ILLUMINA	data/SH13945.R1.fq.gz	data/SH13945.R2.fq.gz
SH13946	ILLUMINA	data/SH13946.R1.fq.gz	data/SH13946.R2.fq.gz
SH13947	ILLUMINA	data/SH13947.R1.fq.gz	data/SH13947.R2.fq.gz
SH13948	ILLUMINA	data/SH13948.R1.fq.gz	data/SH13948.R2.fq.gz
SH13949	ILLUMINA	data/SH13949.R1.fq.gz	data/SH13949.R2.fq.gz
SH13950	ILLUMINA	data/SH13950.R1.fq.gz	data/SH13950.R2.fq.gz
SH13951	ILLUMINA	data/SH13951.R1.fq.gz	data/SH13951.R2.fq.gz
SH13952	ILLUMINA	data/SH13952.R1.fq.gz	data/SH13952.R2.fq.gz
SH13953	ILLUMINA	data/SH13953.R1.fq.gz	data/SH13953.R2.fq.gz
SH13954	ILLUMINA	data/SH13954.R1.fq.gz	data/SH13954.R2.fq.gz
SH13955	ILLUMINA	data/SH13955.R1.fq.gz	data/SH13955.R2.fq.gz
SH13956	ILLUMINA	data/SH13956.R1.fq.gz	data/SH13956.R2.fq.gz
SH13957	ILLUMINA	data/SH13957.R1.fq.gz	data/SH13957.R2.fq.gz
SH13958	ILLUMINA	data/SH13958.R1.fq.gz	data/SH13958.R2.fq.gz
SH13959	ILLUMINA	data/SH13959.R1.fq.gz	data/SH13959.R2.fq.gz
SH13960	ILLUMINA	data/SH13960.R1.fq.gz	data/SH13960.R2.fq.gz
SH13961	ILLUMINA	data/SH13961.R1.fq.gz	data/SH13961.R2.fq.gz
SH13962	ILLUMINA	data/SH13962.R1.fq.gz	data/SH13962.R2.fq.gz
SH13963	ILLUMINA	data/SH13963.R1.fq.gz	data/SH13963.R2.fq.gz
SH13964	ILLUMINA	data/SH13964.R1.fq.gz	data/SH13964.R2.fq.gz
SH13965	ILLUMINA	data/SH13965.R1.fq.gz	data/SH13965.R2.fq.gz
SH13966	ILLUMINA	data/SH13966.R1.fq.gz	data/SH13966.R2.fq.gz
SH13967	ILLUMINA	data/SH13967.R1.fq.gz	data/SH13967.R2.fq.gz
SH13968	ILLUMINA	data/SH13968.R1.fq.gz	data/SH13968.R2.fq.gz
SH13969	ILLUMINA	data/SH13969.R1.fq.gz	data/SH13969.R2.fq.gz
SH13970	ILLUMINA	data/SH13970.R1.fq.gz	data/SH13970.R2.fq.gz
SH13971	ILLUMINA	data/SH13971.R1.fq.gz	data/SH13971.R2.fq.gz
SH13972	ILLUMINA	data/SH13972.R1.fq.gz	data/SH13972.R2.fq.gz
SH13973	ILLUMINA	data/SH13973.R1.fq.gz	data/SH13973.R2.fq.gz
SH13974	ILLUMINA	data/SH13974.R1.fq.gz	data/SH13974.R2.fq.gz
SH13975	ILLUMINA	data/SH13975.R1.fq.gz	data/SH13975.R2.fq.gz
SH13976	ILLUMINA	data/SH13976.R1.fq.gz	data/SH13976.R2.fq.gz
SH13977	ILLUMINA	data/SH13977.R1.fq.gz	data/SH13977.R2.fq.gz
SH13978	ILLUMINA	data/SH13978.R1.fq.gz	data/SH13978.R2.fq.gz
SH13979	ILLUMINA	data/SH13979.R1.fq.gz	data/SH13979.R2.fq.gz
SH13762	ILLUMINA	data/SH13762.R1.fq.gz	data/SH13762.R2.fq.gz
SH13763	ILLUMINA	data/SH13763.R1.fq.gz	data/SH13763.R2.fq.gz
SH13764	ILLUMINA	data/SH13764.R1.fq.gz	data/SH13764.R2.fq.gz
SH13765	ILLUMINA	data/SH13765.R1.fq.gz	data/SH13765.R2.fq.gz
SH13768	ILLUMINA	data/SH13768.R1.fq.gz	data/SH13768.R2.fq.gz
SH13769	ILLUMINA	data/SH13769.R1.fq.gz	data/SH13769.R2.fq.gz
SH13770	ILLUMINA	data/SH13770.R1.fq.gz	data/SH13770.R2.fq.gz
SH13771	ILLUMINA	data/SH13771.R1.fq.gz	data/SH13771.R2.fq.gz
SH13772	ILLUMINA	data/SH13772.R1.fq.gz	data/SH13772.R2.fq.gz
SH13774	ILLUMINA	data/SH13774.R1.fq.gz	data/SH13774.R2.fq.gz
SH13775	ILLUMINA	data/SH13775.R1.fq.gz	data/SH13775.R2.fq.gz
SH13776	ILLUMINA	data/SH13776.R1.fq.gz	data/SH13776.R2.fq.gz
SH13777	ILLUMINA	data/SH13777.R1.fq.gz	data/SH13777.R2.fq.gz
SH13778	ILLUMINA	data/SH13778.R1.fq.gz	data/SH13778.R2.fq.gz
SH13779	ILLUMINA	data/SH13779.R1.fq.gz	data/SH13779.R2.fq.gz
SH13780	ILLUMINA	data/SH13780.R1.fq.gz	data/SH13780.R2.fq.gz
SH13781	ILLUMINA	data/SH13781.R1.fq.gz	data/SH13781.R2.fq.gz
SH13782	ILLUMINA	data/SH13782.R1.fq.gz	data/SH13782.R2.fq.gz
SH13783	ILLUMINA	data/SH13783.R1.fq.gz	data/SH13783.R2.fq.gz
SH13784	ILLUMINA	data/SH13784.R1.fq.gz	data/SH13784.R2.fq.gz
SH13785	ILLUMINA	data/SH13785.R1.fq.gz	data/SH13785.R2.fq.gz
SH13980	ILLUMINA	data/SH13980.R1.fq.gz	data/SH13980.R2.fq.gz
SH13981	ILLUMINA	data/SH13981.R1.fq.gz	data/SH13981.R2.fq.gz
SH13982	ILLUMINA	data/SH13982.R1.fq.gz	data/SH13982.R2.fq.gz
SH13983	ILLUMINA	data/SH13983.R1.fq.gz	data/SH13983.R2.fq.gz
SH13984	ILLUMINA	data/SH13984.R1.fq.gz	data/SH13984.R2.fq.gz
SH13985	ILLUMINA	data/SH13985.R1.fq.gz	data/SH13985.R2.fq.gz
SH13986	ILLUMINA	data/SH13986.R1.fq.gz	data/SH13986.R2.fq.gz
SH13987	ILLUMINA	data/SH13987.R1.fq.gz	data/SH13987.R2.fq.gz
SH13988	ILLUMINA	data/SH13988.R1.fq.gz	data/SH13988.R2.fq.gz
SH13989	ILLUMINA	data/SH13989.R1.fq.gz	data/SH13989.R2.fq.gz
SH13990	ILLUMINA	data/SH13990.R1.fq.gz	data/SH13990.R2.fq.gz
SH13991	ILLUMINA	data/SH13991.R1.fq.gz	data/SH13991.R2.fq.gz
SH13992	ILLUMINA	data/SH13992.R1.fq.gz	data/SH13992.R2.fq.gz
SH13993	ILLUMINA	data/SH13993.R1.fq.gz	data/SH13993.R2.fq.gz
SH13995	ILLUMINA	data/SH13995.R1.fq.gz	data/SH13995.R2.fq.gz
SH13996	ILLUMINA	data/SH13996.R1.fq.gz	data/SH13996.R2.fq.gz
SH13997	ILLUMINA	data/SH13997.R1.fq.gz	data/SH13997.R2.fq.gz
SH13998	ILLUMINA	data/SH13998.R1.fq.gz	data/SH13998.R2.fq.gz
SH13999	ILLUMINA	data/SH13999.R1.fq.gz	data/SH13999.R2.fq.gz
SH14000	ILLUMINA	data/SH14000.R1.fq.gz	data/SH14000.R2.fq.gz
SH14001	ILLUMINA	data/SH14001.R1.fq.gz	data/SH14001.R2.fq.gz
SH14002	ILLUMINA	data/SH14002.R1.fq.gz	data/SH14002.R2.fq.gz
SH14003	ILLUMINA	data/SH14003.R1.fq.gz	data/SH14003.R2.fq.gz
SH14004	ILLUMINA	data/SH14004.R1.fq.gz	data/SH14004.R2.fq.gz
SH14005	ILLUMINA	data/SH14005.R1.fq.gz	data/SH14005.R2.fq.gz
SH14006	ILLUMINA	data/SH14006.R1.fq.gz	data/SH14006.R2.fq.gz
SH14007	ILLUMINA	data/SH14007.R1.fq.gz	data/SH14007.R2.fq.gz
SH14008	ILLUMINA	data/SH14008.R1.fq.gz	data/SH14008.R2.fq.gz
SH14009	ILLUMINA	data/SH14009.R1.fq.gz	data/SH14009.R2.fq.gz
SH14010	ILLUMINA	data/SH14010.R1.fq.gz	data/SH14010.R2.fq.gz
SH14011	ILLUMINA	data/SH14011.R1.fq.gz	data/SH14011.R2.fq.gz
SH14012	ILLUMINA	data/SH14012.R1.fq.gz	data/SH14012.R2.fq.gz
SH14013	ILLUMINA	data/SH14013.R1.fq.gz	data/SH14013.R2.fq.gz
SH14014	ILLUMINA	data/SH14014.R1.fq.gz	data/SH14014.R2.fq.gz
SH14015	ILLUMINA	data/SH14015.R1.fq.gz	data/SH14015.R2.fq.gz
SH14017	ILLUMINA	data/SH14017.R1.fq.gz	data/SH14017.R2.fq.gz
SH14018	ILLUMINA	data/SH14018.R1.fq.gz	data/SH14018.R2.fq.gz
SH14019	ILLUMINA	data/SH14019.R1.fq.gz	data/SH14019.R2.fq.gz
SH14020	ILLUMINA	data/SH14020.R1.fq.gz	data/SH14020.R2.fq.gz
SH14021	ILLUMINA	data/SH14021.R1.fq.gz	data/SH14021.R2.fq.gz
SH14022	ILLUMINA	data/SH14022.R1.fq.gz	data/SH14022.R2.fq.gz
SH14023	ILLUMINA	data/SH14023.R1.fq.gz	data/SH14023.R2.fq.gz
SH14024	ILLUMINA	data/SH14024.R1.fq.gz	data/SH14024.R2.fq.gz
SH14025	ILLUMINA	data/SH14025.R1.fq.gz	data/SH14025.R2.fq.gz
SH14026	ILLUMINA	data/SH14026.R1.fq.gz	data/SH14026.R2.fq.gz
SH14027	ILLUMINA	data/SH14027.R1.fq.gz	data/SH14027.R2.fq.gz
SH14028	ILLUMINA	data/SH14028.R1.fq.gz	data/SH14028.R2.fq.gz
SH14029	ILLUMINA	data/SH14029.R1.fq.gz	data/SH14029.R2.fq.gz
SH14030	ILLUMINA	data/SH14030.R1.fq.gz	data/SH14030.R2.fq.gz
SH14031	ILLUMINA	data/SH14031.R1.fq.gz	data/SH14031.R2.fq.gz
SH14032	ILLUMINA	data/SH14032.R1.fq.gz	data/SH14032.R2.fq.gz
SH14033	ILLUMINA	data/SH14033.R1.fq.gz	data/SH14033.R2.fq.gz
SH14034	ILLUMINA	data/SH14034.R1.fq.gz	data/SH14034.R2.fq.gz
SH14035	ILLUMINA	data/SH14035.R1.fq.gz	data/SH14035.R2.fq.gz
SH14036	ILLUMINA	data/SH14036.R1.fq.gz	data/SH14036.R2.fq.gz
SH14037	ILLUMINA	data/SH14037.R1.fq.gz	data/SH14037.R2.fq.gz
SH14040	ILLUMINA	data/SH14040.R1.fq.gz	data/SH14040.R2.fq.gz
SH14041	ILLUMINA	data/SH14041.R1.fq.gz	data/SH14041.R2.fq.gz
SH14042	ILLUMINA	data/SH14042.R1.fq.gz	data/SH14042.R2.fq.gz
SH14043	ILLUMINA	data/SH14043.R1.fq.gz	data/SH14043.R2.fq.gz
SH14045	ILLUMINA	data/SH14045.R1.fq.gz	data/SH14045.R2.fq.gz
SH14046	ILLUMINA	data/SH14046.R1.fq.gz	data/SH14046.R2.fq.gz
SH14047	ILLUMINA	data/SH14047.R1.fq.gz	data/SH14047.R2.fq.gz
SH14048	ILLUMINA	data/SH14048.R1.fq.gz	data/SH14048.R2.fq.gz
SH14049	ILLUMINA	data/SH14049.R1.fq.gz	data/SH14049.R2.fq.gz
SH14050	ILLUMINA	data/SH14050.R1.fq.gz	data/SH14050.R2.fq.gz
SH14051	ILLUMINA	data/SH14051.R1.fq.gz	data/SH14051.R2.fq.gz
SH14052	ILLUMINA	data/SH14052.R1.fq.gz	data/SH14052.R2.fq.gz
SH14053	ILLUMINA	data/SH14053.R1.fq.gz	data/SH14053.R2.fq.gz
SH14054	ILLUMINA	data/SH14054.R1.fq.gz	data/SH14054.R2.fq.gz
SH14055	ILLUMINA	data/SH14055.R1.fq.gz	data/SH14055.R2.fq.gz
SH14056	ILLUMINA	data/SH14056.R1.fq.gz	data/SH14056.R2.fq.gz
SH14057	ILLUMINA	data/SH14057.R1.fq.gz	data/SH14057.R2.fq.gz
SH14060	ILLUMINA	data/SH14060.R1.fq.gz	data/SH14060.R2.fq.gz
SH14061	ILLUMINA	data/SH14061.R1.fq.gz	data/SH14061.R2.fq.gz
SH14062	ILLUMINA	data/SH14062.R1.fq.gz	data/SH14062.R2.fq.gz
SH14063	ILLUMINA	data/SH14063.R1.fq.gz	data/SH14063.R2.fq.gz
SH14064	ILLUMINA	data/SH14064.R1.fq.gz	data/SH14064.R2.fq.gz
SH14065	ILLUMINA	data/SH14065.R1.fq.gz	data/SH14065.R2.fq.gz
SH14066	ILLUMINA	data/SH14066.R1.fq.gz	data/SH14066.R2.fq.gz
SH14067	ILLUMINA	data/SH14067.R1.fq.gz	data/SH14067.R2.fq.gz
SH14068	ILLUMINA	data/SH14068.R1.fq.gz	data/SH14068.R2.fq.gz
SH14069	ILLUMINA	data/SH14069.R1.fq.gz	data/SH14069.R2.fq.gz
SH14070	ILLUMINA	data/SH14070.R1.fq.gz	data/SH14070.R2.fq.gz
SH14071	ILLUMINA	data/SH14071.R1.fq.gz	data/SH14071.R2.fq.gz
SH14072	ILLUMINA	data/SH14072.R1.fq.gz	data/SH14072.R2.fq.gz
SH14073	ILLUMINA	data/SH14073.R1.fq.gz	data/SH14073.R2.fq.gz
SH14075	ILLUMINA	data/SH14075.R1.fq.gz	data/SH14075.R2.fq.gz
SH14076	ILLUMINA	data/SH14076.R1.fq.gz	data/SH14076.R2.fq.gz
SH14077	ILLUMINA	data/SH14077.R1.fq.gz	data/SH14077.R2.fq.gz
SH14078	ILLUMINA	data/SH14078.R1.fq.gz	data/SH14078.R2.fq.gz
SH16924	ILLUMINA	data/SH16924.R1.fq.gz	data/SH16924.R2.fq.gz
SH16925	ILLUMINA	data/SH16925.R1.fq.gz	data/SH16925.R2.fq.gz
SH16926	ILLUMINA	data/SH16926.R1.fq.gz	data/SH16926.R2.fq.gz
SH16927	ILLUMINA	data/SH16927.R1.fq.gz	data/SH16927.R2.fq.gz
SH16928	ILLUMINA	data/SH16928.R1.fq.gz	data/SH16928.R2.fq.gz
SH16929	ILLUMINA	data/SH16929.R1.fq.gz	data/SH16929.R2.fq.gz
SH16930	ILLUMINA	data/SH16930.R1.fq.gz	data/SH16930.R2.fq.gz
SH16931	ILLUMINA	data/SH16931.R1.fq.gz	data/SH16931.R2.fq.gz
SH16932	ILLUMINA	data/SH16932.R1.fq.gz	data/SH16932.R2.fq.gz
SH16933	ILLUMINA	data/SH16933.R1.fq.gz	data/SH16933.R2.fq.gz
SH16934	ILLUMINA	data/SH16934.R1.fq.gz	data/SH16934.R2.fq.gz
SH16935	ILLUMINA	data/SH16935.R1.fq.gz	data/SH16935.R2.fq.gz
SH16936	ILLUMINA	data/SH16936.R1.fq.gz	data/SH16936.R2.fq.gz
SH16937	ILLUMINA	data/SH16937.R1.fq.gz	data/SH16937.R2.fq.gz
SH16938	ILLUMINA	data/SH16938.R1.fq.gz	data/SH16938.R2.fq.gz
SH16939	ILLUMINA	data/SH16939.R1.fq.gz	data/SH16939.R2.fq.gz
SH16940	ILLUMINA	data/SH16940.R1.fq.gz	data/SH16940.R2.fq.gz
SH16941	ILLUMINA	data/SH16941.R1.fq.gz	data/SH16941.R2.fq.gz
SH16942	ILLUMINA	data/SH16942.R1.fq.gz	data/SH16942.R2.fq.gz
SH16943	ILLUMINA	data/SH16943.R1.fq.gz	data/SH16943.R2.fq.gz
SH16944	ILLUMINA	data/SH16944.R1.fq.gz	data/SH16944.R2.fq.gz
SH16945	ILLUMINA	data/SH16945.R1.fq.gz	data/SH16945.R2.fq.gz
SH16946	ILLUMINA	data/SH16946.R1.fq.gz	data/SH16946.R2.fq.gz
SH16947	ILLUMINA	data/SH16947.R1.fq.gz	data/SH16947.R2.fq.gz
SH16948	ILLUMINA	data/SH16948.R1.fq.gz	data/SH16948.R2.fq.gz
SH16949	ILLUMINA	data/SH16949.R1.fq.gz	data/SH16949.R2.fq.gz
SH16950	ILLUMINA	data/SH16950.R1.fq.gz	data/SH16950.R2.fq.gz
SH16951	ILLUMINA	data/SH16951.R1.fq.gz	data/SH16951.R2.fq.gz
SH16952	ILLUMINA	data/SH16952.R1.fq.gz	data/SH16952.R2.fq.gz
SH16953	ILLUMINA	data/SH16953.R1.fq.gz	data/SH16953.R2.fq.gz
SH16954	ILLUMINA	data/SH16954.R1.fq.gz	data/SH16954.R2.fq.gz
SH16955	ILLUMINA	data/SH16955.R1.fq.gz	data/SH16955.R2.fq.gz
SH16956	ILLUMINA	data/SH16956.R1.fq.gz	data/SH16956.R2.fq.gz
SH16957	ILLUMINA	data/SH16957.R1.fq.gz	data/SH16957.R2.fq.gz
SH16958	ILLUMINA	data/SH16958.R1.fq.gz	data/SH16958.R2.fq.gz
SH16959	ILLUMINA	data/SH16959.R1.fq.gz	data/SH16959.R2.fq.gz
SH16960	ILLUMINA	data/SH16960.R1.fq.gz	data/SH16960.R2.fq.gz
SH16961	ILLUMINA	data/SH16961.R1.fq.gz	data/SH16961.R2.fq.gz
SH16962	ILLUMINA	data/SH16962.R1.fq.gz	data/SH16962.R2.fq.gz
SH16963	ILLUMINA	data/SH16963.R1.fq.gz	data/SH16963.R2.fq.gz
SH16964	ILLUMINA	data/SH16964.R1.fq.gz	data/SH16964.R2.fq.gz
SH16965	ILLUMINA	data/SH16965.R1.fq.gz	data/SH16965.R2.fq.gz
SH16967	ILLUMINA	data/SH16967.R1.fq.gz	data/SH16967.R2.fq.gz
SH16968	ILLUMINA	data/SH16968.R1.fq.gz	data/SH16968.R2.fq.gz
SH16969	ILLUMINA	data/SH16969.R1.fq.gz	data/SH16969.R2.fq.gz
SH16970	ILLUMINA	data/SH16970.R1.fq.gz	data/SH16970.R2.fq.gz
SH16971	ILLUMINA	data/SH16971.R1.fq.gz	data/SH16971.R2.fq.gz
SH16972	ILLUMINA	data/SH16972.R1.fq.gz	data/SH16972.R2.fq.gz
SH16973	ILLUMINA	data/SH16973.R1.fq.gz	data/SH16973.R2.fq.gz
SH16974	ILLUMINA	data/SH16974.R1.fq.gz	data/SH16974.R2.fq.gz
SH16975	ILLUMINA	data/SH16975.R1.fq.gz	data/SH16975.R2.fq.gz
SH16976	ILLUMINA	data/SH16976.R1.fq.gz	data/SH16976.R2.fq.gz
SH16977	ILLUMINA	data/SH16977.R1.fq.gz	data/SH16977.R2.fq.gz
SH16978	ILLUMINA	data/SH16978.R1.fq.gz	data/SH16978.R2.fq.gz
SH16979	ILLUMINA	data/SH16979.R1.fq.gz	data/SH16979.R2.fq.gz
SH16980	ILLUMINA	data/SH16980.R1.fq.gz	data/SH16980.R2.fq.gz
SH16981	ILLUMINA	data/SH16981.R1.fq.gz	data/SH16981.R2.fq.gz
SH16983	ILLUMINA	data/SH16983.R1.fq.gz	data/SH16983.R2.fq.gz
SH16984	ILLUMINA	data/SH16984.R1.fq.gz	data/SH16984.R2.fq.gz
SH16985	ILLUMINA	data/SH16985.R1.fq.gz	data/SH16985.R2.fq.gz
SH16986	ILLUMINA	data/SH16986.R1.fq.gz	data/SH16986.R2.fq.gz
SH16987	ILLUMINA	data/SH16987.R1.fq.gz	data/SH16987.R2.fq.gz
SH16988	ILLUMINA	data/SH16988.R1.fq.gz	data/SH16988.R2.fq.gz
SH16989	ILLUMINA	data/SH16989.R1.fq.gz	data/SH16989.R2.fq.gz
SH16990	ILLUMINA	data/SH16990.R1.fq.gz	data/SH16990.R2.fq.gz
SH16991	ILLUMINA	data/SH16991.R1.fq.gz	data/SH16991.R2.fq.gz
SH16992	ILLUMINA	data/SH16992.R1.fq.gz	data/SH16992.R2.fq.gz
SH16993	ILLUMINA	data/SH16993.R1.fq.gz	data/SH16993.R2.fq.gz
SH16994	ILLUMINA	data/SH16994.R1.fq.gz	data/SH16994.R2.fq.gz
SH16995	ILLUMINA	data/SH16995.R1.fq.gz	data/SH16995.R2.fq.gz
SH16996	ILLUMINA	data/SH16996.R1.fq.gz	data/SH16996.R2.fq.gz
SH16997	ILLUMINA	data/SH16997.R1.fq.gz	data/SH16997.R2.fq.gz
SH16998	ILLUMINA	data/SH16998.R1.fq.gz	data/SH16998.R2.fq.gz
SH16999	ILLUMINA	data/SH16999.R1.fq.gz	data/SH16999.R2.fq.gz
SH17000	ILLUMINA	data/SH17000.R1.fq.gz	data/SH17000.R2.fq.gz
SH17001	ILLUMINA	data/SH17001.R1.fq.gz	data/SH17001.R2.fq.gz
SH17002	ILLUMINA	data/SH17002.R1.fq.gz	data/SH17002.R2.fq.gz
SH17003	ILLUMINA	data/SH17003.R1.fq.gz	data/SH17003.R2.fq.gz
SH17004	ILLUMINA	data/SH17004.R1.fq.gz	data/SH17004.R2.fq.gz
SH17005	ILLUMINA	data/SH17005.R1.fq.gz	data/SH17005.R2.fq.gz
SH17006	ILLUMINA	data/SH17006.R1.fq.gz	data/SH17006.R2.fq.gz
SH17007	ILLUMINA	data/SH17007.R1.fq.gz	data/SH17007.R2.fq.gz
SH17008	ILLUMINA	data/SH17008.R1.fq.gz	data/SH17008.R2.fq.gz
SH17009	ILLUMINA	data/SH17009.R1.fq.gz	data/SH17009.R2.fq.gz
SH17010	ILLUMINA	data/SH17010.R1.fq.gz	data/SH17010.R2.fq.gz
SH17011	ILLUMINA	data/SH17011.R1.fq.gz	data/SH17011.R2.fq.gz
SH17012	ILLUMINA	data/SH17012.R1.fq.gz	data/SH17012.R2.fq.gz
SH17013	ILLUMINA	data/SH17013.R1.fq.gz	data/SH17013.R2.fq.gz
SH17014	ILLUMINA	data/SH17014.R1.fq.gz	data/SH17014.R2.fq.gz
SH17015	ILLUMINA	data/SH17015.R1.fq.gz	data/SH17015.R2.fq.gz
SH17016	ILLUMINA	data/SH17016.R1.fq.gz	data/SH17016.R2.fq.gz
SH17018	ILLUMINA	data/SH17018.R1.fq.gz	data/SH17018.R2.fq.gz
SH17019	ILLUMINA	data/SH17019.R1.fq.gz	data/SH17019.R2.fq.gz
SH17020	ILLUMINA	data/SH17020.R1.fq.gz	data/SH17020.R2.fq.gz
SH17021	ILLUMINA	data/SH17021.R1.fq.gz	data/SH17021.R2.fq.gz
SH17022	ILLUMINA	data/SH17022.R1.fq.gz	data/SH17022.R2.fq.gz
SH17023	ILLUMINA	data/SH17023.R1.fq.gz	data/SH17023.R2.fq.gz
SH17024	ILLUMINA	data/SH17024.R1.fq.gz	data/SH17024.R2.fq.gz
SH17025	ILLUMINA	data/SH17025.R1.fq.gz	data/SH17025.R2.fq.gz
SH17026	ILLUMINA	data/SH17026.R1.fq.gz	data/SH17026.R2.fq.gz
SH17027	ILLUMINA	data/SH17027.R1.fq.gz	data/SH17027.R2.fq.gz
SH17028	ILLUMINA	data/SH17028.R1.fq.gz	data/SH17028.R2.fq.gz
SH17029	ILLUMINA	data/SH17029.R1.fq.gz	data/SH17029.R2.fq.gz
SH17030	ILLUMINA	data/SH17030.R1.fq.gz	data/SH17030.R2.fq.gz
SH17031	ILLUMINA	data/SH17031.R1.fq.gz	data/SH17031.R2.fq.gz
SH17032	ILLUMINA	data/SH17032.R1.fq.gz	data/SH17032.R2.fq.gz
SH17033	ILLUMINA	data/SH17033.R1.fq.gz	data/SH17033.R2.fq.gz
SH17034	ILLUMINA	data/SH17034.R1.fq.gz	data/SH17034.R2.fq.gz
SH17035	ILLUMINA	data/SH17035.R1.fq.gz	data/SH17035.R2.fq.gz
SH17036	ILLUMINA	data/SH17036.R1.fq.gz	data/SH17036.R2.fq.gz
SH17037	ILLUMINA	data/SH17037.R1.fq.gz	data/SH17037.R2.fq.gz
SH17038	ILLUMINA	data/SH17038.R1.fq.gz	data/SH17038.R2.fq.gz
SH17039	ILLUMINA	data/SH17039.R1.fq.gz	data/SH17039.R2.fq.gz
SH17040	ILLUMINA	data/SH17040.R1.fq.gz	data/SH17040.R2.fq.gz
SH17041	ILLUMINA	data/SH17041.R1.fq.gz	data/SH17041.R2.fq.gz
SH17042	ILLUMINA	data/SH17042.R1.fq.gz	data/SH17042.R2.fq.gz
SH17043	ILLUMINA	data/SH17043.R1.fq.gz	data/SH17043.R2.fq.gz
SH17044	ILLUMINA	data/SH17044.R1.fq.gz	data/SH17044.R2.fq.gz
SH17045	ILLUMINA	data/SH17045.R1.fq.gz	data/SH17045.R2.fq.gz
SH17046	ILLUMINA	data/SH17046.R1.fq.gz	data/SH17046.R2.fq.gz
SH17047	ILLUMINA	data/SH17047.R1.fq.gz	data/SH17047.R2.fq.gz
SH17049	ILLUMINA	data/SH17049.R1.fq.gz	data/SH17049.R2.fq.gz
SH17050	ILLUMINA	data/SH17050.R1.fq.gz	data/SH17050.R2.fq.gz
SH17051	ILLUMINA	data/SH17051.R1.fq.gz	data/SH17051.R2.fq.gz
SH17052	ILLUMINA	data/SH17052.R1.fq.gz	data/SH17052.R2.fq.gz
SH17053	ILLUMINA	data/SH17053.R1.fq.gz	data/SH17053.R2.fq.gz
SH17054	ILLUMINA	data/SH17054.R1.fq.gz	data/SH17054.R2.fq.gz
SH17055	ILLUMINA	data/SH17055.R1.fq.gz	data/SH17055.R2.fq.gz
SH17056	ILLUMINA	data/SH17056.R1.fq.gz	data/SH17056.R2.fq.gz
SH17057	ILLUMINA	data/SH17057.R1.fq.gz	data/SH17057.R2.fq.gz
SH17058	ILLUMINA	data/SH17058.R1.fq.gz	data/SH17058.R2.fq.gz
SH17059	ILLUMINA	data/SH17059.R1.fq.gz	data/SH17059.R2.fq.gz
SH17060	ILLUMINA	data/SH17060.R1.fq.gz	data/SH17060.R2.fq.gz
SH17061	ILLUMINA	data/SH17061.R1.fq.gz	data/SH17061.R2.fq.gz
SH17062	ILLUMINA	data/SH17062.R1.fq.gz	data/SH17062.R2.fq.gz
SH17063	ILLUMINA	data/SH17063.R1.fq.gz	data/SH17063.R2.fq.gz
SH17064	ILLUMINA	data/SH17064.R1.fq.gz	data/SH17064.R2.fq.gz
SH17066	ILLUMINA	data/SH17066.R1.fq.gz	data/SH17066.R2.fq.gz
SH17067	ILLUMINA	data/SH17067.R1.fq.gz	data/SH17067.R2.fq.gz
SH17068	ILLUMINA	data/SH17068.R1.fq.gz	data/SH17068.R2.fq.gz
SH17069	ILLUMINA	data/SH17069.R1.fq.gz	data/SH17069.R2.fq.gz
SH17071	ILLUMINA	data/SH17071.R1.fq.gz	data/SH17071.R2.fq.gz
SH17072	ILLUMINA	data/SH17072.R1.fq.gz	data/SH17072.R2.fq.gz
SH17073	ILLUMINA	data/SH17073.R1.fq.gz	data/SH17073.R2.fq.gz
SH17074	ILLUMINA	data/SH17074.R1.fq.gz	data/SH17074.R2.fq.gz
SH17075	ILLUMINA	data/SH17075.R1.fq.gz	data/SH17075.R2.fq.gz
SH17076	ILLUMINA	data/SH17076.R1.fq.gz	data/SH17076.R2.fq.gz
SH17077	ILLUMINA	data/SH17077.R1.fq.gz	data/SH17077.R2.fq.gz
SH17078	ILLUMINA	data/SH17078.R1.fq.gz	data/SH17078.R2.fq.gz
SH17080	ILLUMINA	data/SH17080.R1.fq.gz	data/SH17080.R2.fq.gz
SH17081	ILLUMINA	data/SH17081.R1.fq.gz	data/SH17081.R2.fq.gz
SH17083	ILLUMINA	data/SH17083.R1.fq.gz	data/SH17083.R2.fq.gz
SH17085	ILLUMINA	data/SH17085.R1.fq.gz	data/SH17085.R2.fq.gz
SH17086	ILLUMINA	data/SH17086.R1.fq.gz	data/SH17086.R2.fq.gz
SH17088	ILLUMINA	data/SH17088.R1.fq.gz	data/SH17088.R2.fq.gz
SH17089	ILLUMINA	data/SH17089.R1.fq.gz	data/SH17089.R2.fq.gz
SH17090	ILLUMINA	data/SH17090.R1.fq.gz	data/SH17090.R2.fq.gz
SH17092	ILLUMINA	data/SH17092.R1.fq.gz	data/SH17092.R2.fq.gz
SH17094	ILLUMINA	data/SH17094.R1.fq.gz	data/SH17094.R2.fq.gz
SH17095	ILLUMINA	data/SH17095.R1.fq.gz	data/SH17095.R2.fq.gz
SH17096	ILLUMINA	data/SH17096.R1.fq.gz	data/SH17096.R2.fq.gz
SH17097	ILLUMINA	data/SH17097.R1.fq.gz	data/SH17097.R2.fq.gz
SH17098	ILLUMINA	data/SH17098.R1.fq.gz	data/SH17098.R2.fq.gz
SH17099	ILLUMINA	data/SH17099.R1.fq.gz	data/SH17099.R2.fq.gz
SH17100	ILLUMINA	data/SH17100.R1.fq.gz	data/SH17100.R2.fq.gz
SH17101	ILLUMINA	data/SH17101.R1.fq.gz	data/SH17101.R2.fq.gz
SH17102	ILLUMINA	data/SH17102.R1.fq.gz	data/SH17102.R2.fq.gz
SH17103	ILLUMINA	data/SH17103.R1.fq.gz	data/SH17103.R2.fq.gz
SH17104	ILLUMINA	data/SH17104.R1.fq.gz	data/SH17104.R2.fq.gz
SH17105	ILLUMINA	data/SH17105.R1.fq.gz	data/SH17105.R2.fq.gz
SH17107	ILLUMINA	data/SH17107.R1.fq.gz	data/SH17107.R2.fq.gz
SH17108	ILLUMINA	data/SH17108.R1.fq.gz	data/SH17108.R2.fq.gz
SH17109	ILLUMINA	data/SH17109.R1.fq.gz	data/SH17109.R2.fq.gz
SH17110	ILLUMINA	data/SH17110.R1.fq.gz	data/SH17110.R2.fq.gz
SH14079	ILLUMINA	data/SH14079.R1.fq.gz	data/SH14079.R2.fq.gz
SH14080	ILLUMINA	data/SH14080.R1.fq.gz	data/SH14080.R2.fq.gz
SH14081	ILLUMINA	data/SH14081.R1.fq.gz	data/SH14081.R2.fq.gz
SH14082	ILLUMINA	data/SH14082.R1.fq.gz	data/SH14082.R2.fq.gz
SH14083	ILLUMINA	data/SH14083.R1.fq.gz	data/SH14083.R2.fq.gz
SH14084	ILLUMINA	data/SH14084.R1.fq.gz	data/SH14084.R2.fq.gz
SH14085	ILLUMINA	data/SH14085.R1.fq.gz	data/SH14085.R2.fq.gz
SH14086	ILLUMINA	data/SH14086.R1.fq.gz	data/SH14086.R2.fq.gz
SH14087	ILLUMINA	data/SH14087.R1.fq.gz	data/SH14087.R2.fq.gz
SH14089	ILLUMINA	data/SH14089.R1.fq.gz	data/SH14089.R2.fq.gz
SH14090	ILLUMINA	data/SH14090.R1.fq.gz	data/SH14090.R2.fq.gz
SH14091	ILLUMINA	data/SH14091.R1.fq.gz	data/SH14091.R2.fq.gz
SH14092	ILLUMINA	data/SH14092.R1.fq.gz	data/SH14092.R2.fq.gz
SH14093	ILLUMINA	data/SH14093.R1.fq.gz	data/SH14093.R2.fq.gz
SH14094	ILLUMINA	data/SH14094.R1.fq.gz	data/SH14094.R2.fq.gz
SH14095	ILLUMINA	data/SH14095.R1.fq.gz	data/SH14095.R2.fq.gz
SH14096	ILLUMINA	data/SH14096.R1.fq.gz	data/SH14096.R2.fq.gz
SH14097	ILLUMINA	data/SH14097.R1.fq.gz	data/SH14097.R2.fq.gz
SH14098	ILLUMINA	data/SH14098.R1.fq.gz	data/SH14098.R2.fq.gz
SH14099	ILLUMINA	data/SH14099.R1.fq.gz	data/SH14099.R2.fq.gz
SH14100	ILLUMINA	data/SH14100.R1.fq.gz	data/SH14100.R2.fq.gz
SH14101	ILLUMINA	data/SH14101.R1.fq.gz	data/SH14101.R2.fq.gz
SH14102	ILLUMINA	data/SH14102.R1.fq.gz	data/SH14102.R2.fq.gz
SH14103	ILLUMINA	data/SH14103.R1.fq.gz	data/SH14103.R2.fq.gz
SH14105	ILLUMINA	data/SH14105.R1.fq.gz	data/SH14105.R2.fq.gz
SH14106	ILLUMINA	data/SH14106.R1.fq.gz	data/SH14106.R2.fq.gz
SH14107	ILLUMINA	data/SH14107.R1.fq.gz	data/SH14107.R2.fq.gz
SH14108	ILLUMINA	data/SH14108.R1.fq.gz	data/SH14108.R2.fq.gz
SH14109	ILLUMINA	data/SH14109.R1.fq.gz	data/SH14109.R2.fq.gz
SH14110	ILLUMINA	data/SH14110.R1.fq.gz	data/SH14110.R2.fq.gz
SH14111	ILLUMINA	data/SH14111.R1.fq.gz	data/SH14111.R2.fq.gz
SH14112	ILLUMINA	data/SH14112.R1.fq.gz	data/SH14112.R2.fq.gz
SH14114	ILLUMINA	data/SH14114.R1.fq.gz	data/SH14114.R2.fq.gz
SH14115	ILLUMINA	data/SH14115.R1.fq.gz	data/SH14115.R2.fq.gz
SH14117	ILLUMINA	data/SH14117.R1.fq.gz	data/SH14117.R2.fq.gz
SH14118	ILLUMINA	data/SH14118.R1.fq.gz	data/SH14118.R2.fq.gz
SH14119	ILLUMINA	data/SH14119.R1.fq.gz	data/SH14119.R2.fq.gz
SH14120	ILLUMINA	data/SH14120.R1.fq.gz	data/SH14120.R2.fq.gz
SH14121	ILLUMINA	data/SH14121.R1.fq.gz	data/SH14121.R2.fq.gz
SH14122	ILLUMINA	data/SH14122.R1.fq.gz	data/SH14122.R2.fq.gz
SH14123	ILLUMINA	data/SH14123.R1.fq.gz	data/SH14123.R2.fq.gz
SH14126	ILLUMINA	data/SH14126.R1.fq.gz	data/SH14126.R2.fq.gz
SH14127	ILLUMINA	data/SH14127.R1.fq.gz	data/SH14127.R2.fq.gz
SH14128	ILLUMINA	data/SH14128.R1.fq.gz	data/SH14128.R2.fq.gz
SH14129	ILLUMINA	data/SH14129.R1.fq.gz	data/SH14129.R2.fq.gz
SH14130	ILLUMINA	data/SH14130.R1.fq.gz	data/SH14130.R2.fq.gz
SH14132	ILLUMINA	data/SH14132.R1.fq.gz	data/SH14132.R2.fq.gz
SH14133	ILLUMINA	data/SH14133.R1.fq.gz	data/SH14133.R2.fq.gz
SH14134	ILLUMINA	data/SH14134.R1.fq.gz	data/SH14134.R2.fq.gz
SH14135	ILLUMINA	data/SH14135.R1.fq.gz	data/SH14135.R2.fq.gz
SH14136	ILLUMINA	data/SH14136.R1.fq.gz	data/SH14136.R2.fq.gz
SH14137	ILLUMINA	data/SH14137.R1.fq.gz	data/SH14137.R2.fq.gz
SH14138	ILLUMINA	data/SH14138.R1.fq.gz	data/SH14138.R2.fq.gz
SH14139	ILLUMINA	data/SH14139.R1.fq.gz	data/SH14139.R2.fq.gz
SH14140	ILLUMINA	data/SH14140.R1.fq.gz	data/SH14140.R2.fq.gz
SH14141	ILLUMINA	data/SH14141.R1.fq.gz	data/SH14141.R2.fq.gz
SH14142	ILLUMINA	data/SH14142.R1.fq.gz	data/SH14142.R2.fq.gz
SH14143	ILLUMINA	data/SH14143.R1.fq.gz	data/SH14143.R2.fq.gz
SH14144	ILLUMINA	data/SH14144.R1.fq.gz	data/SH14144.R2.fq.gz
SH14145	ILLUMINA	data/SH14145.R1.fq.gz	data/SH14145.R2.fq.gz
SH14146	ILLUMINA	data/SH14146.R1.fq.gz	data/SH14146.R2.fq.gz
SH14147	ILLUMINA	data/SH14147.R1.fq.gz	data/SH14147.R2.fq.gz
SH14148	ILLUMINA	data/SH14148.R1.fq.gz	data/SH14148.R2.fq.gz
SH14149	ILLUMINA	data/SH14149.R1.fq.gz	data/SH14149.R2.fq.gz
SH14150	ILLUMINA	data/SH14150.R1.fq.gz	data/SH14150.R2.fq.gz
SH14151	ILLUMINA	data/SH14151.R1.fq.gz	data/SH14151.R2.fq.gz
SH14152	ILLUMINA	data/SH14152.R1.fq.gz	data/SH14152.R2.fq.gz
SH14153	ILLUMINA	data/SH14153.R1.fq.gz	data/SH14153.R2.fq.gz
SH14154	ILLUMINA	data/SH14154.R1.fq.gz	data/SH14154.R2.fq.gz
SH14155	ILLUMINA	data/SH14155.R1.fq.gz	data/SH14155.R2.fq.gz
SH14156	ILLUMINA	data/SH14156.R1.fq.gz	data/SH14156.R2.fq.gz
SH14157	ILLUMINA	data/SH14157.R1.fq.gz	data/SH14157.R2.fq.gz
SH14158	ILLUMINA	data/SH14158.R1.fq.gz	data/SH14158.R2.fq.gz
SH14159	ILLUMINA	data/SH14159.R1.fq.gz	data/SH14159.R2.fq.gz
SH14160	ILLUMINA	data/SH14160.R1.fq.gz	data/SH14160.R2.fq.gz
SH14161	ILLUMINA	data/SH14161.R1.fq.gz	data/SH14161.R2.fq.gz
SH14163	ILLUMINA	data/SH14163.R1.fq.gz	data/SH14163.R2.fq.gz
SH14164	ILLUMINA	data/SH14164.R1.fq.gz	data/SH14164.R2.fq.gz
SH14165	ILLUMINA	data/SH14165.R1.fq.gz	data/SH14165.R2.fq.gz
SH14166	ILLUMINA	data/SH14166.R1.fq.gz	data/SH14166.R2.fq.gz
SH14167	ILLUMINA	data/SH14167.R1.fq.gz	data/SH14167.R2.fq.gz
SH14168	ILLUMINA	data/SH14168.R1.fq.gz	data/SH14168.R2.fq.gz
SH14169	ILLUMINA	data/SH14169.R1.fq.gz	data/SH14169.R2.fq.gz
SH14170	ILLUMINA	data/SH14170.R1.fq.gz	data/SH14170.R2.fq.gz
SH14171	ILLUMINA	data/SH14171.R1.fq.gz	data/SH14171.R2.fq.gz
SH14172	ILLUMINA	data/SH14172.R1.fq.gz	data/SH14172.R2.fq.gz
SH14173	ILLUMINA	data/SH14173.R1.fq.gz	data/SH14173.R2.fq.gz
SH14174	ILLUMINA	data/SH14174.R1.fq.gz	data/SH14174.R2.fq.gz
SH14175	ILLUMINA	data/SH14175.R1.fq.gz	data/SH14175.R2.fq.gz
SH14176	ILLUMINA	data/SH14176.R1.fq.gz	data/SH14176.R2.fq.gz
SH14177	ILLUMINA	data/SH14177.R1.fq.gz	data/SH14177.R2.fq.gz
SH14178	ILLUMINA	data/SH14178.R1.fq.gz	data/SH14178.R2.fq.gz
SH14179	ILLUMINA	data/SH14179.R1.fq.gz	data/SH14179.R2.fq.gz
SH14180	ILLUMINA	data/SH14180.R1.fq.gz	data/SH14180.R2.fq.gz
SH14181	ILLUMINA	data/SH14181.R1.fq.gz	data/SH14181.R2.fq.gz
SH14182	ILLUMINA	data/SH14182.R1.fq.gz	data/SH14182.R2.fq.gz
SH14183	ILLUMINA	data/SH14183.R1.fq.gz	data/SH14183.R2.fq.gz
SH14184	ILLUMINA	data/SH14184.R1.fq.gz	data/SH14184.R2.fq.gz
SH14185	ILLUMINA	data/SH14185.R1.fq.gz	data/SH14185.R2.fq.gz
SH14186	ILLUMINA	data/SH14186.R1.fq.gz	data/SH14186.R2.fq.gz
SH14187	ILLUMINA	data/SH14187.R1.fq.gz	data/SH14187.R2.fq.gz
SH14188	ILLUMINA	data/SH14188.R1.fq.gz	data/SH14188.R2.fq.gz
SH14189	ILLUMINA	data/SH14189.R1.fq.gz	data/SH14189.R2.fq.gz
SH14190	ILLUMINA	data/SH14190.R1.fq.gz	data/SH14190.R2.fq.gz
SH14191	ILLUMINA	data/SH14191.R1.fq.gz	data/SH14191.R2.fq.gz
SH14192	ILLUMINA	data/SH14192.R1.fq.gz	data/SH14192.R2.fq.gz
SH14193	ILLUMINA	data/SH14193.R1.fq.gz	data/SH14193.R2.fq.gz
SH14194	ILLUMINA	data/SH14194.R1.fq.gz	data/SH14194.R2.fq.gz
SH14195	ILLUMINA	data/SH14195.R1.fq.gz	data/SH14195.R2.fq.gz
SH14196	ILLUMINA	data/SH14196.R1.fq.gz	data/SH14196.R2.fq.gz
SH14197	ILLUMINA	data/SH14197.R1.fq.gz	data/SH14197.R2.fq.gz
SH14198	ILLUMINA	data/SH14198.R1.fq.gz	data/SH14198.R2.fq.gz
SH14199	ILLUMINA	data/SH14199.R1.fq.gz	data/SH14199.R2.fq.gz
SH14200	ILLUMINA	data/SH14200.R1.fq.gz	data/SH14200.R2.fq.gz
SH14201	ILLUMINA	data/SH14201.R1.fq.gz	data/SH14201.R2.fq.gz
SH14202	ILLUMINA	data/SH14202.R1.fq.gz	data/SH14202.R2.fq.gz
SH14203	ILLUMINA	data/SH14203.R1.fq.gz	data/SH14203.R2.fq.gz
SH14204	ILLUMINA	data/SH14204.R1.fq.gz	data/SH14204.R2.fq.gz
SH14205	ILLUMINA	data/SH14205.R1.fq.gz	data/SH14205.R2.fq.gz
SH14207	ILLUMINA	data/SH14207.R1.fq.gz	data/SH14207.R2.fq.gz
SH14208	ILLUMINA	data/SH14208.R1.fq.gz	data/SH14208.R2.fq.gz
SH14209	ILLUMINA	data/SH14209.R1.fq.gz	data/SH14209.R2.fq.gz
SH14210	ILLUMINA	data/SH14210.R1.fq.gz	data/SH14210.R2.fq.gz
SH14211	ILLUMINA	data/SH14211.R1.fq.gz	data/SH14211.R2.fq.gz
SH14212	ILLUMINA	data/SH14212.R1.fq.gz	data/SH14212.R2.fq.gz
SH14213	ILLUMINA	data/SH14213.R1.fq.gz	data/SH14213.R2.fq.gz
SH14214	ILLUMINA	data/SH14214.R1.fq.gz	data/SH14214.R2.fq.gz
SH14215	ILLUMINA	data/SH14215.R1.fq.gz	data/SH14215.R2.fq.gz
SH14216	ILLUMINA	data/SH14216.R1.fq.gz	data/SH14216.R2.fq.gz
SH14217	ILLUMINA	data/SH14217.R1.fq.gz	data/SH14217.R2.fq.gz
SH14218	ILLUMINA	data/SH14218.R1.fq.gz	data/SH14218.R2.fq.gz
SH14219	ILLUMINA	data/SH14219.R1.fq.gz	data/SH14219.R2.fq.gz
SH14220	ILLUMINA	data/SH14220.R1.fq.gz	data/SH14220.R2.fq.gz
SH14221	ILLUMINA	data/SH14221.R1.fq.gz	data/SH14221.R2.fq.gz
SH14222	ILLUMINA	data/SH14222.R1.fq.gz	data/SH14222.R2.fq.gz
SH14223	ILLUMINA	data/SH14223.R1.fq.gz	data/SH14223.R2.fq.gz
SH14224	ILLUMINA	data/SH14224.R1.fq.gz	data/SH14224.R2.fq.gz
SH14225	ILLUMINA	data/SH14225.R1.fq.gz	data/SH14225.R2.fq.gz
SH14226	ILLUMINA	data/SH14226.R1.fq.gz	data/SH14226.R2.fq.gz
SH14227	ILLUMINA	data/SH14227.R1.fq.gz	data/SH14227.R2.fq.gz
SH14228	ILLUMINA	data/SH14228.R1.fq.gz	data/SH14228.R2.fq.gz
SH14229	ILLUMINA	data/SH14229.R1.fq.gz	data/SH14229.R2.fq.gz
SH14230	ILLUMINA	data/SH14230.R1.fq.gz	data/SH14230.R2.fq.gz
SH14231	ILLUMINA	data/SH14231.R1.fq.gz	data/SH14231.R2.fq.gz
SH14232	ILLUMINA	data/SH14232.R1.fq.gz	data/SH14232.R2.fq.gz
SH14233	ILLUMINA	data/SH14233.R1.fq.gz	data/SH14233.R2.fq.gz
SH14234	ILLUMINA	data/SH14234.R1.fq.gz	data/SH14234.R2.fq.gz
SH14235	ILLUMINA	data/SH14235.R1.fq.gz	data/SH14235.R2.fq.gz
SH14236	ILLUMINA	data/SH14236.R1.fq.gz	data/SH14236.R2.fq.gz
SH14237	ILLUMINA	data/SH14237.R1.fq.gz	data/SH14237.R2.fq.gz
SH14238	ILLUMINA	data/SH14238.R1.fq.gz	data/SH14238.R2.fq.gz
SH14239	ILLUMINA	data/SH14239.R1.fq.gz	data/SH14239.R2.fq.gz
SH14240	ILLUMINA	data/SH14240.R1.fq.gz	data/SH14240.R2.fq.gz
SH14241	ILLUMINA	data/SH14241.R1.fq.gz	data/SH14241.R2.fq.gz
SH14242	ILLUMINA	data/SH14242.R1.fq.gz	data/SH14242.R2.fq.gz
SH14243	ILLUMINA	data/SH14243.R1.fq.gz	data/SH14243.R2.fq.gz
SH14244	ILLUMINA	data/SH14244.R1.fq.gz	data/SH14244.R2.fq.gz
SH14245	ILLUMINA	data/SH14245.R1.fq.gz	data/SH14245.R2.fq.gz
SH14246	ILLUMINA	data/SH14246.R1.fq.gz	data/SH14246.R2.fq.gz
SH14247	ILLUMINA	data/SH14247.R1.fq.gz	data/SH14247.R2.fq.gz
SH14248	ILLUMINA	data/SH14248.R1.fq.gz	data/SH14248.R2.fq.gz
SH14249	ILLUMINA	data/SH14249.R1.fq.gz	data/SH14249.R2.fq.gz
SH14250	ILLUMINA	data/SH14250.R1.fq.gz	data/SH14250.R2.fq.gz
SH14251	ILLUMINA	data/SH14251.R1.fq.gz	data/SH14251.R2.fq.gz
SH14252	ILLUMINA	data/SH14252.R1.fq.gz	data/SH14252.R2.fq.gz
SH14253	ILLUMINA	data/SH14253.R1.fq.gz	data/SH14253.R2.fq.gz
SH14254	ILLUMINA	data/SH14254.R1.fq.gz	data/SH14254.R2.fq.gz
SH14255	ILLUMINA	data/SH14255.R1.fq.gz	data/SH14255.R2.fq.gz
SH14256	ILLUMINA	data/SH14256.R1.fq.gz	data/SH14256.R2.fq.gz
SH14257	ILLUMINA	data/SH14257.R1.fq.gz	data/SH14257.R2.fq.gz
SH14258	ILLUMINA	data/SH14258.R1.fq.gz	data/SH14258.R2.fq.gz
SH14259	ILLUMINA	data/SH14259.R1.fq.gz	data/SH14259.R2.fq.gz
SH14260	ILLUMINA	data/SH14260.R1.fq.gz	data/SH14260.R2.fq.gz
SH14261	ILLUMINA	data/SH14261.R1.fq.gz	data/SH14261.R2.fq.gz
SH14263	ILLUMINA	data/SH14263.R1.fq.gz	data/SH14263.R2.fq.gz
SH14264	ILLUMINA	data/SH14264.R1.fq.gz	data/SH14264.R2.fq.gz
SH14265	ILLUMINA	data/SH14265.R1.fq.gz	data/SH14265.R2.fq.gz
SH14266	ILLUMINA	data/SH14266.R1.fq.gz	data/SH14266.R2.fq.gz
SH14267	ILLUMINA	data/SH14267.R1.fq.gz	data/SH14267.R2.fq.gz
SH14268	ILLUMINA	data/SH14268.R1.fq.gz	data/SH14268.R2.fq.gz
SH14269	ILLUMINA	data/SH14269.R1.fq.gz	data/SH14269.R2.fq.gz
SH14270	ILLUMINA	data/SH14270.R1.fq.gz	data/SH14270.R2.fq.gz
SH14271	ILLUMINA	data/SH14271.R1.fq.gz	data/SH14271.R2.fq.gz
SH14272	ILLUMINA	data/SH14272.R1.fq.gz	data/SH14272.R2.fq.gz
SH14274	ILLUMINA	data/SH14274.R1.fq.gz	data/SH14274.R2.fq.gz
SH14276	ILLUMINA	data/SH14276.R1.fq.gz	data/SH14276.R2.fq.gz
SH14277	ILLUMINA	data/SH14277.R1.fq.gz	data/SH14277.R2.fq.gz
SH14278	ILLUMINA	data/SH14278.R1.fq.gz	data/SH14278.R2.fq.gz
SH14279	ILLUMINA	data/SH14279.R1.fq.gz	data/SH14279.R2.fq.gz
SH14280	ILLUMINA	data/SH14280.R1.fq.gz	data/SH14280.R2.fq.gz
SH14281	ILLUMINA	data/SH14281.R1.fq.gz	data/SH14281.R2.fq.gz
SH14282	ILLUMINA	data/SH14282.R1.fq.gz	data/SH14282.R2.fq.gz
SH14283	ILLUMINA	data/SH14283.R1.fq.gz	data/SH14283.R2.fq.gz
SH14284	ILLUMINA	data/SH14284.R1.fq.gz	data/SH14284.R2.fq.gz
SH14285	ILLUMINA	data/SH14285.R1.fq.gz	data/SH14285.R2.fq.gz
SH14286	ILLUMINA	data/SH14286.R1.fq.gz	data/SH14286.R2.fq.gz
SH14287	ILLUMINA	data/SH14287.R1.fq.gz	data/SH14287.R2.fq.gz
SH14288	ILLUMINA	data/SH14288.R1.fq.gz	data/SH14288.R2.fq.gz
SH14289	ILLUMINA	data/SH14289.R1.fq.gz	data/SH14289.R2.fq.gz
SH14290	ILLUMINA	data/SH14290.R1.fq.gz	data/SH14290.R2.fq.gz
SH14291	ILLUMINA	data/SH14291.R1.fq.gz	data/SH14291.R2.fq.gz
SH14292	ILLUMINA	data/SH14292.R1.fq.gz	data/SH14292.R2.fq.gz
SH14293	ILLUMINA	data/SH14293.R1.fq.gz	data/SH14293.R2.fq.gz
SH14294	ILLUMINA	data/SH14294.R1.fq.gz	data/SH14294.R2.fq.gz
SH14295	ILLUMINA	data/SH14295.R1.fq.gz	data/SH14295.R2.fq.gz
SH14296	ILLUMINA	data/SH14296.R1.fq.gz	data/SH14296.R2.fq.gz
SH14297	ILLUMINA	data/SH14297.R1.fq.gz	data/SH14297.R2.fq.gz
SH14298	ILLUMINA	data/SH14298.R1.fq.gz	data/SH14298.R2.fq.gz
SH14299	ILLUMINA	data/SH14299.R1.fq.gz	data/SH14299.R2.fq.gz
SH14300	ILLUMINA	data/SH14300.R1.fq.gz	data/SH14300.R2.fq.gz
SH14301	ILLUMINA	data/SH14301.R1.fq.gz	data/SH14301.R2.fq.gz
SH14302	ILLUMINA	data/SH14302.R1.fq.gz	data/SH14302.R2.fq.gz
SH14303	ILLUMINA	data/SH14303.R1.fq.gz	data/SH14303.R2.fq.gz
SH14304	ILLUMINA	data/SH14304.R1.fq.gz	data/SH14304.R2.fq.gz
SH14305	ILLUMINA	data/SH14305.R1.fq.gz	data/SH14305.R2.fq.gz
SH14306	ILLUMINA	data/SH14306.R1.fq.gz	data/SH14306.R2.fq.gz
SH14307	ILLUMINA	data/SH14307.R1.fq.gz	data/SH14307.R2.fq.gz
SH14308	ILLUMINA	data/SH14308.R1.fq.gz	data/SH14308.R2.fq.gz
SH14309	ILLUMINA	data/SH14309.R1.fq.gz	data/SH14309.R2.fq.gz
SH14310	ILLUMINA	data/SH14310.R1.fq.gz	data/SH14310.R2.fq.gz
SH14311	ILLUMINA	data/SH14311.R1.fq.gz	data/SH14311.R2.fq.gz
SH14312	ILLUMINA	data/SH14312.R1.fq.gz	data/SH14312.R2.fq.gz
SH14313	ILLUMINA	data/SH14313.R1.fq.gz	data/SH14313.R2.fq.gz
SH14314	ILLUMINA	data/SH14314.R1.fq.gz	data/SH14314.R2.fq.gz
SH14315	ILLUMINA	data/SH14315.R1.fq.gz	data/SH14315.R2.fq.gz
SH14316	ILLUMINA	data/SH14316.R1.fq.gz	data/SH14316.R2.fq.gz
SH14317	ILLUMINA	data/SH14317.R1.fq.gz	data/SH14317.R2.fq.gz
SH14318	ILLUMINA	data/SH14318.R1.fq.gz	data/SH14318.R2.fq.gz
SH14319	ILLUMINA	data/SH14319.R1.fq.gz	data/SH14319.R2.fq.gz
SH14320	ILLUMINA	data/SH14320.R1.fq.gz	data/SH14320.R2.fq.gz
SH14321	ILLUMINA	data/SH14321.R1.fq.gz	data/SH14321.R2.fq.gz
SH14322	ILLUMINA	data/SH14322.R1.fq.gz	data/SH14322.R2.fq.gz
SH14323	ILLUMINA	data/SH14323.R1.fq.gz	data/SH14323.R2.fq.gz
SH14324	ILLUMINA	data/SH14324.R1.fq.gz	data/SH14324.R2.fq.gz
SH14325	ILLUMINA	data/SH14325.R1.fq.gz	data/SH14325.R2.fq.gz
SH14326	ILLUMINA	data/SH14326.R1.fq.gz	data/SH14326.R2.fq.gz
SH14327	ILLUMINA	data/SH14327.R1.fq.gz	data/SH14327.R2.fq.gz
SH14328	ILLUMINA	data/SH14328.R1.fq.gz	data/SH14328.R2.fq.gz
SH14329	ILLUMINA	data/SH14329.R1.fq.gz	data/SH14329.R2.fq.gz
SH14330	ILLUMINA	data/SH14330.R1.fq.gz	data/SH14330.R2.fq.gz
SH14331	ILLUMINA	data/SH14331.R1.fq.gz	data/SH14331.R2.fq.gz
SH14332	ILLUMINA	data/SH14332.R1.fq.gz	data/SH14332.R2.fq.gz
SH14333	ILLUMINA	data/SH14333.R1.fq.gz	data/SH14333.R2.fq.gz
SH14334	ILLUMINA	data/SH14334.R1.fq.gz	data/SH14334.R2.fq.gz
SH14335	ILLUMINA	data/SH14335.R1.fq.gz	data/SH14335.R2.fq.gz
SH14336	ILLUMINA	data/SH14336.R1.fq.gz	data/SH14336.R2.fq.gz
SH14337	ILLUMINA	data/SH14337.R1.fq.gz	data/SH14337.R2.fq.gz
SH14338	ILLUMINA	data/SH14338.R1.fq.gz	data/SH14338.R2.fq.gz
SH14339	ILLUMINA	data/SH14339.R1.fq.gz	data/SH14339.R2.fq.gz
SH14340	ILLUMINA	data/SH14340.R1.fq.gz	data/SH14340.R2.fq.gz
SH14341	ILLUMINA	data/SH14341.R1.fq.gz	data/SH14341.R2.fq.gz
SH14342	ILLUMINA	data/SH14342.R1.fq.gz	data/SH14342.R2.fq.gz
SH14343	ILLUMINA	data/SH14343.R1.fq.gz	data/SH14343.R2.fq.gz
SH14344	ILLUMINA	data/SH14344.R1.fq.gz	data/SH14344.R2.fq.gz
SH14345	ILLUMINA	data/SH14345.R1.fq.gz	data/SH14345.R2.fq.gz
SH14346	ILLUMINA	data/SH14346.R1.fq.gz	data/SH14346.R2.fq.gz
SH14347	ILLUMINA	data/SH14347.R1.fq.gz	data/SH14347.R2.fq.gz
SH14348	ILLUMINA	data/SH14348.R1.fq.gz	data/SH14348.R2.fq.gz
SH14349	ILLUMINA	data/SH14349.R1.fq.gz	data/SH14349.R2.fq.gz
SH14350	ILLUMINA	data/SH14350.R1.fq.gz	data/SH14350.R2.fq.gz
SH14351	ILLUMINA	data/SH14351.R1.fq.gz	data/SH14351.R2.fq.gz
SH14352	ILLUMINA	data/SH14352.R1.fq.gz	data/SH14352.R2.fq.gz
SH14353	ILLUMINA	data/SH14353.R1.fq.gz	data/SH14353.R2.fq.gz
SH14354	ILLUMINA	data/SH14354.R1.fq.gz	data/SH14354.R2.fq.gz
SH14355	ILLUMINA	data/SH14355.R1.fq.gz	data/SH14355.R2.fq.gz
SH14356	ILLUMINA	data/SH14356.R1.fq.gz	data/SH14356.R2.fq.gz
SH14357	ILLUMINA	data/SH14357.R1.fq.gz	data/SH14357.R2.fq.gz
SH14358	ILLUMINA	data/SH14358.R1.fq.gz	data/SH14358.R2.fq.gz
SH14359	ILLUMINA	data/SH14359.R1.fq.gz	data/SH14359.R2.fq.gz
SH14360	ILLUMINA	data/SH14360.R1.fq.gz	data/SH14360.R2.fq.gz
SH14361	ILLUMINA	data/SH14361.R1.fq.gz	data/SH14361.R2.fq.gz
SH14362	ILLUMINA	data/SH14362.R1.fq.gz	data/SH14362.R2.fq.gz
SH14363	ILLUMINA	data/SH14363.R1.fq.gz	data/SH14363.R2.fq.gz
SH14364	ILLUMINA	data/SH14364.R1.fq.gz	data/SH14364.R2.fq.gz
SH14365	ILLUMINA	data/SH14365.R1.fq.gz	data/SH14365.R2.fq.gz
SH14367	ILLUMINA	data/SH14367.R1.fq.gz	data/SH14367.R2.fq.gz
SH14368	ILLUMINA	data/SH14368.R1.fq.gz	data/SH14368.R2.fq.gz
SH14369	ILLUMINA	data/SH14369.R1.fq.gz	data/SH14369.R2.fq.gz
SH14370	ILLUMINA	data/SH14370.R1.fq.gz	data/SH14370.R2.fq.gz
SH14371	ILLUMINA	data/SH14371.R1.fq.gz	data/SH14371.R2.fq.gz
SH14372	ILLUMINA	data/SH14372.R1.fq.gz	data/SH14372.R2.fq.gz
SH14373	ILLUMINA	data/SH14373.R1.fq.gz	data/SH14373.R2.fq.gz
SH14374	ILLUMINA	data/SH14374.R1.fq.gz	data/SH14374.R2.fq.gz
SH14375	ILLUMINA	data/SH14375.R1.fq.gz	data/SH14375.R2.fq.gz
SH14376	ILLUMINA	data/SH14376.R1.fq.gz	data/SH14376.R2.fq.gz
SH14377	ILLUMINA	data/SH14377.R1.fq.gz	data/SH14377.R2.fq.gz
SH14378	ILLUMINA	data/SH14378.R1.fq.gz	data/SH14378.R2.fq.gz
SH14379	ILLUMINA	data/SH14379.R1.fq.gz	data/SH14379.R2.fq.gz
SH14380	ILLUMINA	data/SH14380.R1.fq.gz	data/SH14380.R2.fq.gz
SH14381	ILLUMINA	data/SH14381.R1.fq.gz	data/SH14381.R2.fq.gz
SH14382	ILLUMINA	data/SH14382.R1.fq.gz	data/SH14382.R2.fq.gz
SH14383	ILLUMINA	data/SH14383.R1.fq.gz	data/SH14383.R2.fq.gz
SH14384	ILLUMINA	data/SH14384.R1.fq.gz	data/SH14384.R2.fq.gz
SH14385	ILLUMINA	data/SH14385.R1.fq.gz	data/SH14385.R2.fq.gz
SH14386	ILLUMINA	data/SH14386.R1.fq.gz	data/SH14386.R2.fq.gz
SH14387	ILLUMINA	data/SH14387.R1.fq.gz	data/SH14387.R2.fq.gz
SH14388	ILLUMINA	data/SH14388.R1.fq.gz	data/SH14388.R2.fq.gz
SH14389	ILLUMINA	data/SH14389.R1.fq.gz	data/SH14389.R2.fq.gz
SH14390	ILLUMINA	data/SH14390.R1.fq.gz	data/SH14390.R2.fq.gz
SH14391	ILLUMINA	data/SH14391.R1.fq.gz	data/SH14391.R2.fq.gz
SH14392	ILLUMINA	data/SH14392.R1.fq.gz	data/SH14392.R2.fq.gz
SH14393	ILLUMINA	data/SH14393.R1.fq.gz	data/SH14393.R2.fq.gz
SH14394	ILLUMINA	data/SH14394.R1.fq.gz	data/SH14394.R2.fq.gz
SH14395	ILLUMINA	data/SH14395.R1.fq.gz	data/SH14395.R2.fq.gz
SH14396	ILLUMINA	data/SH14396.R1.fq.gz	data/SH14396.R2.fq.gz
SH14397	ILLUMINA	data/SH14397.R1.fq.gz	data/SH14397.R2.fq.gz
SH14398	ILLUMINA	data/SH14398.R1.fq.gz	data/SH14398.R2.fq.gz
SH14399	ILLUMINA	data/SH14399.R1.fq.gz	data/SH14399.R2.fq.gz
SH14400	ILLUMINA	data/SH14400.R1.fq.gz	data/SH14400.R2.fq.gz
SH14401	ILLUMINA	data/SH14401.R1.fq.gz	data/SH14401.R2.fq.gz
SH14402	ILLUMINA	data/SH14402.R1.fq.gz	data/SH14402.R2.fq.gz
SH14403	ILLUMINA	data/SH14403.R1.fq.gz	data/SH14403.R2.fq.gz
SH14404	ILLUMINA	data/SH14404.R1.fq.gz	data/SH14404.R2.fq.gz
SH14405	ILLUMINA	data/SH14405.R1.fq.gz	data/SH14405.R2.fq.gz
SH14406	ILLUMINA	data/SH14406.R1.fq.gz	data/SH14406.R2.fq.gz
SH14407	ILLUMINA	data/SH14407.R1.fq.gz	data/SH14407.R2.fq.gz
SH14408	ILLUMINA	data/SH14408.R1.fq.gz	data/SH14408.R2.fq.gz
SH14409	ILLUMINA	data/SH14409.R1.fq.gz	data/SH14409.R2.fq.gz
SH14410	ILLUMINA	data/SH14410.R1.fq.gz	data/SH14410.R2.fq.gz
SH14411	ILLUMINA	data/SH14411.R1.fq.gz	data/SH14411.R2.fq.gz
SH14412	ILLUMINA	data/SH14412.R1.fq.gz	data/SH14412.R2.fq.gz
SH14413	ILLUMINA	data/SH14413.R1.fq.gz	data/SH14413.R2.fq.gz
SH14414	ILLUMINA	data/SH14414.R1.fq.gz	data/SH14414.R2.fq.gz
SH14415	ILLUMINA	data/SH14415.R1.fq.gz	data/SH14415.R2.fq.gz
SH14416	ILLUMINA	data/SH14416.R1.fq.gz	data/SH14416.R2.fq.gz
SH14417	ILLUMINA	data/SH14417.R1.fq.gz	data/SH14417.R2.fq.gz
SH14418	ILLUMINA	data/SH14418.R1.fq.gz	data/SH14418.R2.fq.gz
SH14419	ILLUMINA	data/SH14419.R1.fq.gz	data/SH14419.R2.fq.gz
SH14420	ILLUMINA	data/SH14420.R1.fq.gz	data/SH14420.R2.fq.gz
SH14421	ILLUMINA	data/SH14421.R1.fq.gz	data/SH14421.R2.fq.gz
SH14422	ILLUMINA	data/SH14422.R1.fq.gz	data/SH14422.R2.fq.gz
SH14423	ILLUMINA	data/SH14423.R1.fq.gz	data/SH14423.R2.fq.gz
SH14424	ILLUMINA	data/SH14424.R1.fq.gz	data/SH14424.R2.fq.gz
SH14425	ILLUMINA	data/SH14425.R1.fq.gz	data/SH14425.R2.fq.gz
SH14426	ILLUMINA	data/SH14426.R1.fq.gz	data/SH14426.R2.fq.gz
SH14428	ILLUMINA	data/SH14428.R1.fq.gz	data/SH14428.R2.fq.gz
SH14429	ILLUMINA	data/SH14429.R1.fq.gz	data/SH14429.R2.fq.gz
SH14430	ILLUMINA	data/SH14430.R1.fq.gz	data/SH14430.R2.fq.gz
SH14431	ILLUMINA	data/SH14431.R1.fq.gz	data/SH14431.R2.fq.gz
SH14432	ILLUMINA	data/SH14432.R1.fq.gz	data/SH14432.R2.fq.gz
SH14433	ILLUMINA	data/SH14433.R1.fq.gz	data/SH14433.R2.fq.gz
SH14434	ILLUMINA	data/SH14434.R1.fq.gz	data/SH14434.R2.fq.gz
SH14435	ILLUMINA	data/SH14435.R1.fq.gz	data/SH14435.R2.fq.gz
SH14436	ILLUMINA	data/SH14436.R1.fq.gz	data/SH14436.R2.fq.gz
SH14437	ILLUMINA	data/SH14437.R1.fq.gz	data/SH14437.R2.fq.gz
SH14438	ILLUMINA	data/SH14438.R1.fq.gz	data/SH14438.R2.fq.gz
SH14439	ILLUMINA	data/SH14439.R1.fq.gz	data/SH14439.R2.fq.gz
SH14440	ILLUMINA	data/SH14440.R1.fq.gz	data/SH14440.R2.fq.gz
SH14441	ILLUMINA	data/SH14441.R1.fq.gz	data/SH14441.R2.fq.gz
SH14442	ILLUMINA	data/SH14442.R1.fq.gz	data/SH14442.R2.fq.gz
SH14443	ILLUMINA	data/SH14443.R1.fq.gz	data/SH14443.R2.fq.gz
SH14444	ILLUMINA	data/SH14444.R1.fq.gz	data/SH14444.R2.fq.gz
SH14445	ILLUMINA	data/SH14445.R1.fq.gz	data/SH14445.R2.fq.gz
SH14446	ILLUMINA	data/SH14446.R1.fq.gz	data/SH14446.R2.fq.gz
SH14447	ILLUMINA	data/SH14447.R1.fq.gz	data/SH14447.R2.fq.gz
SH14448	ILLUMINA	data/SH14448.R1.fq.gz	data/SH14448.R2.fq.gz
SH14449	ILLUMINA	data/SH14449.R1.fq.gz	data/SH14449.R2.fq.gz
SH14450	ILLUMINA	data/SH14450.R1.fq.gz	data/SH14450.R2.fq.gz
SH14451	ILLUMINA	data/SH14451.R1.fq.gz	data/SH14451.R2.fq.gz
SH14452	ILLUMINA	data/SH14452.R1.fq.gz	data/SH14452.R2.fq.gz
SH14453	ILLUMINA	data/SH14453.R1.fq.gz	data/SH14453.R2.fq.gz
SH14454	ILLUMINA	data/SH14454.R1.fq.gz	data/SH14454.R2.fq.gz
SH14456	ILLUMINA	data/SH14456.R1.fq.gz	data/SH14456.R2.fq.gz
SH14457	ILLUMINA	data/SH14457.R1.fq.gz	data/SH14457.R2.fq.gz
SH14458	ILLUMINA	data/SH14458.R1.fq.gz	data/SH14458.R2.fq.gz
SH14459	ILLUMINA	data/SH14459.R1.fq.gz	data/SH14459.R2.fq.gz
SH14460	ILLUMINA	data/SH14460.R1.fq.gz	data/SH14460.R2.fq.gz
SH14461	ILLUMINA	data/SH14461.R1.fq.gz	data/SH14461.R2.fq.gz
SH14462	ILLUMINA	data/SH14462.R1.fq.gz	data/SH14462.R2.fq.gz
SH14463	ILLUMINA	data/SH14463.R1.fq.gz	data/SH14463.R2.fq.gz
SH14464	ILLUMINA	data/SH14464.R1.fq.gz	data/SH14464.R2.fq.gz
SH02383	ILLUMINA	data/SH02383.R1.fq.gz	data/SH02383.R2.fq.gz
SH02384	ILLUMINA	data/SH02384.R1.fq.gz	data/SH02384.R2.fq.gz
SH02385	ILLUMINA	data/SH02385.R1.fq.gz	data/SH02385.R2.fq.gz
SH02386	ILLUMINA	data/SH02386.R1.fq.gz	data/SH02386.R2.fq.gz
SH02387	ILLUMINA	data/SH02387.R1.fq.gz	data/SH02387.R2.fq.gz
SH02388	ILLUMINA	data/SH02388.R1.fq.gz	data/SH02388.R2.fq.gz
SH02389	ILLUMINA	data/SH02389.R1.fq.gz	data/SH02389.R2.fq.gz
SH02390	ILLUMINA	data/SH02390.R1.fq.gz	data/SH02390.R2.fq.gz
SH02391	ILLUMINA	data/SH02391.R1.fq.gz	data/SH02391.R2.fq.gz
SH02392	ILLUMINA	data/SH02392.R1.fq.gz	data/SH02392.R2.fq.gz
SH02393	ILLUMINA	data/SH02393.R1.fq.gz	data/SH02393.R2.fq.gz
SH02394	ILLUMINA	data/SH02394.R1.fq.gz	data/SH02394.R2.fq.gz
SH02395	ILLUMINA	data/SH02395.R1.fq.gz	data/SH02395.R2.fq.gz
SH02396	ILLUMINA	data/SH02396.R1.fq.gz	data/SH02396.R2.fq.gz
SH02397	ILLUMINA	data/SH02397.R1.fq.gz	data/SH02397.R2.fq.gz
SH02398	ILLUMINA	data/SH02398.R1.fq.gz	data/SH02398.R2.fq.gz
SH02399	ILLUMINA	data/SH02399.R1.fq.gz	data/SH02399.R2.fq.gz
SH02400	ILLUMINA	data/SH02400.R1.fq.gz	data/SH02400.R2.fq.gz
SH02401	ILLUMINA	data/SH02401.R1.fq.gz	data/SH02401.R2.fq.gz
SH02402	ILLUMINA	data/SH02402.R1.fq.gz	data/SH02402.R2.fq.gz
SH02403	ILLUMINA	data/SH02403.R1.fq.gz	data/SH02403.R2.fq.gz
SH02404	ILLUMINA	data/SH02404.R1.fq.gz	data/SH02404.R2.fq.gz
SH02405	ILLUMINA	data/SH02405.R1.fq.gz	data/SH02405.R2.fq.gz
SH02406	ILLUMINA	data/SH02406.R1.fq.gz	data/SH02406.R2.fq.gz
SH02407	ILLUMINA	data/SH02407.R1.fq.gz	data/SH02407.R2.fq.gz
SH02408	ILLUMINA	data/SH02408.R1.fq.gz	data/SH02408.R2.fq.gz
SH02409	ILLUMINA	data/SH02409.R1.fq.gz	data/SH02409.R2.fq.gz
SH02410	ILLUMINA	data/SH02410.R1.fq.gz	data/SH02410.R2.fq.gz
SH02411	ILLUMINA	data/SH02411.R1.fq.gz	data/SH02411.R2.fq.gz
SH02412	ILLUMINA	data/SH02412.R1.fq.gz	data/SH02412.R2.fq.gz
SH02413	ILLUMINA	data/SH02413.R1.fq.gz	data/SH02413.R2.fq.gz
SH02414	ILLUMINA	data/SH02414.R1.fq.gz	data/SH02414.R2.fq.gz
SH02415	ILLUMINA	data/SH02415.R1.fq.gz	data/SH02415.R2.fq.gz
SH02416	ILLUMINA	data/SH02416.R1.fq.gz	data/SH02416.R2.fq.gz
SH02417	ILLUMINA	data/SH02417.R1.fq.gz	data/SH02417.R2.fq.gz
SH02418	ILLUMINA	data/SH02418.R1.fq.gz	data/SH02418.R2.fq.gz
SH02419	ILLUMINA	data/SH02419.R1.fq.gz	data/SH02419.R2.fq.gz
SH02420	ILLUMINA	data/SH02420.R1.fq.gz	data/SH02420.R2.fq.gz
SH02421	ILLUMINA	data/SH02421.R1.fq.gz	data/SH02421.R2.fq.gz
SH02422	ILLUMINA	data/SH02422.R1.fq.gz	data/SH02422.R2.fq.gz
SH02423	ILLUMINA	data/SH02423.R1.fq.gz	data/SH02423.R2.fq.gz
SH02424	ILLUMINA	data/SH02424.R1.fq.gz	data/SH02424.R2.fq.gz
SH02425	ILLUMINA	data/SH02425.R1.fq.gz	data/SH02425.R2.fq.gz
SH02426	ILLUMINA	data/SH02426.R1.fq.gz	data/SH02426.R2.fq.gz
SH02427	ILLUMINA	data/SH02427.R1.fq.gz	data/SH02427.R2.fq.gz
SH02428	ILLUMINA	data/SH02428.R1.fq.gz	data/SH02428.R2.fq.gz
SH02429	ILLUMINA	data/SH02429.R1.fq.gz	data/SH02429.R2.fq.gz
SH02430	ILLUMINA	data/SH02430.R1.fq.gz	data/SH02430.R2.fq.gz
SH02431	ILLUMINA	data/SH02431.R1.fq.gz	data/SH02431.R2.fq.gz
SH02432	ILLUMINA	data/SH02432.R1.fq.gz	data/SH02432.R2.fq.gz
SH02433	ILLUMINA	data/SH02433.R1.fq.gz	data/SH02433.R2.fq.gz
SH02435	ILLUMINA	data/SH02435.R1.fq.gz	data/SH02435.R2.fq.gz
SH02436	ILLUMINA	data/SH02436.R1.fq.gz	data/SH02436.R2.fq.gz
SH02437	ILLUMINA	data/SH02437.R1.fq.gz	data/SH02437.R2.fq.gz
SH02438	ILLUMINA	data/SH02438.R1.fq.gz	data/SH02438.R2.fq.gz
SH02439	ILLUMINA	data/SH02439.R1.fq.gz	data/SH02439.R2.fq.gz
SH02440	ILLUMINA	data/SH02440.R1.fq.gz	data/SH02440.R2.fq.gz
SH02441	ILLUMINA	data/SH02441.R1.fq.gz	data/SH02441.R2.fq.gz
SH02443	ILLUMINA	data/SH02443.R1.fq.gz	data/SH02443.R2.fq.gz
SH02444	ILLUMINA	data/SH02444.R1.fq.gz	data/SH02444.R2.fq.gz
SH02445	ILLUMINA	data/SH02445.R1.fq.gz	data/SH02445.R2.fq.gz
SH02446	ILLUMINA	data/SH02446.R1.fq.gz	data/SH02446.R2.fq.gz
SH02448	ILLUMINA	data/SH02448.R1.fq.gz	data/SH02448.R2.fq.gz
SH02449	ILLUMINA	data/SH02449.R1.fq.gz	data/SH02449.R2.fq.gz
SH02451	ILLUMINA	data/SH02451.R1.fq.gz	data/SH02451.R2.fq.gz
SH02452	ILLUMINA	data/SH02452.R1.fq.gz	data/SH02452.R2.fq.gz
SH02453	ILLUMINA	data/SH02453.R1.fq.gz	data/SH02453.R2.fq.gz
SH02455	ILLUMINA	data/SH02455.R1.fq.gz	data/SH02455.R2.fq.gz
SH02456	ILLUMINA	data/SH02456.R1.fq.gz	data/SH02456.R2.fq.gz
SH02457	ILLUMINA	data/SH02457.R1.fq.gz	data/SH02457.R2.fq.gz
SH02459	ILLUMINA	data/SH02459.R1.fq.gz	data/SH02459.R2.fq.gz
SH02460	ILLUMINA	data/SH02460.R1.fq.gz	data/SH02460.R2.fq.gz
SH02461	ILLUMINA	data/SH02461.R1.fq.gz	data/SH02461.R2.fq.gz
SH02462	ILLUMINA	data/SH02462.R1.fq.gz	data/SH02462.R2.fq.gz
SH02463	ILLUMINA	data/SH02463.R1.fq.gz	data/SH02463.R2.fq.gz
SH02464	ILLUMINA	data/SH02464.R1.fq.gz	data/SH02464.R2.fq.gz
SH02466	ILLUMINA	data/SH02466.R1.fq.gz	data/SH02466.R2.fq.gz
SH02467	ILLUMINA	data/SH02467.R1.fq.gz	data/SH02467.R2.fq.gz
SH02468	ILLUMINA	data/SH02468.R1.fq.gz	data/SH02468.R2.fq.gz
SH02469	ILLUMINA	data/SH02469.R1.fq.gz	data/SH02469.R2.fq.gz
SH02470	ILLUMINA	data/SH02470.R1.fq.gz	data/SH02470.R2.fq.gz
SH02471	ILLUMINA	data/SH02471.R1.fq.gz	data/SH02471.R2.fq.gz
SH02472	ILLUMINA	data/SH02472.R1.fq.gz	data/SH02472.R2.fq.gz
SH02473	ILLUMINA	data/SH02473.R1.fq.gz	data/SH02473.R2.fq.gz
SH02474	ILLUMINA	data/SH02474.R1.fq.gz	data/SH02474.R2.fq.gz
SH02475	ILLUMINA	data/SH02475.R1.fq.gz	data/SH02475.R2.fq.gz
SH02476	ILLUMINA	data/SH02476.R1.fq.gz	data/SH02476.R2.fq.gz
SH02477	ILLUMINA	data/SH02477.R1.fq.gz	data/SH02477.R2.fq.gz
SH02478	ILLUMINA	data/SH02478.R1.fq.gz	data/SH02478.R2.fq.gz
SH02479	ILLUMINA	data/SH02479.R1.fq.gz	data/SH02479.R2.fq.gz
SH02480	ILLUMINA	data/SH02480.R1.fq.gz	data/SH02480.R2.fq.gz
SH02481	ILLUMINA	data/SH02481.R1.fq.gz	data/SH02481.R2.fq.gz
SH02482	ILLUMINA	data/SH02482.R1.fq.gz	data/SH02482.R2.fq.gz
SH02483	ILLUMINA	data/SH02483.R1.fq.gz	data/SH02483.R2.fq.gz
SH02484	ILLUMINA	data/SH02484.R1.fq.gz	data/SH02484.R2.fq.gz
SH02485	ILLUMINA	data/SH02485.R1.fq.gz	data/SH02485.R2.fq.gz
SH02486	ILLUMINA	data/SH02486.R1.fq.gz	data/SH02486.R2.fq.gz
SH02487	ILLUMINA	data/SH02487.R1.fq.gz	data/SH02487.R2.fq.gz
SH02488	ILLUMINA	data/SH02488.R1.fq.gz	data/SH02488.R2.fq.gz
SH02489	ILLUMINA	data/SH02489.R1.fq.gz	data/SH02489.R2.fq.gz
SH02490	ILLUMINA	data/SH02490.R1.fq.gz	data/SH02490.R2.fq.gz
SH02491	ILLUMINA	data/SH02491.R1.fq.gz	data/SH02491.R2.fq.gz
SH02492	ILLUMINA	data/SH02492.R1.fq.gz	data/SH02492.R2.fq.gz
SH02493	ILLUMINA	data/SH02493.R1.fq.gz	data/SH02493.R2.fq.gz
SH02494	ILLUMINA	data/SH02494.R1.fq.gz	data/SH02494.R2.fq.gz
SH02496	ILLUMINA	data/SH02496.R1.fq.gz	data/SH02496.R2.fq.gz
SH02497	ILLUMINA	data/SH02497.R1.fq.gz	data/SH02497.R2.fq.gz
SH02498	ILLUMINA	data/SH02498.R1.fq.gz	data/SH02498.R2.fq.gz
SH02499	ILLUMINA	data/SH02499.R1.fq.gz	data/SH02499.R2.fq.gz
SH02500	ILLUMINA	data/SH02500.R1.fq.gz	data/SH02500.R2.fq.gz
SH02501	ILLUMINA	data/SH02501.R1.fq.gz	data/SH02501.R2.fq.gz
SH02502	ILLUMINA	data/SH02502.R1.fq.gz	data/SH02502.R2.fq.gz
SH02503	ILLUMINA	data/SH02503.R1.fq.gz	data/SH02503.R2.fq.gz
SH02504	ILLUMINA	data/SH02504.R1.fq.gz	data/SH02504.R2.fq.gz
SH02505	ILLUMINA	data/SH02505.R1.fq.gz	data/SH02505.R2.fq.gz
SH02506	ILLUMINA	data/SH02506.R1.fq.gz	data/SH02506.R2.fq.gz
SH02507	ILLUMINA	data/SH02507.R1.fq.gz	data/SH02507.R2.fq.gz
SH02508	ILLUMINA	data/SH02508.R1.fq.gz	data/SH02508.R2.fq.gz
SH02509	ILLUMINA	data/SH02509.R1.fq.gz	data/SH02509.R2.fq.gz
SH02510	ILLUMINA	data/SH02510.R1.fq.gz	data/SH02510.R2.fq.gz
SH02511	ILLUMINA	data/SH02511.R1.fq.gz	data/SH02511.R2.fq.gz
SH02512	ILLUMINA	data/SH02512.R1.fq.gz	data/SH02512.R2.fq.gz
SH02513	ILLUMINA	data/SH02513.R1.fq.gz	data/SH02513.R2.fq.gz
SH02514	ILLUMINA	data/SH02514.R1.fq.gz	data/SH02514.R2.fq.gz
SH02515	ILLUMINA	data/SH02515.R1.fq.gz	data/SH02515.R2.fq.gz
SH02516	ILLUMINA	data/SH02516.R1.fq.gz	data/SH02516.R2.fq.gz
SH02517	ILLUMINA	data/SH02517.R1.fq.gz	data/SH02517.R2.fq.gz
SH02518	ILLUMINA	data/SH02518.R1.fq.gz	data/SH02518.R2.fq.gz
SH02519	ILLUMINA	data/SH02519.R1.fq.gz	data/SH02519.R2.fq.gz
SH02520	ILLUMINA	data/SH02520.R1.fq.gz	data/SH02520.R2.fq.gz
SH02521	ILLUMINA	data/SH02521.R1.fq.gz	data/SH02521.R2.fq.gz
SH02522	ILLUMINA	data/SH02522.R1.fq.gz	data/SH02522.R2.fq.gz
SH02523	ILLUMINA	data/SH02523.R1.fq.gz	data/SH02523.R2.fq.gz
SH02524	ILLUMINA	data/SH02524.R1.fq.gz	data/SH02524.R2.fq.gz
SH02525	ILLUMINA	data/SH02525.R1.fq.gz	data/SH02525.R2.fq.gz
SH02526	ILLUMINA	data/SH02526.R1.fq.gz	data/SH02526.R2.fq.gz
SH02527	ILLUMINA	data/SH02527.R1.fq.gz	data/SH02527.R2.fq.gz
SH02528	ILLUMINA	data/SH02528.R1.fq.gz	data/SH02528.R2.fq.gz
SH02529	ILLUMINA	data/SH02529.R1.fq.gz	data/SH02529.R2.fq.gz
SH02530	ILLUMINA	data/SH02530.R1.fq.gz	data/SH02530.R2.fq.gz
SH02531	ILLUMINA	data/SH02531.R1.fq.gz	data/SH02531.R2.fq.gz
SH02532	ILLUMINA	data/SH02532.R1.fq.gz	data/SH02532.R2.fq.gz
SH02533	ILLUMINA	data/SH02533.R1.fq.gz	data/SH02533.R2.fq.gz
SH02534	ILLUMINA	data/SH02534.R1.fq.gz	data/SH02534.R2.fq.gz
SH02535	ILLUMINA	data/SH02535.R1.fq.gz	data/SH02535.R2.fq.gz
SH02536	ILLUMINA	data/SH02536.R1.fq.gz	data/SH02536.R2.fq.gz
SH02537	ILLUMINA	data/SH02537.R1.fq.gz	data/SH02537.R2.fq.gz
SH02540	ILLUMINA	data/SH02540.R1.fq.gz	data/SH02540.R2.fq.gz
SH02541	ILLUMINA	data/SH02541.R1.fq.gz	data/SH02541.R2.fq.gz
SH02542	ILLUMINA	data/SH02542.R1.fq.gz	data/SH02542.R2.fq.gz
SH02543	ILLUMINA	data/SH02543.R1.fq.gz	data/SH02543.R2.fq.gz
SH02544	ILLUMINA	data/SH02544.R1.fq.gz	data/SH02544.R2.fq.gz
SH02545	ILLUMINA	data/SH02545.R1.fq.gz	data/SH02545.R2.fq.gz
SH02546	ILLUMINA	data/SH02546.R1.fq.gz	data/SH02546.R2.fq.gz
SH02547	ILLUMINA	data/SH02547.R1.fq.gz	data/SH02547.R2.fq.gz
SH02548	ILLUMINA	data/SH02548.R1.fq.gz	data/SH02548.R2.fq.gz
SH02549	ILLUMINA	data/SH02549.R1.fq.gz	data/SH02549.R2.fq.gz
SH02550	ILLUMINA	data/SH02550.R1.fq.gz	data/SH02550.R2.fq.gz
SH02551	ILLUMINA	data/SH02551.R1.fq.gz	data/SH02551.R2.fq.gz
SH02552	ILLUMINA	data/SH02552.R1.fq.gz	data/SH02552.R2.fq.gz
SH02553	ILLUMINA	data/SH02553.R1.fq.gz	data/SH02553.R2.fq.gz
SH02555	ILLUMINA	data/SH02555.R1.fq.gz	data/SH02555.R2.fq.gz
SH02556	ILLUMINA	data/SH02556.R1.fq.gz	data/SH02556.R2.fq.gz
SH02557	ILLUMINA	data/SH02557.R1.fq.gz	data/SH02557.R2.fq.gz
SH02558	ILLUMINA	data/SH02558.R1.fq.gz	data/SH02558.R2.fq.gz
SH02559	ILLUMINA	data/SH02559.R1.fq.gz	data/SH02559.R2.fq.gz
SH02560	ILLUMINA	data/SH02560.R1.fq.gz	data/SH02560.R2.fq.gz
SH02561	ILLUMINA	data/SH02561.R1.fq.gz	data/SH02561.R2.fq.gz
SH02563	ILLUMINA	data/SH02563.R1.fq.gz	data/SH02563.R2.fq.gz
SH02564	ILLUMINA	data/SH02564.R1.fq.gz	data/SH02564.R2.fq.gz
SH02566	ILLUMINA	data/SH02566.R1.fq.gz	data/SH02566.R2.fq.gz
SH02567	ILLUMINA	data/SH02567.R1.fq.gz	data/SH02567.R2.fq.gz
SH02568	ILLUMINA	data/SH02568.R1.fq.gz	data/SH02568.R2.fq.gz
SH02569	ILLUMINA	data/SH02569.R1.fq.gz	data/SH02569.R2.fq.gz
SH02571	ILLUMINA	data/SH02571.R1.fq.gz	data/SH02571.R2.fq.gz
SH02572	ILLUMINA	data/SH02572.R1.fq.gz	data/SH02572.R2.fq.gz
SH02573	ILLUMINA	data/SH02573.R1.fq.gz	data/SH02573.R2.fq.gz
SH02574	ILLUMINA	data/SH02574.R1.fq.gz	data/SH02574.R2.fq.gz
SH02575	ILLUMINA	data/SH02575.R1.fq.gz	data/SH02575.R2.fq.gz
SH02576	ILLUMINA	data/SH02576.R1.fq.gz	data/SH02576.R2.fq.gz
SH02577	ILLUMINA	data/SH02577.R1.fq.gz	data/SH02577.R2.fq.gz
SH02578	ILLUMINA	data/SH02578.R1.fq.gz	data/SH02578.R2.fq.gz
SH02579	ILLUMINA	data/SH02579.R1.fq.gz	data/SH02579.R2.fq.gz
SH02580	ILLUMINA	data/SH02580.R1.fq.gz	data/SH02580.R2.fq.gz
SH02581	ILLUMINA	data/SH02581.R1.fq.gz	data/SH02581.R2.fq.gz
SH02582	ILLUMINA	data/SH02582.R1.fq.gz	data/SH02582.R2.fq.gz
SH02583	ILLUMINA	data/SH02583.R1.fq.gz	data/SH02583.R2.fq.gz
SH02584	ILLUMINA	data/SH02584.R1.fq.gz	data/SH02584.R2.fq.gz
SH02586	ILLUMINA	data/SH02586.R1.fq.gz	data/SH02586.R2.fq.gz
SH02587	ILLUMINA	data/SH02587.R1.fq.gz	data/SH02587.R2.fq.gz
SH02588	ILLUMINA	data/SH02588.R1.fq.gz	data/SH02588.R2.fq.gz
SH02589	ILLUMINA	data/SH02589.R1.fq.gz	data/SH02589.R2.fq.gz
SH02590	ILLUMINA	data/SH02590.R1.fq.gz	data/SH02590.R2.fq.gz
SH02591	ILLUMINA	data/SH02591.R1.fq.gz	data/SH02591.R2.fq.gz
SH02592	ILLUMINA	data/SH02592.R1.fq.gz	data/SH02592.R2.fq.gz
SH02594	ILLUMINA	data/SH02594.R1.fq.gz	data/SH02594.R2.fq.gz
SH02595	ILLUMINA	data/SH02595.R1.fq.gz	data/SH02595.R2.fq.gz
SH02596	ILLUMINA	data/SH02596.R1.fq.gz	data/SH02596.R2.fq.gz
SH02597	ILLUMINA	data/SH02597.R1.fq.gz	data/SH02597.R2.fq.gz
SH02599	ILLUMINA	data/SH02599.R1.fq.gz	data/SH02599.R2.fq.gz
SH02600	ILLUMINA	data/SH02600.R1.fq.gz	data/SH02600.R2.fq.gz
SH02601	ILLUMINA	data/SH02601.R1.fq.gz	data/SH02601.R2.fq.gz
SH02603	ILLUMINA	data/SH02603.R1.fq.gz	data/SH02603.R2.fq.gz
SH02604	ILLUMINA	data/SH02604.R1.fq.gz	data/SH02604.R2.fq.gz
SH02606	ILLUMINA	data/SH02606.R1.fq.gz	data/SH02606.R2.fq.gz
SH02607	ILLUMINA	data/SH02607.R1.fq.gz	data/SH02607.R2.fq.gz
SH02608	ILLUMINA	data/SH02608.R1.fq.gz	data/SH02608.R2.fq.gz
SH02609	ILLUMINA	data/SH02609.R1.fq.gz	data/SH02609.R2.fq.gz
SH02610	ILLUMINA	data/SH02610.R1.fq.gz	data/SH02610.R2.fq.gz
SH02611	ILLUMINA	data/SH02611.R1.fq.gz	data/SH02611.R2.fq.gz
SH02613	ILLUMINA	data/SH02613.R1.fq.gz	data/SH02613.R2.fq.gz
SH02614	ILLUMINA	data/SH02614.R1.fq.gz	data/SH02614.R2.fq.gz
SH02615	ILLUMINA	data/SH02615.R1.fq.gz	data/SH02615.R2.fq.gz
SH02616	ILLUMINA	data/SH02616.R1.fq.gz	data/SH02616.R2.fq.gz
SH02617	ILLUMINA	data/SH02617.R1.fq.gz	data/SH02617.R2.fq.gz
SH02618	ILLUMINA	data/SH02618.R1.fq.gz	data/SH02618.R2.fq.gz
SH02619	ILLUMINA	data/SH02619.R1.fq.gz	data/SH02619.R2.fq.gz
SH02620	ILLUMINA	data/SH02620.R1.fq.gz	data/SH02620.R2.fq.gz
SH02621	ILLUMINA	data/SH02621.R1.fq.gz	data/SH02621.R2.fq.gz
SH02623	ILLUMINA	data/SH02623.R1.fq.gz	data/SH02623.R2.fq.gz
SH02625	ILLUMINA	data/SH02625.R1.fq.gz	data/SH02625.R2.fq.gz
SH02626	ILLUMINA	data/SH02626.R1.fq.gz	data/SH02626.R2.fq.gz
SH02627	ILLUMINA	data/SH02627.R1.fq.gz	data/SH02627.R2.fq.gz
SH02628	ILLUMINA	data/SH02628.R1.fq.gz	data/SH02628.R2.fq.gz
SH02629	ILLUMINA	data/SH02629.R1.fq.gz	data/SH02629.R2.fq.gz
SH02630	ILLUMINA	data/SH02630.R1.fq.gz	data/SH02630.R2.fq.gz
SH02631	ILLUMINA	data/SH02631.R1.fq.gz	data/SH02631.R2.fq.gz
SH02632	ILLUMINA	data/SH02632.R1.fq.gz	data/SH02632.R2.fq.gz
SH02633	ILLUMINA	data/SH02633.R1.fq.gz	data/SH02633.R2.fq.gz
SH02634	ILLUMINA	data/SH02634.R1.fq.gz	data/SH02634.R2.fq.gz
SH02635	ILLUMINA	data/SH02635.R1.fq.gz	data/SH02635.R2.fq.gz
SH02636	ILLUMINA	data/SH02636.R1.fq.gz	data/SH02636.R2.fq.gz
SH02637	ILLUMINA	data/SH02637.R1.fq.gz	data/SH02637.R2.fq.gz
SH02638	ILLUMINA	data/SH02638.R1.fq.gz	data/SH02638.R2.fq.gz
SH02639	ILLUMINA	data/SH02639.R1.fq.gz	data/SH02639.R2.fq.gz
SH02640	ILLUMINA	data/SH02640.R1.fq.gz	data/SH02640.R2.fq.gz
SH02641	ILLUMINA	data/SH02641.R1.fq.gz	data/SH02641.R2.fq.gz
SH02642	ILLUMINA	data/SH02642.R1.fq.gz	data/SH02642.R2.fq.gz
SH02643	ILLUMINA	data/SH02643.R1.fq.gz	data/SH02643.R2.fq.gz
SH02644	ILLUMINA	data/SH02644.R1.fq.gz	data/SH02644.R2.fq.gz
SH02645	ILLUMINA	data/SH02645.R1.fq.gz	data/SH02645.R2.fq.gz
SH02646	ILLUMINA	data/SH02646.R1.fq.gz	data/SH02646.R2.fq.gz
SH02647	ILLUMINA	data/SH02647.R1.fq.gz	data/SH02647.R2.fq.gz
SH02648	ILLUMINA	data/SH02648.R1.fq.gz	data/SH02648.R2.fq.gz
SH02649	ILLUMINA	data/SH02649.R1.fq.gz	data/SH02649.R2.fq.gz
SH02650	ILLUMINA	data/SH02650.R1.fq.gz	data/SH02650.R2.fq.gz
SH02651	ILLUMINA	data/SH02651.R1.fq.gz	data/SH02651.R2.fq.gz
SH02652	ILLUMINA	data/SH02652.R1.fq.gz	data/SH02652.R2.fq.gz
SH02653	ILLUMINA	data/SH02653.R1.fq.gz	data/SH02653.R2.fq.gz
SH02654	ILLUMINA	data/SH02654.R1.fq.gz	data/SH02654.R2.fq.gz
SH02655	ILLUMINA	data/SH02655.R1.fq.gz	data/SH02655.R2.fq.gz
SH02656	ILLUMINA	data/SH02656.R1.fq.gz	data/SH02656.R2.fq.gz
SH02657	ILLUMINA	data/SH02657.R1.fq.gz	data/SH02657.R2.fq.gz
SH02658	ILLUMINA	data/SH02658.R1.fq.gz	data/SH02658.R2.fq.gz
SH02659	ILLUMINA	data/SH02659.R1.fq.gz	data/SH02659.R2.fq.gz
SH02660	ILLUMINA	data/SH02660.R1.fq.gz	data/SH02660.R2.fq.gz
SH02661	ILLUMINA	data/SH02661.R1.fq.gz	data/SH02661.R2.fq.gz
SH02662	ILLUMINA	data/SH02662.R1.fq.gz	data/SH02662.R2.fq.gz
SH02663	ILLUMINA	data/SH02663.R1.fq.gz	data/SH02663.R2.fq.gz
SH02664	ILLUMINA	data/SH02664.R1.fq.gz	data/SH02664.R2.fq.gz
SH02665	ILLUMINA	data/SH02665.R1.fq.gz	data/SH02665.R2.fq.gz
SH02666	ILLUMINA	data/SH02666.R1.fq.gz	data/SH02666.R2.fq.gz
SH02667	ILLUMINA	data/SH02667.R1.fq.gz	data/SH02667.R2.fq.gz
SH02668	ILLUMINA	data/SH02668.R1.fq.gz	data/SH02668.R2.fq.gz
SH02669	ILLUMINA	data/SH02669.R1.fq.gz	data/SH02669.R2.fq.gz
SH02670	ILLUMINA	data/SH02670.R1.fq.gz	data/SH02670.R2.fq.gz
SH02671	ILLUMINA	data/SH02671.R1.fq.gz	data/SH02671.R2.fq.gz
SH02672	ILLUMINA	data/SH02672.R1.fq.gz	data/SH02672.R2.fq.gz
SH02673	ILLUMINA	data/SH02673.R1.fq.gz	data/SH02673.R2.fq.gz
SH02674	ILLUMINA	data/SH02674.R1.fq.gz	data/SH02674.R2.fq.gz
SH02675	ILLUMINA	data/SH02675.R1.fq.gz	data/SH02675.R2.fq.gz
SH02676	ILLUMINA	data/SH02676.R1.fq.gz	data/SH02676.R2.fq.gz
SH02677	ILLUMINA	data/SH02677.R1.fq.gz	data/SH02677.R2.fq.gz
SH02678	ILLUMINA	data/SH02678.R1.fq.gz	data/SH02678.R2.fq.gz
SH02679	ILLUMINA	data/SH02679.R1.fq.gz	data/SH02679.R2.fq.gz
SH02680	ILLUMINA	data/SH02680.R1.fq.gz	data/SH02680.R2.fq.gz
SH02681	ILLUMINA	data/SH02681.R1.fq.gz	data/SH02681.R2.fq.gz
SH02682	ILLUMINA	data/SH02682.R1.fq.gz	data/SH02682.R2.fq.gz
SH02683	ILLUMINA	data/SH02683.R1.fq.gz	data/SH02683.R2.fq.gz
SH02684	ILLUMINA	data/SH02684.R1.fq.gz	data/SH02684.R2.fq.gz
SH02685	ILLUMINA	data/SH02685.R1.fq.gz	data/SH02685.R2.fq.gz
SH02686	ILLUMINA	data/SH02686.R1.fq.gz	data/SH02686.R2.fq.gz
SH02687	ILLUMINA	data/SH02687.R1.fq.gz	data/SH02687.R2.fq.gz
SH02688	ILLUMINA	data/SH02688.R1.fq.gz	data/SH02688.R2.fq.gz
SH02689	ILLUMINA	data/SH02689.R1.fq.gz	data/SH02689.R2.fq.gz
SH02690	ILLUMINA	data/SH02690.R1.fq.gz	data/SH02690.R2.fq.gz
SH02691	ILLUMINA	data/SH02691.R1.fq.gz	data/SH02691.R2.fq.gz
SH02692	ILLUMINA	data/SH02692.R1.fq.gz	data/SH02692.R2.fq.gz
SH02693	ILLUMINA	data/SH02693.R1.fq.gz	data/SH02693.R2.fq.gz
SH02694	ILLUMINA	data/SH02694.R1.fq.gz	data/SH02694.R2.fq.gz
SH02695	ILLUMINA	data/SH02695.R1.fq.gz	data/SH02695.R2.fq.gz
SH02696	ILLUMINA	data/SH02696.R1.fq.gz	data/SH02696.R2.fq.gz
SH02698	ILLUMINA	data/SH02698.R1.fq.gz	data/SH02698.R2.fq.gz
SH02699	ILLUMINA	data/SH02699.R1.fq.gz	data/SH02699.R2.fq.gz
SH02700	ILLUMINA	data/SH02700.R1.fq.gz	data/SH02700.R2.fq.gz
SH02701	ILLUMINA	data/SH02701.R1.fq.gz	data/SH02701.R2.fq.gz
SH02702	ILLUMINA	data/SH02702.R1.fq.gz	data/SH02702.R2.fq.gz
SH02703	ILLUMINA	data/SH02703.R1.fq.gz	data/SH02703.R2.fq.gz
SH02704	ILLUMINA	data/SH02704.R1.fq.gz	data/SH02704.R2.fq.gz
SH02705	ILLUMINA	data/SH02705.R1.fq.gz	data/SH02705.R2.fq.gz
SH02706	ILLUMINA	data/SH02706.R1.fq.gz	data/SH02706.R2.fq.gz
SH02707	ILLUMINA	data/SH02707.R1.fq.gz	data/SH02707.R2.fq.gz
SH02708	ILLUMINA	data/SH02708.R1.fq.gz	data/SH02708.R2.fq.gz
SH02710	ILLUMINA	data/SH02710.R1.fq.gz	data/SH02710.R2.fq.gz
SH02711	ILLUMINA	data/SH02711.R1.fq.gz	data/SH02711.R2.fq.gz
SH02712	ILLUMINA	data/SH02712.R1.fq.gz	data/SH02712.R2.fq.gz
SH02713	ILLUMINA	data/SH02713.R1.fq.gz	data/SH02713.R2.fq.gz
SH02715	ILLUMINA	data/SH02715.R1.fq.gz	data/SH02715.R2.fq.gz
SH02716	ILLUMINA	data/SH02716.R1.fq.gz	data/SH02716.R2.fq.gz
SH02717	ILLUMINA	data/SH02717.R1.fq.gz	data/SH02717.R2.fq.gz
SH02718	ILLUMINA	data/SH02718.R1.fq.gz	data/SH02718.R2.fq.gz
SH02719	ILLUMINA	data/SH02719.R1.fq.gz	data/SH02719.R2.fq.gz
SH02720	ILLUMINA	data/SH02720.R1.fq.gz	data/SH02720.R2.fq.gz
SH02721	ILLUMINA	data/SH02721.R1.fq.gz	data/SH02721.R2.fq.gz
SH02722	ILLUMINA	data/SH02722.R1.fq.gz	data/SH02722.R2.fq.gz
SH02723	ILLUMINA	data/SH02723.R1.fq.gz	data/SH02723.R2.fq.gz
SH02724	ILLUMINA	data/SH02724.R1.fq.gz	data/SH02724.R2.fq.gz
SH02725	ILLUMINA	data/SH02725.R1.fq.gz	data/SH02725.R2.fq.gz
SH02728	ILLUMINA	data/SH02728.R1.fq.gz	data/SH02728.R2.fq.gz
SH02729	ILLUMINA	data/SH02729.R1.fq.gz	data/SH02729.R2.fq.gz
SH02730	ILLUMINA	data/SH02730.R1.fq.gz	data/SH02730.R2.fq.gz
SH02732	ILLUMINA	data/SH02732.R1.fq.gz	data/SH02732.R2.fq.gz
SH02734	ILLUMINA	data/SH02734.R1.fq.gz	data/SH02734.R2.fq.gz
SH02735	ILLUMINA	data/SH02735.R1.fq.gz	data/SH02735.R2.fq.gz
SH02736	ILLUMINA	data/SH02736.R1.fq.gz	data/SH02736.R2.fq.gz
SH02737	ILLUMINA	data/SH02737.R1.fq.gz	data/SH02737.R2.fq.gz
SH02738	ILLUMINA	data/SH02738.R1.fq.gz	data/SH02738.R2.fq.gz
SH02739	ILLUMINA	data/SH02739.R1.fq.gz	data/SH02739.R2.fq.gz
SH02740	ILLUMINA	data/SH02740.R1.fq.gz	data/SH02740.R2.fq.gz
SH02741	ILLUMINA	data/SH02741.R1.fq.gz	data/SH02741.R2.fq.gz
SH02744	ILLUMINA	data/SH02744.R1.fq.gz	data/SH02744.R2.fq.gz
SH02746	ILLUMINA	data/SH02746.R1.fq.gz	data/SH02746.R2.fq.gz
SH02747	ILLUMINA	data/SH02747.R1.fq.gz	data/SH02747.R2.fq.gz
SH02748	ILLUMINA	data/SH02748.R1.fq.gz	data/SH02748.R2.fq.gz
SH02749	ILLUMINA	data/SH02749.R1.fq.gz	data/SH02749.R2.fq.gz
SH02750	ILLUMINA	data/SH02750.R1.fq.gz	data/SH02750.R2.fq.gz
SH02751	ILLUMINA	data/SH02751.R1.fq.gz	data/SH02751.R2.fq.gz
SH02752	ILLUMINA	data/SH02752.R1.fq.gz	data/SH02752.R2.fq.gz
SH02753	ILLUMINA	data/SH02753.R1.fq.gz	data/SH02753.R2.fq.gz
SH02754	ILLUMINA	data/SH02754.R1.fq.gz	data/SH02754.R2.fq.gz
SH02755	ILLUMINA	data/SH02755.R1.fq.gz	data/SH02755.R2.fq.gz
SH02756	ILLUMINA	data/SH02756.R1.fq.gz	data/SH02756.R2.fq.gz
SH02757	ILLUMINA	data/SH02757.R1.fq.gz	data/SH02757.R2.fq.gz
SH02758	ILLUMINA	data/SH02758.R1.fq.gz	data/SH02758.R2.fq.gz
SH02759	ILLUMINA	data/SH02759.R1.fq.gz	data/SH02759.R2.fq.gz
SH02760	ILLUMINA	data/SH02760.R1.fq.gz	data/SH02760.R2.fq.gz
SH02761	ILLUMINA	data/SH02761.R1.fq.gz	data/SH02761.R2.fq.gz
SH02762	ILLUMINA	data/SH02762.R1.fq.gz	data/SH02762.R2.fq.gz
SH02763	ILLUMINA	data/SH02763.R1.fq.gz	data/SH02763.R2.fq.gz
SH02764	ILLUMINA	data/SH02764.R1.fq.gz	data/SH02764.R2.fq.gz
SH02765	ILLUMINA	data/SH02765.R1.fq.gz	data/SH02765.R2.fq.gz
SH02766	ILLUMINA	data/SH02766.R1.fq.gz	data/SH02766.R2.fq.gz
SH02767	ILLUMINA	data/SH02767.R1.fq.gz	data/SH02767.R2.fq.gz
SH02768	ILLUMINA	data/SH02768.R1.fq.gz	data/SH02768.R2.fq.gz
SH02769	ILLUMINA	data/SH02769.R1.fq.gz	data/SH02769.R2.fq.gz
SH02770	ILLUMINA	data/SH02770.R1.fq.gz	data/SH02770.R2.fq.gz
SH02771	ILLUMINA	data/SH02771.R1.fq.gz	data/SH02771.R2.fq.gz
SH02772	ILLUMINA	data/SH02772.R1.fq.gz	data/SH02772.R2.fq.gz
SH02773	ILLUMINA	data/SH02773.R1.fq.gz	data/SH02773.R2.fq.gz
SH02774	ILLUMINA	data/SH02774.R1.fq.gz	data/SH02774.R2.fq.gz
SH02775	ILLUMINA	data/SH02775.R1.fq.gz	data/SH02775.R2.fq.gz
SH02777	ILLUMINA	data/SH02777.R1.fq.gz	data/SH02777.R2.fq.gz
SH02779	ILLUMINA	data/SH02779.R1.fq.gz	data/SH02779.R2.fq.gz
SH02780	ILLUMINA	data/SH02780.R1.fq.gz	data/SH02780.R2.fq.gz
SH02781	ILLUMINA	data/SH02781.R1.fq.gz	data/SH02781.R2.fq.gz
SH02782	ILLUMINA	data/SH02782.R1.fq.gz	data/SH02782.R2.fq.gz
SH02783	ILLUMINA	data/SH02783.R1.fq.gz	data/SH02783.R2.fq.gz
SH02784	ILLUMINA	data/SH02784.R1.fq.gz	data/SH02784.R2.fq.gz
SH02785	ILLUMINA	data/SH02785.R1.fq.gz	data/SH02785.R2.fq.gz
SH02786	ILLUMINA	data/SH02786.R1.fq.gz	data/SH02786.R2.fq.gz
SH02787	ILLUMINA	data/SH02787.R1.fq.gz	data/SH02787.R2.fq.gz
SH02788	ILLUMINA	data/SH02788.R1.fq.gz	data/SH02788.R2.fq.gz
SH02789	ILLUMINA	data/SH02789.R1.fq.gz	data/SH02789.R2.fq.gz
SH02792	ILLUMINA	data/SH02792.R1.fq.gz	data/SH02792.R2.fq.gz
SH02793	ILLUMINA	data/SH02793.R1.fq.gz	data/SH02793.R2.fq.gz
SH02794	ILLUMINA	data/SH02794.R1.fq.gz	data/SH02794.R2.fq.gz
SH02795	ILLUMINA	data/SH02795.R1.fq.gz	data/SH02795.R2.fq.gz
SH02796	ILLUMINA	data/SH02796.R1.fq.gz	data/SH02796.R2.fq.gz
SH02799	ILLUMINA	data/SH02799.R1.fq.gz	data/SH02799.R2.fq.gz
SH02800	ILLUMINA	data/SH02800.R1.fq.gz	data/SH02800.R2.fq.gz
SH02801	ILLUMINA	data/SH02801.R1.fq.gz	data/SH02801.R2.fq.gz
SH02802	ILLUMINA	data/SH02802.R1.fq.gz	data/SH02802.R2.fq.gz
SH02803	ILLUMINA	data/SH02803.R1.fq.gz	data/SH02803.R2.fq.gz
SH02807	ILLUMINA	data/SH02807.R1.fq.gz	data/SH02807.R2.fq.gz
SH02808	ILLUMINA	data/SH02808.R1.fq.gz	data/SH02808.R2.fq.gz
SH02809	ILLUMINA	data/SH02809.R1.fq.gz	data/SH02809.R2.fq.gz
SH02810	ILLUMINA	data/SH02810.R1.fq.gz	data/SH02810.R2.fq.gz
SH02813	ILLUMINA	data/SH02813.R1.fq.gz	data/SH02813.R2.fq.gz
SH02814	ILLUMINA	data/SH02814.R1.fq.gz	data/SH02814.R2.fq.gz
SH02815	ILLUMINA	data/SH02815.R1.fq.gz	data/SH02815.R2.fq.gz
SH02816	ILLUMINA	data/SH02816.R1.fq.gz	data/SH02816.R2.fq.gz
SH02818	ILLUMINA	data/SH02818.R1.fq.gz	data/SH02818.R2.fq.gz
SH02819	ILLUMINA	data/SH02819.R1.fq.gz	data/SH02819.R2.fq.gz
SH02820	ILLUMINA	data/SH02820.R1.fq.gz	data/SH02820.R2.fq.gz
SH02821	ILLUMINA	data/SH02821.R1.fq.gz	data/SH02821.R2.fq.gz
SH02822	ILLUMINA	data/SH02822.R1.fq.gz	data/SH02822.R2.fq.gz
SH02823	ILLUMINA	data/SH02823.R1.fq.gz	data/SH02823.R2.fq.gz
SH02824	ILLUMINA	data/SH02824.R1.fq.gz	data/SH02824.R2.fq.gz
SH02825	ILLUMINA	data/SH02825.R1.fq.gz	data/SH02825.R2.fq.gz
SH02826	ILLUMINA	data/SH02826.R1.fq.gz	data/SH02826.R2.fq.gz
SH02827	ILLUMINA	data/SH02827.R1.fq.gz	data/SH02827.R2.fq.gz
SH02828	ILLUMINA	data/SH02828.R1.fq.gz	data/SH02828.R2.fq.gz
SH02829	ILLUMINA	data/SH02829.R1.fq.gz	data/SH02829.R2.fq.gz
SH02830	ILLUMINA	data/SH02830.R1.fq.gz	data/SH02830.R2.fq.gz
SH02831	ILLUMINA	data/SH02831.R1.fq.gz	data/SH02831.R2.fq.gz
SH02832	ILLUMINA	data/SH02832.R1.fq.gz	data/SH02832.R2.fq.gz
SH02834	ILLUMINA	data/SH02834.R1.fq.gz	data/SH02834.R2.fq.gz
SH02835	ILLUMINA	data/SH02835.R1.fq.gz	data/SH02835.R2.fq.gz
SH02836	ILLUMINA	data/SH02836.R1.fq.gz	data/SH02836.R2.fq.gz
SH02837	ILLUMINA	data/SH02837.R1.fq.gz	data/SH02837.R2.fq.gz
SH02838	ILLUMINA	data/SH02838.R1.fq.gz	data/SH02838.R2.fq.gz
SH02839	ILLUMINA	data/SH02839.R1.fq.gz	data/SH02839.R2.fq.gz
SH02840	ILLUMINA	data/SH02840.R1.fq.gz	data/SH02840.R2.fq.gz
SH02841	ILLUMINA	data/SH02841.R1.fq.gz	data/SH02841.R2.fq.gz
SH02842	ILLUMINA	data/SH02842.R1.fq.gz	data/SH02842.R2.fq.gz
SH02843	ILLUMINA	data/SH02843.R1.fq.gz	data/SH02843.R2.fq.gz
SH02844	ILLUMINA	data/SH02844.R1.fq.gz	data/SH02844.R2.fq.gz
SH02845	ILLUMINA	data/SH02845.R1.fq.gz	data/SH02845.R2.fq.gz
SH02846	ILLUMINA	data/SH02846.R1.fq.gz	data/SH02846.R2.fq.gz
SH02848	ILLUMINA	data/SH02848.R1.fq.gz	data/SH02848.R2.fq.gz
SH02849	ILLUMINA	data/SH02849.R1.fq.gz	data/SH02849.R2.fq.gz
SH02850	ILLUMINA	data/SH02850.R1.fq.gz	data/SH02850.R2.fq.gz
SH02851	ILLUMINA	data/SH02851.R1.fq.gz	data/SH02851.R2.fq.gz
SH02852	ILLUMINA	data/SH02852.R1.fq.gz	data/SH02852.R2.fq.gz
SH02853	ILLUMINA	data/SH02853.R1.fq.gz	data/SH02853.R2.fq.gz
SH02854	ILLUMINA	data/SH02854.R1.fq.gz	data/SH02854.R2.fq.gz
SH02855	ILLUMINA	data/SH02855.R1.fq.gz	data/SH02855.R2.fq.gz
SH02856	ILLUMINA	data/SH02856.R1.fq.gz	data/SH02856.R2.fq.gz
SH02857	ILLUMINA	data/SH02857.R1.fq.gz	data/SH02857.R2.fq.gz
SH02858	ILLUMINA	data/SH02858.R1.fq.gz	data/SH02858.R2.fq.gz
SH02859	ILLUMINA	data/SH02859.R1.fq.gz	data/SH02859.R2.fq.gz
SH02860	ILLUMINA	data/SH02860.R1.fq.gz	data/SH02860.R2.fq.gz
SH02862	ILLUMINA	data/SH02862.R1.fq.gz	data/SH02862.R2.fq.gz
SH02863	ILLUMINA	data/SH02863.R1.fq.gz	data/SH02863.R2.fq.gz
SH02865	ILLUMINA	data/SH02865.R1.fq.gz	data/SH02865.R2.fq.gz
SH02866	ILLUMINA	data/SH02866.R1.fq.gz	data/SH02866.R2.fq.gz
SH02867	ILLUMINA	data/SH02867.R1.fq.gz	data/SH02867.R2.fq.gz
SH02868	ILLUMINA	data/SH02868.R1.fq.gz	data/SH02868.R2.fq.gz
SH02869	ILLUMINA	data/SH02869.R1.fq.gz	data/SH02869.R2.fq.gz
SH02870	ILLUMINA	data/SH02870.R1.fq.gz	data/SH02870.R2.fq.gz
SH02871	ILLUMINA	data/SH02871.R1.fq.gz	data/SH02871.R2.fq.gz
SH02872	ILLUMINA	data/SH02872.R1.fq.gz	data/SH02872.R2.fq.gz
SH02873	ILLUMINA	data/SH02873.R1.fq.gz	data/SH02873.R2.fq.gz
SH02874	ILLUMINA	data/SH02874.R1.fq.gz	data/SH02874.R2.fq.gz
SH02875	ILLUMINA	data/SH02875.R1.fq.gz	data/SH02875.R2.fq.gz
SH02876	ILLUMINA	data/SH02876.R1.fq.gz	data/SH02876.R2.fq.gz
SH02877	ILLUMINA	data/SH02877.R1.fq.gz	data/SH02877.R2.fq.gz
SH02878	ILLUMINA	data/SH02878.R1.fq.gz	data/SH02878.R2.fq.gz
SH02879	ILLUMINA	data/SH02879.R1.fq.gz	data/SH02879.R2.fq.gz
SH02880	ILLUMINA	data/SH02880.R1.fq.gz	data/SH02880.R2.fq.gz
SH02881	ILLUMINA	data/SH02881.R1.fq.gz	data/SH02881.R2.fq.gz
SH02882	ILLUMINA	data/SH02882.R1.fq.gz	data/SH02882.R2.fq.gz
SH02883	ILLUMINA	data/SH02883.R1.fq.gz	data/SH02883.R2.fq.gz
SH02884	ILLUMINA	data/SH02884.R1.fq.gz	data/SH02884.R2.fq.gz
SH02885	ILLUMINA	data/SH02885.R1.fq.gz	data/SH02885.R2.fq.gz
SH02886	ILLUMINA	data/SH02886.R1.fq.gz	data/SH02886.R2.fq.gz
SH02888	ILLUMINA	data/SH02888.R1.fq.gz	data/SH02888.R2.fq.gz
SH02889	ILLUMINA	data/SH02889.R1.fq.gz	data/SH02889.R2.fq.gz
SH02890	ILLUMINA	data/SH02890.R1.fq.gz	data/SH02890.R2.fq.gz
SH02891	ILLUMINA	data/SH02891.R1.fq.gz	data/SH02891.R2.fq.gz
SH02892	ILLUMINA	data/SH02892.R1.fq.gz	data/SH02892.R2.fq.gz
SH02893	ILLUMINA	data/SH02893.R1.fq.gz	data/SH02893.R2.fq.gz
SH02894	ILLUMINA	data/SH02894.R1.fq.gz	data/SH02894.R2.fq.gz
SH02895	ILLUMINA	data/SH02895.R1.fq.gz	data/SH02895.R2.fq.gz
SH02896	ILLUMINA	data/SH02896.R1.fq.gz	data/SH02896.R2.fq.gz
SH02897	ILLUMINA	data/SH02897.R1.fq.gz	data/SH02897.R2.fq.gz
SH02898	ILLUMINA	data/SH02898.R1.fq.gz	data/SH02898.R2.fq.gz
SH02899	ILLUMINA	data/SH02899.R1.fq.gz	data/SH02899.R2.fq.gz
SH02900	ILLUMINA	data/SH02900.R1.fq.gz	data/SH02900.R2.fq.gz
SH02901	ILLUMINA	data/SH02901.R1.fq.gz	data/SH02901.R2.fq.gz
SH02902	ILLUMINA	data/SH02902.R1.fq.gz	data/SH02902.R2.fq.gz
SH02903	ILLUMINA	data/SH02903.R1.fq.gz	data/SH02903.R2.fq.gz
SH02904	ILLUMINA	data/SH02904.R1.fq.gz	data/SH02904.R2.fq.gz
SH02905	ILLUMINA	data/SH02905.R1.fq.gz	data/SH02905.R2.fq.gz
SH02906	ILLUMINA	data/SH02906.R1.fq.gz	data/SH02906.R2.fq.gz
SH02907	ILLUMINA	data/SH02907.R1.fq.gz	data/SH02907.R2.fq.gz
SH02908	ILLUMINA	data/SH02908.R1.fq.gz	data/SH02908.R2.fq.gz
SH02910	ILLUMINA	data/SH02910.R1.fq.gz	data/SH02910.R2.fq.gz
SH02911	ILLUMINA	data/SH02911.R1.fq.gz	data/SH02911.R2.fq.gz
SH02912	ILLUMINA	data/SH02912.R1.fq.gz	data/SH02912.R2.fq.gz
SH02913	ILLUMINA	data/SH02913.R1.fq.gz	data/SH02913.R2.fq.gz
SH02914	ILLUMINA	data/SH02914.R1.fq.gz	data/SH02914.R2.fq.gz
SH02915	ILLUMINA	data/SH02915.R1.fq.gz	data/SH02915.R2.fq.gz
SH02916	ILLUMINA	data/SH02916.R1.fq.gz	data/SH02916.R2.fq.gz
SH02917	ILLUMINA	data/SH02917.R1.fq.gz	data/SH02917.R2.fq.gz
SH02918	ILLUMINA	data/SH02918.R1.fq.gz	data/SH02918.R2.fq.gz
SH02919	ILLUMINA	data/SH02919.R1.fq.gz	data/SH02919.R2.fq.gz
SH02920	ILLUMINA	data/SH02920.R1.fq.gz	data/SH02920.R2.fq.gz
SH02921	ILLUMINA	data/SH02921.R1.fq.gz	data/SH02921.R2.fq.gz
SH02922	ILLUMINA	data/SH02922.R1.fq.gz	data/SH02922.R2.fq.gz
SH02923	ILLUMINA	data/SH02923.R1.fq.gz	data/SH02923.R2.fq.gz
SH02924	ILLUMINA	data/SH02924.R1.fq.gz	data/SH02924.R2.fq.gz
SH02925	ILLUMINA	data/SH02925.R1.fq.gz	data/SH02925.R2.fq.gz
SH02926	ILLUMINA	data/SH02926.R1.fq.gz	data/SH02926.R2.fq.gz
SH02927	ILLUMINA	data/SH02927.R1.fq.gz	data/SH02927.R2.fq.gz
SH02928	ILLUMINA	data/SH02928.R1.fq.gz	data/SH02928.R2.fq.gz
SH02929	ILLUMINA	data/SH02929.R1.fq.gz	data/SH02929.R2.fq.gz
SH02930	ILLUMINA	data/SH02930.R1.fq.gz	data/SH02930.R2.fq.gz
SH02931	ILLUMINA	data/SH02931.R1.fq.gz	data/SH02931.R2.fq.gz
SH02933	ILLUMINA	data/SH02933.R1.fq.gz	data/SH02933.R2.fq.gz
SH02934	ILLUMINA	data/SH02934.R1.fq.gz	data/SH02934.R2.fq.gz
SH02936	ILLUMINA	data/SH02936.R1.fq.gz	data/SH02936.R2.fq.gz
SH02937	ILLUMINA	data/SH02937.R1.fq.gz	data/SH02937.R2.fq.gz
SH02938	ILLUMINA	data/SH02938.R1.fq.gz	data/SH02938.R2.fq.gz
SH02939	ILLUMINA	data/SH02939.R1.fq.gz	data/SH02939.R2.fq.gz
SH02940	ILLUMINA	data/SH02940.R1.fq.gz	data/SH02940.R2.fq.gz
SH02941	ILLUMINA	data/SH02941.R1.fq.gz	data/SH02941.R2.fq.gz
SH02942	ILLUMINA	data/SH02942.R1.fq.gz	data/SH02942.R2.fq.gz
SH02943	ILLUMINA	data/SH02943.R1.fq.gz	data/SH02943.R2.fq.gz
SH02944	ILLUMINA	data/SH02944.R1.fq.gz	data/SH02944.R2.fq.gz
SH02945	ILLUMINA	data/SH02945.R1.fq.gz	data/SH02945.R2.fq.gz
SH02946	ILLUMINA	data/SH02946.R1.fq.gz	data/SH02946.R2.fq.gz
SH02947	ILLUMINA	data/SH02947.R1.fq.gz	data/SH02947.R2.fq.gz
SH02949	ILLUMINA	data/SH02949.R1.fq.gz	data/SH02949.R2.fq.gz
SH02950	ILLUMINA	data/SH02950.R1.fq.gz	data/SH02950.R2.fq.gz
SH02951	ILLUMINA	data/SH02951.R1.fq.gz	data/SH02951.R2.fq.gz
SH02952	ILLUMINA	data/SH02952.R1.fq.gz	data/SH02952.R2.fq.gz
SH02953	ILLUMINA	data/SH02953.R1.fq.gz	data/SH02953.R2.fq.gz
SH02954	ILLUMINA	data/SH02954.R1.fq.gz	data/SH02954.R2.fq.gz
SH02955	ILLUMINA	data/SH02955.R1.fq.gz	data/SH02955.R2.fq.gz
SH02956	ILLUMINA	data/SH02956.R1.fq.gz	data/SH02956.R2.fq.gz
SH02957	ILLUMINA	data/SH02957.R1.fq.gz	data/SH02957.R2.fq.gz
SH02958	ILLUMINA	data/SH02958.R1.fq.gz	data/SH02958.R2.fq.gz
SH02959	ILLUMINA	data/SH02959.R1.fq.gz	data/SH02959.R2.fq.gz
SH02960	ILLUMINA	data/SH02960.R1.fq.gz	data/SH02960.R2.fq.gz
SH02961	ILLUMINA	data/SH02961.R1.fq.gz	data/SH02961.R2.fq.gz
SH02962	ILLUMINA	data/SH02962.R1.fq.gz	data/SH02962.R2.fq.gz
SH02963	ILLUMINA	data/SH02963.R1.fq.gz	data/SH02963.R2.fq.gz
SH02964	ILLUMINA	data/SH02964.R1.fq.gz	data/SH02964.R2.fq.gz
SH02965	ILLUMINA	data/SH02965.R1.fq.gz	data/SH02965.R2.fq.gz
SH02966	ILLUMINA	data/SH02966.R1.fq.gz	data/SH02966.R2.fq.gz
SH02967	ILLUMINA	data/SH02967.R1.fq.gz	data/SH02967.R2.fq.gz
SH02968	ILLUMINA	data/SH02968.R1.fq.gz	data/SH02968.R2.fq.gz
SH02969	ILLUMINA	data/SH02969.R1.fq.gz	data/SH02969.R2.fq.gz
SH02970	ILLUMINA	data/SH02970.R1.fq.gz	data/SH02970.R2.fq.gz
SH02972	ILLUMINA	data/SH02972.R1.fq.gz	data/SH02972.R2.fq.gz
SH02973	ILLUMINA	data/SH02973.R1.fq.gz	data/SH02973.R2.fq.gz
SH02974	ILLUMINA	data/SH02974.R1.fq.gz	data/SH02974.R2.fq.gz
SH02975	ILLUMINA	data/SH02975.R1.fq.gz	data/SH02975.R2.fq.gz
SH02976	ILLUMINA	data/SH02976.R1.fq.gz	data/SH02976.R2.fq.gz
SH02977	ILLUMINA	data/SH02977.R1.fq.gz	data/SH02977.R2.fq.gz
SH02979	ILLUMINA	data/SH02979.R1.fq.gz	data/SH02979.R2.fq.gz
SH02980	ILLUMINA	data/SH02980.R1.fq.gz	data/SH02980.R2.fq.gz
SH02982	ILLUMINA	data/SH02982.R1.fq.gz	data/SH02982.R2.fq.gz
SH02983	ILLUMINA	data/SH02983.R1.fq.gz	data/SH02983.R2.fq.gz
SH02984	ILLUMINA	data/SH02984.R1.fq.gz	data/SH02984.R2.fq.gz
SH02985	ILLUMINA	data/SH02985.R1.fq.gz	data/SH02985.R2.fq.gz
SH02986	ILLUMINA	data/SH02986.R1.fq.gz	data/SH02986.R2.fq.gz
SH02987	ILLUMINA	data/SH02987.R1.fq.gz	data/SH02987.R2.fq.gz
SH02988	ILLUMINA	data/SH02988.R1.fq.gz	data/SH02988.R2.fq.gz
SH02989	ILLUMINA	data/SH02989.R1.fq.gz	data/SH02989.R2.fq.gz
SH02990	ILLUMINA	data/SH02990.R1.fq.gz	data/SH02990.R2.fq.gz
SH02991	ILLUMINA	data/SH02991.R1.fq.gz	data/SH02991.R2.fq.gz
SH02992	ILLUMINA	data/SH02992.R1.fq.gz	data/SH02992.R2.fq.gz
SH02993	ILLUMINA	data/SH02993.R1.fq.gz	data/SH02993.R2.fq.gz
SH02994	ILLUMINA	data/SH02994.R1.fq.gz	data/SH02994.R2.fq.gz
SH02995	ILLUMINA	data/SH02995.R1.fq.gz	data/SH02995.R2.fq.gz
SH02999	ILLUMINA	data/SH02999.R1.fq.gz	data/SH02999.R2.fq.gz
SH03000	ILLUMINA	data/SH03000.R1.fq.gz	data/SH03000.R2.fq.gz
SH03001	ILLUMINA	data/SH03001.R1.fq.gz	data/SH03001.R2.fq.gz
SH03002	ILLUMINA	data/SH03002.R1.fq.gz	data/SH03002.R2.fq.gz
SH03003	ILLUMINA	data/SH03003.R1.fq.gz	data/SH03003.R2.fq.gz
SH03004	ILLUMINA	data/SH03004.R1.fq.gz	data/SH03004.R2.fq.gz
SH03005	ILLUMINA	data/SH03005.R1.fq.gz	data/SH03005.R2.fq.gz
SH03006	ILLUMINA	data/SH03006.R1.fq.gz	data/SH03006.R2.fq.gz
SH03008	ILLUMINA	data/SH03008.R1.fq.gz	data/SH03008.R2.fq.gz
SH03009	ILLUMINA	data/SH03009.R1.fq.gz	data/SH03009.R2.fq.gz
SH03010	ILLUMINA	data/SH03010.R1.fq.gz	data/SH03010.R2.fq.gz
SH03011	ILLUMINA	data/SH03011.R1.fq.gz	data/SH03011.R2.fq.gz
SH03012	ILLUMINA	data/SH03012.R1.fq.gz	data/SH03012.R2.fq.gz
SH03013	ILLUMINA	data/SH03013.R1.fq.gz	data/SH03013.R2.fq.gz
SH03014	ILLUMINA	data/SH03014.R1.fq.gz	data/SH03014.R2.fq.gz
SH03015	ILLUMINA	data/SH03015.R1.fq.gz	data/SH03015.R2.fq.gz
SH03016	ILLUMINA	data/SH03016.R1.fq.gz	data/SH03016.R2.fq.gz
SH03017	ILLUMINA	data/SH03017.R1.fq.gz	data/SH03017.R2.fq.gz
SH03018	ILLUMINA	data/SH03018.R1.fq.gz	data/SH03018.R2.fq.gz
SH03019	ILLUMINA	data/SH03019.R1.fq.gz	data/SH03019.R2.fq.gz
SH03020	ILLUMINA	data/SH03020.R1.fq.gz	data/SH03020.R2.fq.gz
SH03021	ILLUMINA	data/SH03021.R1.fq.gz	data/SH03021.R2.fq.gz
SH03022	ILLUMINA	data/SH03022.R1.fq.gz	data/SH03022.R2.fq.gz
SH03023	ILLUMINA	data/SH03023.R1.fq.gz	data/SH03023.R2.fq.gz
SH03024	ILLUMINA	data/SH03024.R1.fq.gz	data/SH03024.R2.fq.gz
SH03025	ILLUMINA	data/SH03025.R1.fq.gz	data/SH03025.R2.fq.gz
SH03026	ILLUMINA	data/SH03026.R1.fq.gz	data/SH03026.R2.fq.gz
SH03027	ILLUMINA	data/SH03027.R1.fq.gz	data/SH03027.R2.fq.gz
SH03028	ILLUMINA	data/SH03028.R1.fq.gz	data/SH03028.R2.fq.gz
SH03029	ILLUMINA	data/SH03029.R1.fq.gz	data/SH03029.R2.fq.gz
SH03030	ILLUMINA	data/SH03030.R1.fq.gz	data/SH03030.R2.fq.gz
SH03031	ILLUMINA	data/SH03031.R1.fq.gz	data/SH03031.R2.fq.gz
SH03032	ILLUMINA	data/SH03032.R1.fq.gz	data/SH03032.R2.fq.gz
SH03033	ILLUMINA	data/SH03033.R1.fq.gz	data/SH03033.R2.fq.gz
SH03034	ILLUMINA	data/SH03034.R1.fq.gz	data/SH03034.R2.fq.gz
SH03035	ILLUMINA	data/SH03035.R1.fq.gz	data/SH03035.R2.fq.gz
SH03036	ILLUMINA	data/SH03036.R1.fq.gz	data/SH03036.R2.fq.gz
SH03037	ILLUMINA	data/SH03037.R1.fq.gz	data/SH03037.R2.fq.gz
SH03038	ILLUMINA	data/SH03038.R1.fq.gz	data/SH03038.R2.fq.gz
SH03039	ILLUMINA	data/SH03039.R1.fq.gz	data/SH03039.R2.fq.gz
SH03040	ILLUMINA	data/SH03040.R1.fq.gz	data/SH03040.R2.fq.gz
SH03041	ILLUMINA	data/SH03041.R1.fq.gz	data/SH03041.R2.fq.gz
SH03042	ILLUMINA	data/SH03042.R1.fq.gz	data/SH03042.R2.fq.gz
SH03043	ILLUMINA	data/SH03043.R1.fq.gz	data/SH03043.R2.fq.gz
SH03044	ILLUMINA	data/SH03044.R1.fq.gz	data/SH03044.R2.fq.gz
SH03045	ILLUMINA	data/SH03045.R1.fq.gz	data/SH03045.R2.fq.gz
SH03046	ILLUMINA	data/SH03046.R1.fq.gz	data/SH03046.R2.fq.gz
SH03047	ILLUMINA	data/SH03047.R1.fq.gz	data/SH03047.R2.fq.gz
SH03048	ILLUMINA	data/SH03048.R1.fq.gz	data/SH03048.R2.fq.gz
SH03049	ILLUMINA	data/SH03049.R1.fq.gz	data/SH03049.R2.fq.gz
SH03050	ILLUMINA	data/SH03050.R1.fq.gz	data/SH03050.R2.fq.gz
SH03051	ILLUMINA	data/SH03051.R1.fq.gz	data/SH03051.R2.fq.gz
SH03052	ILLUMINA	data/SH03052.R1.fq.gz	data/SH03052.R2.fq.gz
SH03053	ILLUMINA	data/SH03053.R1.fq.gz	data/SH03053.R2.fq.gz
SH03054	ILLUMINA	data/SH03054.R1.fq.gz	data/SH03054.R2.fq.gz
SH03055	ILLUMINA	data/SH03055.R1.fq.gz	data/SH03055.R2.fq.gz
SH03056	ILLUMINA	data/SH03056.R1.fq.gz	data/SH03056.R2.fq.gz
SH03057	ILLUMINA	data/SH03057.R1.fq.gz	data/SH03057.R2.fq.gz
SH03059	ILLUMINA	data/SH03059.R1.fq.gz	data/SH03059.R2.fq.gz
SH03060	ILLUMINA	data/SH03060.R1.fq.gz	data/SH03060.R2.fq.gz
SH03061	ILLUMINA	data/SH03061.R1.fq.gz	data/SH03061.R2.fq.gz
SH03062	ILLUMINA	data/SH03062.R1.fq.gz	data/SH03062.R2.fq.gz
SH03063	ILLUMINA	data/SH03063.R1.fq.gz	data/SH03063.R2.fq.gz
SH03064	ILLUMINA	data/SH03064.R1.fq.gz	data/SH03064.R2.fq.gz
SH03065	ILLUMINA	data/SH03065.R1.fq.gz	data/SH03065.R2.fq.gz
SH03066	ILLUMINA	data/SH03066.R1.fq.gz	data/SH03066.R2.fq.gz
SH03067	ILLUMINA	data/SH03067.R1.fq.gz	data/SH03067.R2.fq.gz
SH03068	ILLUMINA	data/SH03068.R1.fq.gz	data/SH03068.R2.fq.gz
SH03069	ILLUMINA	data/SH03069.R1.fq.gz	data/SH03069.R2.fq.gz
SH03070	ILLUMINA	data/SH03070.R1.fq.gz	data/SH03070.R2.fq.gz
SH03071	ILLUMINA	data/SH03071.R1.fq.gz	data/SH03071.R2.fq.gz
SH03072	ILLUMINA	data/SH03072.R1.fq.gz	data/SH03072.R2.fq.gz
SH03073	ILLUMINA	data/SH03073.R1.fq.gz	data/SH03073.R2.fq.gz
SH03074	ILLUMINA	data/SH03074.R1.fq.gz	data/SH03074.R2.fq.gz
SH03075	ILLUMINA	data/SH03075.R1.fq.gz	data/SH03075.R2.fq.gz
SH03076	ILLUMINA	data/SH03076.R1.fq.gz	data/SH03076.R2.fq.gz
SH03077	ILLUMINA	data/SH03077.R1.fq.gz	data/SH03077.R2.fq.gz
SH03078	ILLUMINA	data/SH03078.R1.fq.gz	data/SH03078.R2.fq.gz
SH03079	ILLUMINA	data/SH03079.R1.fq.gz	data/SH03079.R2.fq.gz
SH03080	ILLUMINA	data/SH03080.R1.fq.gz	data/SH03080.R2.fq.gz
SH03081	ILLUMINA	data/SH03081.R1.fq.gz	data/SH03081.R2.fq.gz
SH03083	ILLUMINA	data/SH03083.R1.fq.gz	data/SH03083.R2.fq.gz
SH03084	ILLUMINA	data/SH03084.R1.fq.gz	data/SH03084.R2.fq.gz
SH03085	ILLUMINA	data/SH03085.R1.fq.gz	data/SH03085.R2.fq.gz
SH03086	ILLUMINA	data/SH03086.R1.fq.gz	data/SH03086.R2.fq.gz
SH03087	ILLUMINA	data/SH03087.R1.fq.gz	data/SH03087.R2.fq.gz
SH03088	ILLUMINA	data/SH03088.R1.fq.gz	data/SH03088.R2.fq.gz
SH03089	ILLUMINA	data/SH03089.R1.fq.gz	data/SH03089.R2.fq.gz
SH03090	ILLUMINA	data/SH03090.R1.fq.gz	data/SH03090.R2.fq.gz
SH03091	ILLUMINA	data/SH03091.R1.fq.gz	data/SH03091.R2.fq.gz
SH03092	ILLUMINA	data/SH03092.R1.fq.gz	data/SH03092.R2.fq.gz
SH03094	ILLUMINA	data/SH03094.R1.fq.gz	data/SH03094.R2.fq.gz
SH03095	ILLUMINA	data/SH03095.R1.fq.gz	data/SH03095.R2.fq.gz
SH03096	ILLUMINA	data/SH03096.R1.fq.gz	data/SH03096.R2.fq.gz
SH03097	ILLUMINA	data/SH03097.R1.fq.gz	data/SH03097.R2.fq.gz
SH03098	ILLUMINA	data/SH03098.R1.fq.gz	data/SH03098.R2.fq.gz
SH03099	ILLUMINA	data/SH03099.R1.fq.gz	data/SH03099.R2.fq.gz
SH03100	ILLUMINA	data/SH03100.R1.fq.gz	data/SH03100.R2.fq.gz
SH03102	ILLUMINA	data/SH03102.R1.fq.gz	data/SH03102.R2.fq.gz
SH03103	ILLUMINA	data/SH03103.R1.fq.gz	data/SH03103.R2.fq.gz
SH03104	ILLUMINA	data/SH03104.R1.fq.gz	data/SH03104.R2.fq.gz
SH03105	ILLUMINA	data/SH03105.R1.fq.gz	data/SH03105.R2.fq.gz
SH03106	ILLUMINA	data/SH03106.R1.fq.gz	data/SH03106.R2.fq.gz
SH03107	ILLUMINA	data/SH03107.R1.fq.gz	data/SH03107.R2.fq.gz
SH03108	ILLUMINA	data/SH03108.R1.fq.gz	data/SH03108.R2.fq.gz
SH03109	ILLUMINA	data/SH03109.R1.fq.gz	data/SH03109.R2.fq.gz
SH03110	ILLUMINA	data/SH03110.R1.fq.gz	data/SH03110.R2.fq.gz
SH03111	ILLUMINA	data/SH03111.R1.fq.gz	data/SH03111.R2.fq.gz
SH03112	ILLUMINA	data/SH03112.R1.fq.gz	data/SH03112.R2.fq.gz
SH03113	ILLUMINA	data/SH03113.R1.fq.gz	data/SH03113.R2.fq.gz
SH03114	ILLUMINA	data/SH03114.R1.fq.gz	data/SH03114.R2.fq.gz
SH03115	ILLUMINA	data/SH03115.R1.fq.gz	data/SH03115.R2.fq.gz
SH03116	ILLUMINA	data/SH03116.R1.fq.gz	data/SH03116.R2.fq.gz
SH03117	ILLUMINA	data/SH03117.R1.fq.gz	data/SH03117.R2.fq.gz
SH03118	ILLUMINA	data/SH03118.R1.fq.gz	data/SH03118.R2.fq.gz
SH03119	ILLUMINA	data/SH03119.R1.fq.gz	data/SH03119.R2.fq.gz
SH03121	ILLUMINA	data/SH03121.R1.fq.gz	data/SH03121.R2.fq.gz
SH03122	ILLUMINA	data/SH03122.R1.fq.gz	data/SH03122.R2.fq.gz
SH03123	ILLUMINA	data/SH03123.R1.fq.gz	data/SH03123.R2.fq.gz
SH03124	ILLUMINA	data/SH03124.R1.fq.gz	data/SH03124.R2.fq.gz
SH03125	ILLUMINA	data/SH03125.R1.fq.gz	data/SH03125.R2.fq.gz
SH03126	ILLUMINA	data/SH03126.R1.fq.gz	data/SH03126.R2.fq.gz
SH03127	ILLUMINA	data/SH03127.R1.fq.gz	data/SH03127.R2.fq.gz
SH03130	ILLUMINA	data/SH03130.R1.fq.gz	data/SH03130.R2.fq.gz
SH03132	ILLUMINA	data/SH03132.R1.fq.gz	data/SH03132.R2.fq.gz
SH03133	ILLUMINA	data/SH03133.R1.fq.gz	data/SH03133.R2.fq.gz
SH03134	ILLUMINA	data/SH03134.R1.fq.gz	data/SH03134.R2.fq.gz
SH03135	ILLUMINA	data/SH03135.R1.fq.gz	data/SH03135.R2.fq.gz
SH03136	ILLUMINA	data/SH03136.R1.fq.gz	data/SH03136.R2.fq.gz
SH03137	ILLUMINA	data/SH03137.R1.fq.gz	data/SH03137.R2.fq.gz
SH03138	ILLUMINA	data/SH03138.R1.fq.gz	data/SH03138.R2.fq.gz
SH03140	ILLUMINA	data/SH03140.R1.fq.gz	data/SH03140.R2.fq.gz
SH03142	ILLUMINA	data/SH03142.R1.fq.gz	data/SH03142.R2.fq.gz
SH03143	ILLUMINA	data/SH03143.R1.fq.gz	data/SH03143.R2.fq.gz
SH03144	ILLUMINA	data/SH03144.R1.fq.gz	data/SH03144.R2.fq.gz
SH03145	ILLUMINA	data/SH03145.R1.fq.gz	data/SH03145.R2.fq.gz
SH03146	ILLUMINA	data/SH03146.R1.fq.gz	data/SH03146.R2.fq.gz
SH03147	ILLUMINA	data/SH03147.R1.fq.gz	data/SH03147.R2.fq.gz
SH03148	ILLUMINA	data/SH03148.R1.fq.gz	data/SH03148.R2.fq.gz
SH03150	ILLUMINA	data/SH03150.R1.fq.gz	data/SH03150.R2.fq.gz
SH03151	ILLUMINA	data/SH03151.R1.fq.gz	data/SH03151.R2.fq.gz
SH03152	ILLUMINA	data/SH03152.R1.fq.gz	data/SH03152.R2.fq.gz
SH03153	ILLUMINA	data/SH03153.R1.fq.gz	data/SH03153.R2.fq.gz
SH03154	ILLUMINA	data/SH03154.R1.fq.gz	data/SH03154.R2.fq.gz
SH03155	ILLUMINA	data/SH03155.R1.fq.gz	data/SH03155.R2.fq.gz
SH03156	ILLUMINA	data/SH03156.R1.fq.gz	data/SH03156.R2.fq.gz
SH03157	ILLUMINA	data/SH03157.R1.fq.gz	data/SH03157.R2.fq.gz
SH03158	ILLUMINA	data/SH03158.R1.fq.gz	data/SH03158.R2.fq.gz
SH03159	ILLUMINA	data/SH03159.R1.fq.gz	data/SH03159.R2.fq.gz
SH03160	ILLUMINA	data/SH03160.R1.fq.gz	data/SH03160.R2.fq.gz
SH03161	ILLUMINA	data/SH03161.R1.fq.gz	data/SH03161.R2.fq.gz
SH03162	ILLUMINA	data/SH03162.R1.fq.gz	data/SH03162.R2.fq.gz
SH03163	ILLUMINA	data/SH03163.R1.fq.gz	data/SH03163.R2.fq.gz
SH03164	ILLUMINA	data/SH03164.R1.fq.gz	data/SH03164.R2.fq.gz
SH03165	ILLUMINA	data/SH03165.R1.fq.gz	data/SH03165.R2.fq.gz
SH03166	ILLUMINA	data/SH03166.R1.fq.gz	data/SH03166.R2.fq.gz
SH03167	ILLUMINA	data/SH03167.R1.fq.gz	data/SH03167.R2.fq.gz
SH03168	ILLUMINA	data/SH03168.R1.fq.gz	data/SH03168.R2.fq.gz
SH03169	ILLUMINA	data/SH03169.R1.fq.gz	data/SH03169.R2.fq.gz
SH03170	ILLUMINA	data/SH03170.R1.fq.gz	data/SH03170.R2.fq.gz
SH03171	ILLUMINA	data/SH03171.R1.fq.gz	data/SH03171.R2.fq.gz
SH03172	ILLUMINA	data/SH03172.R1.fq.gz	data/SH03172.R2.fq.gz
SH03173	ILLUMINA	data/SH03173.R1.fq.gz	data/SH03173.R2.fq.gz
SH03174	ILLUMINA	data/SH03174.R1.fq.gz	data/SH03174.R2.fq.gz
SH03175	ILLUMINA	data/SH03175.R1.fq.gz	data/SH03175.R2.fq.gz
SH03176	ILLUMINA	data/SH03176.R1.fq.gz	data/SH03176.R2.fq.gz
SH03177	ILLUMINA	data/SH03177.R1.fq.gz	data/SH03177.R2.fq.gz
SH03178	ILLUMINA	data/SH03178.R1.fq.gz	data/SH03178.R2.fq.gz
SH03179	ILLUMINA	data/SH03179.R1.fq.gz	data/SH03179.R2.fq.gz
SH03180	ILLUMINA	data/SH03180.R1.fq.gz	data/SH03180.R2.fq.gz
SH14465	ILLUMINA	data/SH14465.R1.fq.gz	data/SH14465.R2.fq.gz
SH14466	ILLUMINA	data/SH14466.R1.fq.gz	data/SH14466.R2.fq.gz
SH14467	ILLUMINA	data/SH14467.R1.fq.gz	data/SH14467.R2.fq.gz
SH14468	ILLUMINA	data/SH14468.R1.fq.gz	data/SH14468.R2.fq.gz
SH14469	ILLUMINA	data/SH14469.R1.fq.gz	data/SH14469.R2.fq.gz
SH14470	ILLUMINA	data/SH14470.R1.fq.gz	data/SH14470.R2.fq.gz
SH14471	ILLUMINA	data/SH14471.R1.fq.gz	data/SH14471.R2.fq.gz
SH14472	ILLUMINA	data/SH14472.R1.fq.gz	data/SH14472.R2.fq.gz
SH14473	ILLUMINA	data/SH14473.R1.fq.gz	data/SH14473.R2.fq.gz
SH14474	ILLUMINA	data/SH14474.R1.fq.gz	data/SH14474.R2.fq.gz
SH14475	ILLUMINA	data/SH14475.R1.fq.gz	data/SH14475.R2.fq.gz
SH14476	ILLUMINA	data/SH14476.R1.fq.gz	data/SH14476.R2.fq.gz
SH14477	ILLUMINA	data/SH14477.R1.fq.gz	data/SH14477.R2.fq.gz
SH14478	ILLUMINA	data/SH14478.R1.fq.gz	data/SH14478.R2.fq.gz
SH14479	ILLUMINA	data/SH14479.R1.fq.gz	data/SH14479.R2.fq.gz
SH14480	ILLUMINA	data/SH14480.R1.fq.gz	data/SH14480.R2.fq.gz
SH14481	ILLUMINA	data/SH14481.R1.fq.gz	data/SH14481.R2.fq.gz
SH14482	ILLUMINA	data/SH14482.R1.fq.gz	data/SH14482.R2.fq.gz
SH14483	ILLUMINA	data/SH14483.R1.fq.gz	data/SH14483.R2.fq.gz
SH14484	ILLUMINA	data/SH14484.R1.fq.gz	data/SH14484.R2.fq.gz
SH14485	ILLUMINA	data/SH14485.R1.fq.gz	data/SH14485.R2.fq.gz
SH14486	ILLUMINA	data/SH14486.R1.fq.gz	data/SH14486.R2.fq.gz
SH14487	ILLUMINA	data/SH14487.R1.fq.gz	data/SH14487.R2.fq.gz
SH14488	ILLUMINA	data/SH14488.R1.fq.gz	data/SH14488.R2.fq.gz
SH14489	ILLUMINA	data/SH14489.R1.fq.gz	data/SH14489.R2.fq.gz
SH14490	ILLUMINA	data/SH14490.R1.fq.gz	data/SH14490.R2.fq.gz
SH14491	ILLUMINA	data/SH14491.R1.fq.gz	data/SH14491.R2.fq.gz
SH14492	ILLUMINA	data/SH14492.R1.fq.gz	data/SH14492.R2.fq.gz
SH14493	ILLUMINA	data/SH14493.R1.fq.gz	data/SH14493.R2.fq.gz
SH14494	ILLUMINA	data/SH14494.R1.fq.gz	data/SH14494.R2.fq.gz
SH14495	ILLUMINA	data/SH14495.R1.fq.gz	data/SH14495.R2.fq.gz
SH14496	ILLUMINA	data/SH14496.R1.fq.gz	data/SH14496.R2.fq.gz
SH14497	ILLUMINA	data/SH14497.R1.fq.gz	data/SH14497.R2.fq.gz
SH14498	ILLUMINA	data/SH14498.R1.fq.gz	data/SH14498.R2.fq.gz
SH14499	ILLUMINA	data/SH14499.R1.fq.gz	data/SH14499.R2.fq.gz
SH14500	ILLUMINA	data/SH14500.R1.fq.gz	data/SH14500.R2.fq.gz
SH14501	ILLUMINA	data/SH14501.R1.fq.gz	data/SH14501.R2.fq.gz
SH14502	ILLUMINA	data/SH14502.R1.fq.gz	data/SH14502.R2.fq.gz
SH14503	ILLUMINA	data/SH14503.R1.fq.gz	data/SH14503.R2.fq.gz
SH14504	ILLUMINA	data/SH14504.R1.fq.gz	data/SH14504.R2.fq.gz
SH14506	ILLUMINA	data/SH14506.R1.fq.gz	data/SH14506.R2.fq.gz
SH14508	ILLUMINA	data/SH14508.R1.fq.gz	data/SH14508.R2.fq.gz
SH14509	ILLUMINA	data/SH14509.R1.fq.gz	data/SH14509.R2.fq.gz
SH14510	ILLUMINA	data/SH14510.R1.fq.gz	data/SH14510.R2.fq.gz
SH14511	ILLUMINA	data/SH14511.R1.fq.gz	data/SH14511.R2.fq.gz
SH14513	ILLUMINA	data/SH14513.R1.fq.gz	data/SH14513.R2.fq.gz
SH14514	ILLUMINA	data/SH14514.R1.fq.gz	data/SH14514.R2.fq.gz
SH14515	ILLUMINA	data/SH14515.R1.fq.gz	data/SH14515.R2.fq.gz
SH14517	ILLUMINA	data/SH14517.R1.fq.gz	data/SH14517.R2.fq.gz
SH14518	ILLUMINA	data/SH14518.R1.fq.gz	data/SH14518.R2.fq.gz
SH14519	ILLUMINA	data/SH14519.R1.fq.gz	data/SH14519.R2.fq.gz
SH14520	ILLUMINA	data/SH14520.R1.fq.gz	data/SH14520.R2.fq.gz
SH14521	ILLUMINA	data/SH14521.R1.fq.gz	data/SH14521.R2.fq.gz
SH14522	ILLUMINA	data/SH14522.R1.fq.gz	data/SH14522.R2.fq.gz
SH14523	ILLUMINA	data/SH14523.R1.fq.gz	data/SH14523.R2.fq.gz
SH14524	ILLUMINA	data/SH14524.R1.fq.gz	data/SH14524.R2.fq.gz
SH14525	ILLUMINA	data/SH14525.R1.fq.gz	data/SH14525.R2.fq.gz
SH14526	ILLUMINA	data/SH14526.R1.fq.gz	data/SH14526.R2.fq.gz
SH14527	ILLUMINA	data/SH14527.R1.fq.gz	data/SH14527.R2.fq.gz
SH14528	ILLUMINA	data/SH14528.R1.fq.gz	data/SH14528.R2.fq.gz
SH14529	ILLUMINA	data/SH14529.R1.fq.gz	data/SH14529.R2.fq.gz
SH14530	ILLUMINA	data/SH14530.R1.fq.gz	data/SH14530.R2.fq.gz
SH14531	ILLUMINA	data/SH14531.R1.fq.gz	data/SH14531.R2.fq.gz
SH14532	ILLUMINA	data/SH14532.R1.fq.gz	data/SH14532.R2.fq.gz
SH14533	ILLUMINA	data/SH14533.R1.fq.gz	data/SH14533.R2.fq.gz
SH14534	ILLUMINA	data/SH14534.R1.fq.gz	data/SH14534.R2.fq.gz
SH14535	ILLUMINA	data/SH14535.R1.fq.gz	data/SH14535.R2.fq.gz
SH14536	ILLUMINA	data/SH14536.R1.fq.gz	data/SH14536.R2.fq.gz
SH14537	ILLUMINA	data/SH14537.R1.fq.gz	data/SH14537.R2.fq.gz
SH14538	ILLUMINA	data/SH14538.R1.fq.gz	data/SH14538.R2.fq.gz
SH14539	ILLUMINA	data/SH14539.R1.fq.gz	data/SH14539.R2.fq.gz
SH14540	ILLUMINA	data/SH14540.R1.fq.gz	data/SH14540.R2.fq.gz
SH14541	ILLUMINA	data/SH14541.R1.fq.gz	data/SH14541.R2.fq.gz
SH14542	ILLUMINA	data/SH14542.R1.fq.gz	data/SH14542.R2.fq.gz
SH14543	ILLUMINA	data/SH14543.R1.fq.gz	data/SH14543.R2.fq.gz
SH14544	ILLUMINA	data/SH14544.R1.fq.gz	data/SH14544.R2.fq.gz
SH14545	ILLUMINA	data/SH14545.R1.fq.gz	data/SH14545.R2.fq.gz
SH14546	ILLUMINA	data/SH14546.R1.fq.gz	data/SH14546.R2.fq.gz
SH14548	ILLUMINA	data/SH14548.R1.fq.gz	data/SH14548.R2.fq.gz
SH14561	ILLUMINA	data/SH14561.R1.fq.gz	data/SH14561.R2.fq.gz
SH14562	ILLUMINA	data/SH14562.R1.fq.gz	data/SH14562.R2.fq.gz
SH14563	ILLUMINA	data/SH14563.R1.fq.gz	data/SH14563.R2.fq.gz
SH14564	ILLUMINA	data/SH14564.R1.fq.gz	data/SH14564.R2.fq.gz
SH14565	ILLUMINA	data/SH14565.R1.fq.gz	data/SH14565.R2.fq.gz
SH14566	ILLUMINA	data/SH14566.R1.fq.gz	data/SH14566.R2.fq.gz
SH14567	ILLUMINA	data/SH14567.R1.fq.gz	data/SH14567.R2.fq.gz
SH14568	ILLUMINA	data/SH14568.R1.fq.gz	data/SH14568.R2.fq.gz
SH14569	ILLUMINA	data/SH14569.R1.fq.gz	data/SH14569.R2.fq.gz
SH14572	ILLUMINA	data/SH14572.R1.fq.gz	data/SH14572.R2.fq.gz
SH14573	ILLUMINA	data/SH14573.R1.fq.gz	data/SH14573.R2.fq.gz
SH14574	ILLUMINA	data/SH14574.R1.fq.gz	data/SH14574.R2.fq.gz
SH14575	ILLUMINA	data/SH14575.R1.fq.gz	data/SH14575.R2.fq.gz
SH14576	ILLUMINA	data/SH14576.R1.fq.gz	data/SH14576.R2.fq.gz
SH14578	ILLUMINA	data/SH14578.R1.fq.gz	data/SH14578.R2.fq.gz
SH14579	ILLUMINA	data/SH14579.R1.fq.gz	data/SH14579.R2.fq.gz
SH14580	ILLUMINA	data/SH14580.R1.fq.gz	data/SH14580.R2.fq.gz
SH14581	ILLUMINA	data/SH14581.R1.fq.gz	data/SH14581.R2.fq.gz
SH14582	ILLUMINA	data/SH14582.R1.fq.gz	data/SH14582.R2.fq.gz
SH14583	ILLUMINA	data/SH14583.R1.fq.gz	data/SH14583.R2.fq.gz
SH14584	ILLUMINA	data/SH14584.R1.fq.gz	data/SH14584.R2.fq.gz
SH14585	ILLUMINA	data/SH14585.R1.fq.gz	data/SH14585.R2.fq.gz
SH14586	ILLUMINA	data/SH14586.R1.fq.gz	data/SH14586.R2.fq.gz
SH14587	ILLUMINA	data/SH14587.R1.fq.gz	data/SH14587.R2.fq.gz
SH14588	ILLUMINA	data/SH14588.R1.fq.gz	data/SH14588.R2.fq.gz
SH14589	ILLUMINA	data/SH14589.R1.fq.gz	data/SH14589.R2.fq.gz
SH14590	ILLUMINA	data/SH14590.R1.fq.gz	data/SH14590.R2.fq.gz
SH14591	ILLUMINA	data/SH14591.R1.fq.gz	data/SH14591.R2.fq.gz
SH14592	ILLUMINA	data/SH14592.R1.fq.gz	data/SH14592.R2.fq.gz
SH14593	ILLUMINA	data/SH14593.R1.fq.gz	data/SH14593.R2.fq.gz
SH14594	ILLUMINA	data/SH14594.R1.fq.gz	data/SH14594.R2.fq.gz
SH14595	ILLUMINA	data/SH14595.R1.fq.gz	data/SH14595.R2.fq.gz
SH14596	ILLUMINA	data/SH14596.R1.fq.gz	data/SH14596.R2.fq.gz
SH14597	ILLUMINA	data/SH14597.R1.fq.gz	data/SH14597.R2.fq.gz
SH14598	ILLUMINA	data/SH14598.R1.fq.gz	data/SH14598.R2.fq.gz
SH14599	ILLUMINA	data/SH14599.R1.fq.gz	data/SH14599.R2.fq.gz
SH14600	ILLUMINA	data/SH14600.R1.fq.gz	data/SH14600.R2.fq.gz
SH14601	ILLUMINA	data/SH14601.R1.fq.gz	data/SH14601.R2.fq.gz
SH14602	ILLUMINA	data/SH14602.R1.fq.gz	data/SH14602.R2.fq.gz
SH14603	ILLUMINA	data/SH14603.R1.fq.gz	data/SH14603.R2.fq.gz
SH14604	ILLUMINA	data/SH14604.R1.fq.gz	data/SH14604.R2.fq.gz
SH14605	ILLUMINA	data/SH14605.R1.fq.gz	data/SH14605.R2.fq.gz
SH14606	ILLUMINA	data/SH14606.R1.fq.gz	data/SH14606.R2.fq.gz
SH14607	ILLUMINA	data/SH14607.R1.fq.gz	data/SH14607.R2.fq.gz
SH14608	ILLUMINA	data/SH14608.R1.fq.gz	data/SH14608.R2.fq.gz
SH14609	ILLUMINA	data/SH14609.R1.fq.gz	data/SH14609.R2.fq.gz
SH14610	ILLUMINA	data/SH14610.R1.fq.gz	data/SH14610.R2.fq.gz
SH14611	ILLUMINA	data/SH14611.R1.fq.gz	data/SH14611.R2.fq.gz
SH14612	ILLUMINA	data/SH14612.R1.fq.gz	data/SH14612.R2.fq.gz
SH14613	ILLUMINA	data/SH14613.R1.fq.gz	data/SH14613.R2.fq.gz
SH14614	ILLUMINA	data/SH14614.R1.fq.gz	data/SH14614.R2.fq.gz
SH14615	ILLUMINA	data/SH14615.R1.fq.gz	data/SH14615.R2.fq.gz
SH14616	ILLUMINA	data/SH14616.R1.fq.gz	data/SH14616.R2.fq.gz
SH14617	ILLUMINA	data/SH14617.R1.fq.gz	data/SH14617.R2.fq.gz
SH14618	ILLUMINA	data/SH14618.R1.fq.gz	data/SH14618.R2.fq.gz
SH14619	ILLUMINA	data/SH14619.R1.fq.gz	data/SH14619.R2.fq.gz
SH14620	ILLUMINA	data/SH14620.R1.fq.gz	data/SH14620.R2.fq.gz
SH14621	ILLUMINA	data/SH14621.R1.fq.gz	data/SH14621.R2.fq.gz
SH14622	ILLUMINA	data/SH14622.R1.fq.gz	data/SH14622.R2.fq.gz
SH14623	ILLUMINA	data/SH14623.R1.fq.gz	data/SH14623.R2.fq.gz
SH14624	ILLUMINA	data/SH14624.R1.fq.gz	data/SH14624.R2.fq.gz
SH14625	ILLUMINA	data/SH14625.R1.fq.gz	data/SH14625.R2.fq.gz
SH14626	ILLUMINA	data/SH14626.R1.fq.gz	data/SH14626.R2.fq.gz
SH14627	ILLUMINA	data/SH14627.R1.fq.gz	data/SH14627.R2.fq.gz
SH14628	ILLUMINA	data/SH14628.R1.fq.gz	data/SH14628.R2.fq.gz
SH14630	ILLUMINA	data/SH14630.R1.fq.gz	data/SH14630.R2.fq.gz
SH14632	ILLUMINA	data/SH14632.R1.fq.gz	data/SH14632.R2.fq.gz
SH14633	ILLUMINA	data/SH14633.R1.fq.gz	data/SH14633.R2.fq.gz
SH14634	ILLUMINA	data/SH14634.R1.fq.gz	data/SH14634.R2.fq.gz
SH14635	ILLUMINA	data/SH14635.R1.fq.gz	data/SH14635.R2.fq.gz
SH14636	ILLUMINA	data/SH14636.R1.fq.gz	data/SH14636.R2.fq.gz
SH14637	ILLUMINA	data/SH14637.R1.fq.gz	data/SH14637.R2.fq.gz
SH14638	ILLUMINA	data/SH14638.R1.fq.gz	data/SH14638.R2.fq.gz
SH14639	ILLUMINA	data/SH14639.R1.fq.gz	data/SH14639.R2.fq.gz
SH14640	ILLUMINA	data/SH14640.R1.fq.gz	data/SH14640.R2.fq.gz
SH14641	ILLUMINA	data/SH14641.R1.fq.gz	data/SH14641.R2.fq.gz
SH14642	ILLUMINA	data/SH14642.R1.fq.gz	data/SH14642.R2.fq.gz
SH14643	ILLUMINA	data/SH14643.R1.fq.gz	data/SH14643.R2.fq.gz
SH14644	ILLUMINA	data/SH14644.R1.fq.gz	data/SH14644.R2.fq.gz
SH14645	ILLUMINA	data/SH14645.R1.fq.gz	data/SH14645.R2.fq.gz
SH14646	ILLUMINA	data/SH14646.R1.fq.gz	data/SH14646.R2.fq.gz
SH14647	ILLUMINA	data/SH14647.R1.fq.gz	data/SH14647.R2.fq.gz
SH14648	ILLUMINA	data/SH14648.R1.fq.gz	data/SH14648.R2.fq.gz
SH14649	ILLUMINA	data/SH14649.R1.fq.gz	data/SH14649.R2.fq.gz
SH14650	ILLUMINA	data/SH14650.R1.fq.gz	data/SH14650.R2.fq.gz
SH14651	ILLUMINA	data/SH14651.R1.fq.gz	data/SH14651.R2.fq.gz
SH14653	ILLUMINA	data/SH14653.R1.fq.gz	data/SH14653.R2.fq.gz
SH14654	ILLUMINA	data/SH14654.R1.fq.gz	data/SH14654.R2.fq.gz
SH14655	ILLUMINA	data/SH14655.R1.fq.gz	data/SH14655.R2.fq.gz
SH14656	ILLUMINA	data/SH14656.R1.fq.gz	data/SH14656.R2.fq.gz
SH14657	ILLUMINA	data/SH14657.R1.fq.gz	data/SH14657.R2.fq.gz
SH14658	ILLUMINA	data/SH14658.R1.fq.gz	data/SH14658.R2.fq.gz
SH14659	ILLUMINA	data/SH14659.R1.fq.gz	data/SH14659.R2.fq.gz
SH14660	ILLUMINA	data/SH14660.R1.fq.gz	data/SH14660.R2.fq.gz
SH14661	ILLUMINA	data/SH14661.R1.fq.gz	data/SH14661.R2.fq.gz
SH14662	ILLUMINA	data/SH14662.R1.fq.gz	data/SH14662.R2.fq.gz
SH14663	ILLUMINA	data/SH14663.R1.fq.gz	data/SH14663.R2.fq.gz
SH14664	ILLUMINA	data/SH14664.R1.fq.gz	data/SH14664.R2.fq.gz
SH14665	ILLUMINA	data/SH14665.R1.fq.gz	data/SH14665.R2.fq.gz
SH14666	ILLUMINA	data/SH14666.R1.fq.gz	data/SH14666.R2.fq.gz
SH14667	ILLUMINA	data/SH14667.R1.fq.gz	data/SH14667.R2.fq.gz
SH14668	ILLUMINA	data/SH14668.R1.fq.gz	data/SH14668.R2.fq.gz
SH14669	ILLUMINA	data/SH14669.R1.fq.gz	data/SH14669.R2.fq.gz
SH14670	ILLUMINA	data/SH14670.R1.fq.gz	data/SH14670.R2.fq.gz
SH14671	ILLUMINA	data/SH14671.R1.fq.gz	data/SH14671.R2.fq.gz
SH14672	ILLUMINA	data/SH14672.R1.fq.gz	data/SH14672.R2.fq.gz
SH14673	ILLUMINA	data/SH14673.R1.fq.gz	data/SH14673.R2.fq.gz
SH14674	ILLUMINA	data/SH14674.R1.fq.gz	data/SH14674.R2.fq.gz
SH14675	ILLUMINA	data/SH14675.R1.fq.gz	data/SH14675.R2.fq.gz
SH14676	ILLUMINA	data/SH14676.R1.fq.gz	data/SH14676.R2.fq.gz
SH14677	ILLUMINA	data/SH14677.R1.fq.gz	data/SH14677.R2.fq.gz
SH14678	ILLUMINA	data/SH14678.R1.fq.gz	data/SH14678.R2.fq.gz
SH14679	ILLUMINA	data/SH14679.R1.fq.gz	data/SH14679.R2.fq.gz
SH14680	ILLUMINA	data/SH14680.R1.fq.gz	data/SH14680.R2.fq.gz
SH14681	ILLUMINA	data/SH14681.R1.fq.gz	data/SH14681.R2.fq.gz
SH14682	ILLUMINA	data/SH14682.R1.fq.gz	data/SH14682.R2.fq.gz
SH14683	ILLUMINA	data/SH14683.R1.fq.gz	data/SH14683.R2.fq.gz
SH14684	ILLUMINA	data/SH14684.R1.fq.gz	data/SH14684.R2.fq.gz
SH14685	ILLUMINA	data/SH14685.R1.fq.gz	data/SH14685.R2.fq.gz
SH14686	ILLUMINA	data/SH14686.R1.fq.gz	data/SH14686.R2.fq.gz
SH14687	ILLUMINA	data/SH14687.R1.fq.gz	data/SH14687.R2.fq.gz
SH14688	ILLUMINA	data/SH14688.R1.fq.gz	data/SH14688.R2.fq.gz
SH14690	ILLUMINA	data/SH14690.R1.fq.gz	data/SH14690.R2.fq.gz
SH14691	ILLUMINA	data/SH14691.R1.fq.gz	data/SH14691.R2.fq.gz
SH14692	ILLUMINA	data/SH14692.R1.fq.gz	data/SH14692.R2.fq.gz
SH14693	ILLUMINA	data/SH14693.R1.fq.gz	data/SH14693.R2.fq.gz
SH14695	ILLUMINA	data/SH14695.R1.fq.gz	data/SH14695.R2.fq.gz
SH14696	ILLUMINA	data/SH14696.R1.fq.gz	data/SH14696.R2.fq.gz
SH14697	ILLUMINA	data/SH14697.R1.fq.gz	data/SH14697.R2.fq.gz
SH14699	ILLUMINA	data/SH14699.R1.fq.gz	data/SH14699.R2.fq.gz
SH14700	ILLUMINA	data/SH14700.R1.fq.gz	data/SH14700.R2.fq.gz
SH14701	ILLUMINA	data/SH14701.R1.fq.gz	data/SH14701.R2.fq.gz
SH14702	ILLUMINA	data/SH14702.R1.fq.gz	data/SH14702.R2.fq.gz
SH14704	ILLUMINA	data/SH14704.R1.fq.gz	data/SH14704.R2.fq.gz
SH14705	ILLUMINA	data/SH14705.R1.fq.gz	data/SH14705.R2.fq.gz
SH14706	ILLUMINA	data/SH14706.R1.fq.gz	data/SH14706.R2.fq.gz
SH14707	ILLUMINA	data/SH14707.R1.fq.gz	data/SH14707.R2.fq.gz
SH14708	ILLUMINA	data/SH14708.R1.fq.gz	data/SH14708.R2.fq.gz
SH14709	ILLUMINA	data/SH14709.R1.fq.gz	data/SH14709.R2.fq.gz
SH14710	ILLUMINA	data/SH14710.R1.fq.gz	data/SH14710.R2.fq.gz
SH14711	ILLUMINA	data/SH14711.R1.fq.gz	data/SH14711.R2.fq.gz
SH14712	ILLUMINA	data/SH14712.R1.fq.gz	data/SH14712.R2.fq.gz
SH14713	ILLUMINA	data/SH14713.R1.fq.gz	data/SH14713.R2.fq.gz
SH14714	ILLUMINA	data/SH14714.R1.fq.gz	data/SH14714.R2.fq.gz
SH14716	ILLUMINA	data/SH14716.R1.fq.gz	data/SH14716.R2.fq.gz
SH14717	ILLUMINA	data/SH14717.R1.fq.gz	data/SH14717.R2.fq.gz
SH14718	ILLUMINA	data/SH14718.R1.fq.gz	data/SH14718.R2.fq.gz
SH14720	ILLUMINA	data/SH14720.R1.fq.gz	data/SH14720.R2.fq.gz
SH14721	ILLUMINA	data/SH14721.R1.fq.gz	data/SH14721.R2.fq.gz
SH14722	ILLUMINA	data/SH14722.R1.fq.gz	data/SH14722.R2.fq.gz
SH14723	ILLUMINA	data/SH14723.R1.fq.gz	data/SH14723.R2.fq.gz
SH14724	ILLUMINA	data/SH14724.R1.fq.gz	data/SH14724.R2.fq.gz
SH14725	ILLUMINA	data/SH14725.R1.fq.gz	data/SH14725.R2.fq.gz
SH14726	ILLUMINA	data/SH14726.R1.fq.gz	data/SH14726.R2.fq.gz
SH14728	ILLUMINA	data/SH14728.R1.fq.gz	data/SH14728.R2.fq.gz
SH14729	ILLUMINA	data/SH14729.R1.fq.gz	data/SH14729.R2.fq.gz
SH14730	ILLUMINA	data/SH14730.R1.fq.gz	data/SH14730.R2.fq.gz
SH14731	ILLUMINA	data/SH14731.R1.fq.gz	data/SH14731.R2.fq.gz
SH14732	ILLUMINA	data/SH14732.R1.fq.gz	data/SH14732.R2.fq.gz
SH14733	ILLUMINA	data/SH14733.R1.fq.gz	data/SH14733.R2.fq.gz
SH14734	ILLUMINA	data/SH14734.R1.fq.gz	data/SH14734.R2.fq.gz
SH14735	ILLUMINA	data/SH14735.R1.fq.gz	data/SH14735.R2.fq.gz
SH14736	ILLUMINA	data/SH14736.R1.fq.gz	data/SH14736.R2.fq.gz
SH14737	ILLUMINA	data/SH14737.R1.fq.gz	data/SH14737.R2.fq.gz
SH14738	ILLUMINA	data/SH14738.R1.fq.gz	data/SH14738.R2.fq.gz
SH14739	ILLUMINA	data/SH14739.R1.fq.gz	data/SH14739.R2.fq.gz
SH14740	ILLUMINA	data/SH14740.R1.fq.gz	data/SH14740.R2.fq.gz
SH14741	ILLUMINA	data/SH14741.R1.fq.gz	data/SH14741.R2.fq.gz
SH14743	ILLUMINA	data/SH14743.R1.fq.gz	data/SH14743.R2.fq.gz
SH14744	ILLUMINA	data/SH14744.R1.fq.gz	data/SH14744.R2.fq.gz
SH14745	ILLUMINA	data/SH14745.R1.fq.gz	data/SH14745.R2.fq.gz
SH14746	ILLUMINA	data/SH14746.R1.fq.gz	data/SH14746.R2.fq.gz
SH14747	ILLUMINA	data/SH14747.R1.fq.gz	data/SH14747.R2.fq.gz
SH14749	ILLUMINA	data/SH14749.R1.fq.gz	data/SH14749.R2.fq.gz
SH14750	ILLUMINA	data/SH14750.R1.fq.gz	data/SH14750.R2.fq.gz
SH14751	ILLUMINA	data/SH14751.R1.fq.gz	data/SH14751.R2.fq.gz
SH14752	ILLUMINA	data/SH14752.R1.fq.gz	data/SH14752.R2.fq.gz
SH14753	ILLUMINA	data/SH14753.R1.fq.gz	data/SH14753.R2.fq.gz
SH14754	ILLUMINA	data/SH14754.R1.fq.gz	data/SH14754.R2.fq.gz
SH14755	ILLUMINA	data/SH14755.R1.fq.gz	data/SH14755.R2.fq.gz
SH14756	ILLUMINA	data/SH14756.R1.fq.gz	data/SH14756.R2.fq.gz
SH14757	ILLUMINA	data/SH14757.R1.fq.gz	data/SH14757.R2.fq.gz
SH14758	ILLUMINA	data/SH14758.R1.fq.gz	data/SH14758.R2.fq.gz
SH14759	ILLUMINA	data/SH14759.R1.fq.gz	data/SH14759.R2.fq.gz
SH14760	ILLUMINA	data/SH14760.R1.fq.gz	data/SH14760.R2.fq.gz
SH14761	ILLUMINA	data/SH14761.R1.fq.gz	data/SH14761.R2.fq.gz
SH14762	ILLUMINA	data/SH14762.R1.fq.gz	data/SH14762.R2.fq.gz
SH14763	ILLUMINA	data/SH14763.R1.fq.gz	data/SH14763.R2.fq.gz
SH14764	ILLUMINA	data/SH14764.R1.fq.gz	data/SH14764.R2.fq.gz
SH14765	ILLUMINA	data/SH14765.R1.fq.gz	data/SH14765.R2.fq.gz
SH14766	ILLUMINA	data/SH14766.R1.fq.gz	data/SH14766.R2.fq.gz
SH14767	ILLUMINA	data/SH14767.R1.fq.gz	data/SH14767.R2.fq.gz
SH14768	ILLUMINA	data/SH14768.R1.fq.gz	data/SH14768.R2.fq.gz
SH14769	ILLUMINA	data/SH14769.R1.fq.gz	data/SH14769.R2.fq.gz
SH14770	ILLUMINA	data/SH14770.R1.fq.gz	data/SH14770.R2.fq.gz
SH14771	ILLUMINA	data/SH14771.R1.fq.gz	data/SH14771.R2.fq.gz
SH14772	ILLUMINA	data/SH14772.R1.fq.gz	data/SH14772.R2.fq.gz
SH14773	ILLUMINA	data/SH14773.R1.fq.gz	data/SH14773.R2.fq.gz
SH14774	ILLUMINA	data/SH14774.R1.fq.gz	data/SH14774.R2.fq.gz
SH14775	ILLUMINA	data/SH14775.R1.fq.gz	data/SH14775.R2.fq.gz
SH14776	ILLUMINA	data/SH14776.R1.fq.gz	data/SH14776.R2.fq.gz
SH14777	ILLUMINA	data/SH14777.R1.fq.gz	data/SH14777.R2.fq.gz
SH14778	ILLUMINA	data/SH14778.R1.fq.gz	data/SH14778.R2.fq.gz
SH14779	ILLUMINA	data/SH14779.R1.fq.gz	data/SH14779.R2.fq.gz
SH14780	ILLUMINA	data/SH14780.R1.fq.gz	data/SH14780.R2.fq.gz
SH14781	ILLUMINA	data/SH14781.R1.fq.gz	data/SH14781.R2.fq.gz
SH14782	ILLUMINA	data/SH14782.R1.fq.gz	data/SH14782.R2.fq.gz
SH14783	ILLUMINA	data/SH14783.R1.fq.gz	data/SH14783.R2.fq.gz
SH14784	ILLUMINA	data/SH14784.R1.fq.gz	data/SH14784.R2.fq.gz
SH14785	ILLUMINA	data/SH14785.R1.fq.gz	data/SH14785.R2.fq.gz
SH14786	ILLUMINA	data/SH14786.R1.fq.gz	data/SH14786.R2.fq.gz
SH14788	ILLUMINA	data/SH14788.R1.fq.gz	data/SH14788.R2.fq.gz
SH14790	ILLUMINA	data/SH14790.R1.fq.gz	data/SH14790.R2.fq.gz
SH14791	ILLUMINA	data/SH14791.R1.fq.gz	data/SH14791.R2.fq.gz
SH14792	ILLUMINA	data/SH14792.R1.fq.gz	data/SH14792.R2.fq.gz
SH14793	ILLUMINA	data/SH14793.R1.fq.gz	data/SH14793.R2.fq.gz
SH14794	ILLUMINA	data/SH14794.R1.fq.gz	data/SH14794.R2.fq.gz
SH14795	ILLUMINA	data/SH14795.R1.fq.gz	data/SH14795.R2.fq.gz
SH14796	ILLUMINA	data/SH14796.R1.fq.gz	data/SH14796.R2.fq.gz
SH14797	ILLUMINA	data/SH14797.R1.fq.gz	data/SH14797.R2.fq.gz
SH14798	ILLUMINA	data/SH14798.R1.fq.gz	data/SH14798.R2.fq.gz
SH14799	ILLUMINA	data/SH14799.R1.fq.gz	data/SH14799.R2.fq.gz
SH14800	ILLUMINA	data/SH14800.R1.fq.gz	data/SH14800.R2.fq.gz
SH14801	ILLUMINA	data/SH14801.R1.fq.gz	data/SH14801.R2.fq.gz
SH14803	ILLUMINA	data/SH14803.R1.fq.gz	data/SH14803.R2.fq.gz
SH14804	ILLUMINA	data/SH14804.R1.fq.gz	data/SH14804.R2.fq.gz
SH14805	ILLUMINA	data/SH14805.R1.fq.gz	data/SH14805.R2.fq.gz
SH14806	ILLUMINA	data/SH14806.R1.fq.gz	data/SH14806.R2.fq.gz
SH14807	ILLUMINA	data/SH14807.R1.fq.gz	data/SH14807.R2.fq.gz
SH14808	ILLUMINA	data/SH14808.R1.fq.gz	data/SH14808.R2.fq.gz
SH14809	ILLUMINA	data/SH14809.R1.fq.gz	data/SH14809.R2.fq.gz
SH14810	ILLUMINA	data/SH14810.R1.fq.gz	data/SH14810.R2.fq.gz
SH14811	ILLUMINA	data/SH14811.R1.fq.gz	data/SH14811.R2.fq.gz
SH14812	ILLUMINA	data/SH14812.R1.fq.gz	data/SH14812.R2.fq.gz
SH14813	ILLUMINA	data/SH14813.R1.fq.gz	data/SH14813.R2.fq.gz
SH14814	ILLUMINA	data/SH14814.R1.fq.gz	data/SH14814.R2.fq.gz
SH14815	ILLUMINA	data/SH14815.R1.fq.gz	data/SH14815.R2.fq.gz
SH14817	ILLUMINA	data/SH14817.R1.fq.gz	data/SH14817.R2.fq.gz
SH14818	ILLUMINA	data/SH14818.R1.fq.gz	data/SH14818.R2.fq.gz
SH14819	ILLUMINA	data/SH14819.R1.fq.gz	data/SH14819.R2.fq.gz
SH14820	ILLUMINA	data/SH14820.R1.fq.gz	data/SH14820.R2.fq.gz
SH14821	ILLUMINA	data/SH14821.R1.fq.gz	data/SH14821.R2.fq.gz
SH14822	ILLUMINA	data/SH14822.R1.fq.gz	data/SH14822.R2.fq.gz
SH14823	ILLUMINA	data/SH14823.R1.fq.gz	data/SH14823.R2.fq.gz
SH14824	ILLUMINA	data/SH14824.R1.fq.gz	data/SH14824.R2.fq.gz
SH14826	ILLUMINA	data/SH14826.R1.fq.gz	data/SH14826.R2.fq.gz
SH14827	ILLUMINA	data/SH14827.R1.fq.gz	data/SH14827.R2.fq.gz
SH14828	ILLUMINA	data/SH14828.R1.fq.gz	data/SH14828.R2.fq.gz
SH14829	ILLUMINA	data/SH14829.R1.fq.gz	data/SH14829.R2.fq.gz
SH14830	ILLUMINA	data/SH14830.R1.fq.gz	data/SH14830.R2.fq.gz
SH14831	ILLUMINA	data/SH14831.R1.fq.gz	data/SH14831.R2.fq.gz
SH14832	ILLUMINA	data/SH14832.R1.fq.gz	data/SH14832.R2.fq.gz
SH14833	ILLUMINA	data/SH14833.R1.fq.gz	data/SH14833.R2.fq.gz
SH14834	ILLUMINA	data/SH14834.R1.fq.gz	data/SH14834.R2.fq.gz
SH14835	ILLUMINA	data/SH14835.R1.fq.gz	data/SH14835.R2.fq.gz
SH14836	ILLUMINA	data/SH14836.R1.fq.gz	data/SH14836.R2.fq.gz
SH14837	ILLUMINA	data/SH14837.R1.fq.gz	data/SH14837.R2.fq.gz
SH14840	ILLUMINA	data/SH14840.R1.fq.gz	data/SH14840.R2.fq.gz
SH14841	ILLUMINA	data/SH14841.R1.fq.gz	data/SH14841.R2.fq.gz
SH14842	ILLUMINA	data/SH14842.R1.fq.gz	data/SH14842.R2.fq.gz
SH14843	ILLUMINA	data/SH14843.R1.fq.gz	data/SH14843.R2.fq.gz
SH14844	ILLUMINA	data/SH14844.R1.fq.gz	data/SH14844.R2.fq.gz
SH14845	ILLUMINA	data/SH14845.R1.fq.gz	data/SH14845.R2.fq.gz
SH14846	ILLUMINA	data/SH14846.R1.fq.gz	data/SH14846.R2.fq.gz
SH14847	ILLUMINA	data/SH14847.R1.fq.gz	data/SH14847.R2.fq.gz
SH14848	ILLUMINA	data/SH14848.R1.fq.gz	data/SH14848.R2.fq.gz
